Is Block Set?,creativeTab,New Block?,Update,Status,Label,Block Name,Source,Author,Block Type,Block Set Name,Notes,,
FALSE,westeros_logs_tab,FALSE,Wood Update,Complete,6-Sided Birch,6sided_birch,Unsure,,solid,,,,old contributors reference
FALSE,westeros_logs_tab,FALSE,Wood Update,Complete,6-Sided Jungle,6sided_jungle,Doku,,solid,,,,# Preamble
FALSE,westeros_logs_tab,FALSE,Wood Update,Complete,6-Sided Oak,6sided_oak,Doku,,solid,,,,
FALSE,westeros_logs_tab,FALSE,Wood Update,Complete,6-Sided Spruce,6sided_spruce,Doku,,solid,,,,"The WesterosBlocks texture pack originated from [Dokucraft](https://dokucraft.co.uk/), but contains elements from other resource packs including [John Smith](https://www.johnsmithlegacy.co.uk/) and [Conquest](https://conquestreforged.com/) (and overlays by [Ardacraft](https://ardacraft.me/)). We have made many alterations and additions to the pack over the years, so most of the textures are originals only to be found in this pack. Ultimately, we aim for the WesterosBlocks textures to be made up exclusively from original textures created by artists within the community."
FALSE,westeros_half_ashlar_tab,FALSE,,Not Started,6-Sided Stone Slab,6sided_stone_slab,Doku,,solid,,,,
FALSE,westeros_banners_tab,FALSE,Fabric Update,,Allyrion Banner,allyrion_banner,WesterosBlocks,,cuboid-nsew-stack,,,,The sound components were created and/or arranged by Hal9007. The sound effects used in this resource pack are based off of edited loops and sound samples from [SoundJay.com](https://www.soundjay.com/) or [Pond5.com](https://www.pond5.com/). Third-party samples are either public domain or paid for under an Attribution 3.0 licesnse.
FALSE,westeros_furniture_tab,FALSE,,Not Started,Always Active Ashlar Furnace Arbor,always_active_arbor_brick_furnace,Doku,,furnace,,,,
FALSE,westeros_furniture_tab,FALSE,,Not Started,Always Active Orange Brick Furnace,always_active_brick_furnace,Doku,,furnace,,,,"If you want to use any of these originals feel free to do so, but it would be cool of you to credit all the contributors. If you want to use any of the textures by the below mentioned artists, please consult the individual homepages and seek their permission."
FALSE,westeros_furniture_tab,FALSE,,Not Started,Always Active Ashlar Furnace Dark Grey,always_active_dark_grey_brick_furnace,Doku,,furnace,,,,
FALSE,westeros_furniture_tab,FALSE,,Not Started,Always Active Dornish Mud Furnace,always_active_dornish_mud_furnace,WesterosBlocks,,furnace,,,,**Do not sell this resource pack! Ever.**
FALSE,westeros_furniture_tab,FALSE,,Not Started,Always Active Ashlar Furnace Dun,always_active_dun_brick_furnace,Doku,,furnace,,,,
FALSE,westeros_furniture_tab,FALSE,,Not Started,Always Active Ashlar Furnace Light Grey,always_active_light_grey_brick_furnace,Doku,,furnace,,,,"Cheers,"
FALSE,westeros_furniture_tab,FALSE,,Not Started,Always Active Ashlar Furnace Oldtown,always_active_oldtown_brick_furnace,Doku,,furnace,,,,"geeberry, Thamus_Knoward, Emoticone11, CashBanks, Moozipan, Marken4, Hal9007"
FALSE,westeros_furniture_tab,FALSE,,Not Started,Always Active Ashlar Furnace Reach,always_active_reach_brick_furnace,Doku,,furnace,,,,
FALSE,westeros_furniture_tab,FALSE,,Not Started,Always Active Ashlar Furnace Light Brown,always_active_sandstone_furnace,Doku,,furnace,,,,
FALSE,westeros_furniture_tab,FALSE,,Not Started,Always Active Southern Brick Furnace,always_active_southern_brick_furnace,Doku,,furnace,,,,# Credits
FALSE,westeros_furniture_tab,FALSE,,Not Started,Always Active Ashlar Furnace Green Grey,always_active_stone_furnace,Doku,,furnace,,,,
FALSE,westeros_water_air_tab,FALSE,,Not Started,Alyssas Tears Mist Four,alyssas_tears_mist_four,WesterosBlocks,,web,,,,"Special thanks to Doku, Misa, Hickerydickery, WantedRobot, SMP, WhitefireNeo, Monsterfish_, Rota_Fortunae (ex:Wheellee), and the following users from the DokuCommunity for their input on the respective textures:"
FALSE,westeros_water_air_tab,FALSE,,Not Started,Alyssas Tears Mist One,alyssas_tears_mist_one,WesterosBlocks,,web,,,,
FALSE,westeros_water_air_tab,FALSE,,Not Started,Alyssas Tears Mist Three,alyssas_tears_mist_three,WesterosBlocks,,web,,,,"* Monsterfish_ - Assorted grass textures, Oak Leaves, Reed/Cattails, Wheat, Grass Block, Vines, Bracken, base for Dirt/Gravel textures"
FALSE,westeros_water_air_tab,FALSE,,Not Started,Alyssas Tears Mist Two,alyssas_tears_mist_two,WesterosBlocks,,web,,,,"* Rota_Fortunae (ex:Wheellee) - Cow Parsley, Lady Fern, Nettle, Fireweed"
FALSE,westeros_food_blocks_tab,FALSE,,Not Started,Apple Basket,apple_basket,"Doku, WesterosBlocks",,solid,,,,"* Balloftape - Skull, CreeperHead, SurvivorHead, Redstone Lamp"
FALSE,westeros_food_blocks_tab,FALSE,,Not Started,Apple Basket Slab,apple_basket_slab,"Doku, WesterosBlocks",,slab,,,,* Metatron - Zombie Head
FALSE,westeros_food_blocks_tab,FALSE,Wood Update,Ready For Work,Apple Crate,apple_crate,Doku,,solid,,,,* Savage Alien - Empty Map
FALSE,westeros_foliage_tab,FALSE,,Complete,Apple Fruit Leaves,apple_fruit_leaves,Doku,,leaves,,,,"* Gabriel MBR - Baked Potatoe, Pumpkin Pie"
FALSE,westeros_utility_tab,FALSE,,Complete,Approval' Utility Block,approval_utility_block,WesterosBlocks,,solid,,,,"* Duru - Armor Icons, Compass, Pork, Brewing Stand"
FALSE,westeros_food_blocks_tab,FALSE,,Not Started,Apricot Basket,apricot_basket,Unsure,,solid,,,,* Foodstamp - Armor Icons
FALSE,westeros_food_blocks_tab,FALSE,,Not Started,Apricot Basket Slab,apricot_basket_slab,,,slab,,,,* CCCode - Chainmail Icons
FALSE,westeros_foliage_tab,FALSE,,Complete,Apricot Fruit Leaves,apricot_fruit_leaves,,,leaves,,,,"* LordofSax - Helmet, Chestplate, Leggings, etc."
TRUE,westeros_medium_ashlar_tab,FALSE,,Not Started,Medium Ashlar Arbor,arbor_brick,Doku,,solid,arbor_brick,,,* Dark_Tundra - Banner
TRUE,westeros_medium_ashlar_tab,FALSE,,Not Started,Medium Ashlar Arbor Arrow_slit,arbor_brick_arrow_slit,Doku,,solid,arbor_brick,,,"* Wessexstock - Survivor Skin, Zombie Skin"
TRUE,westeros_medium_ashlar_tab,FALSE,,Not Started,Medium Ashlar Arbor Arrow_slit_ornate,arbor_brick_arrow_slit_ornate,Doku,,solid,arbor_brick,,,* Zaph34r - Sign
TRUE,westeros_medium_ashlar_tab,FALSE,,Not Started,Medium Ashlar Arbor Arrow_slit_window,arbor_brick_arrow_slit_window,Doku,,solid,arbor_brick,,,* Diet Taco - Trap Door
TRUE,westeros_medium_ashlar_tab,FALSE,,Not Started,Medium Ashlar Arbor Fence,arbor_brick_fence,Doku,,fence,arbor_brick,,,"* Alexium - Cake, Cake Item"
FALSE,westeros_furniture_tab,FALSE,,Not Started,Ashlar Furnace Arbor,arbor_brick_furnace,Doku,,furnace,,,,* Kloporte - Bread
TRUE,westeros_medium_ashlar_tab,FALSE,,Not Started,Medium Ashlar Arbor Hopper,arbor_brick_hopper,Doku,,cuboid,arbor_brick,,,"* Noodaa - Rotten Flesh, Melon Slice"
FALSE,westeros_panelling_carvings_tab,FALSE,,Not Started,Ashlar Engraved Arbor,arbor_brick_ornate,Doku,,solid,,,,"* Dark Defender - ChickenMeat, Cauldron, Mushroom Block"
FALSE,westeros_panelling_carvings_tab,FALSE,,Not Started,Ashlar Engraved Arbor Wall,arbor_brick_ornate_wall,Doku,,wall,,,,* Aceofhrts97 - Beef
TRUE,westeros_polished_stone_tab,FALSE,,Not Started,Polished Stone Arbor,arbor_brick_polished,Doku,,solid,arbor_brick_polished,,,* Dubca7 - Cauldron
TRUE,westeros_polished_stone_tab,FALSE,,Not Started,Polished Stone Arbor Slab,arbor_brick_polished_slab,Doku,,slab,arbor_brick_polished,,,"* SerAaron - Book, Flagstones"
TRUE,westeros_polished_stone_tab,FALSE,,Not Started,Polished Stone Arbor Stairs,arbor_brick_polished_stairs,Doku,,stair,arbor_brick_polished,,,* Straxael - Explosion
TRUE,westeros_polished_stone_tab,FALSE,,Not Started,Polished Stone Arbor Wall,arbor_brick_polished_wall,Doku,,wall,arbor_brick_polished,,,"* JetStorm - Wooden Planks, Chiseled Stone Brick, Sandstone"
TRUE,westeros_medium_ashlar_tab,FALSE,,Not Started,Medium Ashlar Arbor Slab,arbor_brick_slab,,,slab,arbor_brick,,,* Staretta - Glass Panes
TRUE,westeros_medium_ashlar_tab,FALSE,,Not Started,Medium Ashlar Arbor Stairs,arbor_brick_stairs,,,stair,arbor_brick,,,* AwesomeSauceUK- Nether Brick
TRUE,westeros_medium_ashlar_tab,FALSE,,Not Started,Medium Ashlar Arbor Tip,arbor_brick_tip,,,cuboid,arbor_brick,,,"* Recreps4444, SeanFletcher,DWSkanska, TheBaconizer - Oak Sapling, Assorted Flowers"
TRUE,westeros_medium_ashlar_tab,FALSE,,Not Started,Medium Ashlar Arbor Wall,arbor_brick_wall,,,wall,arbor_brick,,,* Max - Diamond Block
TRUE,westeros_marble_plaster_tab,FALSE,,Not Started,Arbor Brown Plaster Smooth,arbor_brown_plaster,,,solid,arbor_brown_plaster,,,"* DWSkanska - Carrot, Skull, Language Buttons"
TRUE,westeros_marble_plaster_tab,FALSE,,Not Started,Arbor Brown Plaster Smooth Fence,arbor_brown_plaster_fence,,,fence,arbor_brown_plaster,,,
TRUE,westeros_marble_plaster_tab,FALSE,,Not Started,Arbor Brown Plaster Smooth Hopper,arbor_brown_plaster_hopper,,,cuboid,arbor_brown_plaster,,,
TRUE,westeros_marble_plaster_tab,FALSE,,Not Started,Arbor Brown Plaster Rough,arbor_brown_plaster_rough,,,solid,arbor_brown_plaster_rough,,,
TRUE,westeros_marble_plaster_tab,FALSE,,Not Started,Arbor Brown Plaster Rough Fence,arbor_brown_plaster_rough_fence,,,fence,arbor_brown_plaster_rough,,,
TRUE,westeros_marble_plaster_tab,FALSE,,Not Started,Arbor Brown Plaster Rough Hopper,arbor_brown_plaster_rough_hopper,,,cuboid,arbor_brown_plaster_rough,,,
TRUE,westeros_marble_plaster_tab,FALSE,,Not Started,Arbor Brown Plaster Rough Slab,arbor_brown_plaster_rough_slab,,,slab,arbor_brown_plaster_rough,,,
TRUE,westeros_marble_plaster_tab,FALSE,,Not Started,Arbor Brown Plaster Rough Stairs,arbor_brown_plaster_rough_stairs,,,stair,arbor_brown_plaster_rough,,,
TRUE,westeros_marble_plaster_tab,FALSE,,Not Started,Arbor Brown Plaster Rough Tip,arbor_brown_plaster_rough_tip,,,cuboid,arbor_brown_plaster_rough,,,
TRUE,westeros_marble_plaster_tab,FALSE,,Not Started,Arbor Brown Plaster Rough Wall,arbor_brown_plaster_rough_wall,,,wall,arbor_brown_plaster_rough,,,
TRUE,westeros_marble_plaster_tab,FALSE,,Not Started,Arbor Brown Plaster Smooth Slab,arbor_brown_plaster_slab,,,slab,arbor_brown_plaster,,,
TRUE,westeros_marble_plaster_tab,FALSE,,Not Started,Arbor Brown Plaster Smooth Stairs,arbor_brown_plaster_stairs,,,stair,arbor_brown_plaster,,,
TRUE,westeros_marble_plaster_tab,FALSE,,Not Started,Arbor Brown Plaster Smooth Tip,arbor_brown_plaster_tip,,,cuboid,arbor_brown_plaster,,,
TRUE,westeros_marble_plaster_tab,FALSE,,Not Started,Arbor Brown Plaster Smooth Wall,arbor_brown_plaster_wall,,,wall,arbor_brown_plaster,,,
TRUE,westeros_cobblestone_tab,FALSE,Cobblestone Update,Ready For Work,Dark Cobblestone Arbor,arbor_cobblestone,,,solid,arbor_cobblestone,,,
TRUE,westeros_cobblestone_tab,FALSE,Cobblestone Update,Ready For Work,Dark Cobblestone Arbor Fence,arbor_cobblestone_fence,,,fence,arbor_cobblestone,,,
TRUE,westeros_cobblestone_tab,FALSE,Cobblestone Update,Ready For Work,Dark Cobblestone Arbor Hopper,arbor_cobblestone_hopper,,,cuboid,arbor_cobblestone,,,
TRUE,westeros_cobblestone_tab,FALSE,Cobblestone Update,Ready For Work,Dark Cobblestone Arbor Slab,arbor_cobblestone_slab,,,slab,arbor_cobblestone,,,
TRUE,westeros_cobblestone_tab,FALSE,Cobblestone Update,Ready For Work,Dark Cobblestone Arbor Stairs,arbor_cobblestone_stairs,,,stair,arbor_cobblestone,,,
TRUE,westeros_cobblestone_tab,FALSE,Cobblestone Update,Ready For Work,Dark Cobblestone Arbor Tip,arbor_cobblestone_tip,,,cuboid,arbor_cobblestone,,,
TRUE,westeros_cobblestone_tab,FALSE,Cobblestone Update,Ready For Work,Dark Cobblestone Arbor Wall,arbor_cobblestone_wall,,,wall,arbor_cobblestone,,,
TRUE,westeros_half_ashlar_tab,FALSE,,,Half Ashlar Arbor,arbor_large_brick,Doku,,solid,arbor_large_brick,,,
TRUE,westeros_half_ashlar_tab,FALSE,,,Half Ashlar Arbor Arrow_slit,arbor_large_brick_arrow_slit,Doku,,solid,arbor_large_brick,,,
TRUE,westeros_half_ashlar_tab,FALSE,,,Half Ashlar Arbor Arrow_slit_ornate,arbor_large_brick_arrow_slit_ornate,Doku,,solid,arbor_large_brick,,,
TRUE,westeros_half_ashlar_tab,FALSE,,,Half Ashlar Arbor Arrow_slit_window,arbor_large_brick_arrow_slit_window,Doku,,solid,arbor_large_brick,,,
TRUE,westeros_half_ashlar_tab,FALSE,,,Half Ashlar Arbor Fence,arbor_large_brick_fence,Doku,,fence,arbor_large_brick,,,
TRUE,westeros_half_ashlar_tab,FALSE,,,Half Ashlar Arbor Hopper,arbor_large_brick_hopper,Doku,,cuboid,arbor_large_brick,,,
TRUE,westeros_half_ashlar_tab,FALSE,,,Half Ashlar Arbor Slab,arbor_large_brick_slab,Doku,,slab,arbor_large_brick,,,
TRUE,westeros_half_ashlar_tab,FALSE,,,Half Ashlar Arbor Stairs,arbor_large_brick_stairs,Doku,,stair,arbor_large_brick,,,
TRUE,westeros_half_ashlar_tab,FALSE,,,Half Ashlar Arbor Tip,arbor_large_brick_tip,Doku,,cuboid,arbor_large_brick,,,
TRUE,westeros_half_ashlar_tab,FALSE,,,Half Ashlar Arbor Wall,arbor_large_brick_wall,Doku,,wall,arbor_large_brick,,,
TRUE,westeros_cobblestone_tab,FALSE,Cobblestone Update,Ready For Work,Cobblestone Arbor,arbor_light_cobblestone,,,solid,arbor_light_cobblestone,,,
TRUE,westeros_cobblestone_tab,FALSE,Cobblestone Update,Ready For Work,Cobblestone Arbor Fence,arbor_light_cobblestone_fence,,,fence,arbor_light_cobblestone,,,
TRUE,westeros_cobblestone_tab,FALSE,Cobblestone Update,Ready For Work,Cobblestone Arbor Hopper,arbor_light_cobblestone_hopper,,,cuboid,arbor_light_cobblestone,,,
TRUE,westeros_cobblestone_tab,FALSE,Cobblestone Update,Ready For Work,Cobblestone Arbor Slab,arbor_light_cobblestone_slab,,,slab,arbor_light_cobblestone,,,
TRUE,westeros_cobblestone_tab,FALSE,Cobblestone Update,Ready For Work,Cobblestone Arbor Stairs,arbor_light_cobblestone_stairs,,,stair,arbor_light_cobblestone,,,
TRUE,westeros_cobblestone_tab,FALSE,Cobblestone Update,Ready For Work,Cobblestone Arbor Tip,arbor_light_cobblestone_tip,,,cuboid,arbor_light_cobblestone,,,
TRUE,westeros_cobblestone_tab,FALSE,Cobblestone Update,Ready For Work,Cobblestone Arbor Wall,arbor_light_cobblestone_wall,,,wall,arbor_light_cobblestone,,,
TRUE,westeros_smooth_ashlar_tab,FALSE,,,Smooth Ashlar Arbor,arbor_light_stone,,,solid,arbor_light_stone,,,
TRUE,westeros_smooth_ashlar_tab,FALSE,,,Smooth Ashlar Arbor Arrow_slit,arbor_light_stone_arrow_slit,,,solid,arbor_light_stone,,,
TRUE,westeros_smooth_ashlar_tab,FALSE,,,Smooth Ashlar Arbor Arrow_slit_ornate,arbor_light_stone_arrow_slit_ornate,,,solid,arbor_light_stone,,,
TRUE,westeros_smooth_ashlar_tab,FALSE,,,Smooth Ashlar Arbor Arrow_slit_window,arbor_light_stone_arrow_slit_window,,,solid,arbor_light_stone,,,
TRUE,westeros_smooth_ashlar_tab,FALSE,,,Smooth Ashlar Arbor Fence,arbor_light_stone_fence,,,fence,arbor_light_stone,,,
TRUE,westeros_smooth_ashlar_tab,FALSE,,,Smooth Ashlar Arbor Hopper,arbor_light_stone_hopper,,,cuboid,arbor_light_stone,,,
TRUE,westeros_smooth_ashlar_tab,FALSE,,,Smooth Ashlar Arbor Slab,arbor_light_stone_slab,,,slab,arbor_light_stone,,,
TRUE,westeros_smooth_ashlar_tab,FALSE,,,Smooth Ashlar Arbor Stairs,arbor_light_stone_stairs,,,stair,arbor_light_stone,,,
TRUE,westeros_smooth_ashlar_tab,FALSE,,,Smooth Ashlar Arbor Tip,arbor_light_stone_tip,,,cuboid,arbor_light_stone,,,
TRUE,westeros_smooth_ashlar_tab,FALSE,,,Smooth Ashlar Arbor Wall,arbor_light_stone_wall,,,wall,arbor_light_stone,,,
TRUE,westeros_fieldstone_tab,FALSE,,,Fieldstone Arbor,arbor_small_brick,Doku,,solid,arbor_small_brick,,,
TRUE,westeros_fieldstone_tab,FALSE,,,Fieldstone Arbor Arrow_slit,arbor_small_brick_arrow_slit,Doku,,solid,arbor_small_brick,,,
TRUE,westeros_fieldstone_tab,FALSE,,,Fieldstone Arbor Arrow_slit_ornate,arbor_small_brick_arrow_slit_ornate,Doku,,solid,arbor_small_brick,,,
TRUE,westeros_fieldstone_tab,FALSE,,,Fieldstone Arbor Arrow_slit_window,arbor_small_brick_arrow_slit_window,Doku,,solid,arbor_small_brick,,,
TRUE,westeros_fieldstone_tab,FALSE,,,Fieldstone Arbor Fence,arbor_small_brick_fence,Doku,,fence,arbor_small_brick,,,
TRUE,westeros_fieldstone_tab,FALSE,,,Fieldstone Arbor Hopper,arbor_small_brick_hopper,Doku,,cuboid,arbor_small_brick,,,
TRUE,westeros_fieldstone_tab,FALSE,,,Fieldstone Arbor Slab,arbor_small_brick_slab,Doku,,slab,arbor_small_brick,,,
TRUE,westeros_fieldstone_tab,FALSE,,,Fieldstone Arbor Stairs,arbor_small_brick_stairs,Doku,,stair,arbor_small_brick,,,
TRUE,westeros_fieldstone_tab,FALSE,,,Fieldstone Arbor Tip,arbor_small_brick_tip,Doku,,cuboid,arbor_small_brick,,,
TRUE,westeros_fieldstone_tab,FALSE,,,Fieldstone Arbor Wall,arbor_small_brick_wall,Doku,,wall,arbor_small_brick,,,
FALSE,westeros_misc_tab,FALSE,,,Archery Target,archery_target,"Doku, WesterosBlocks",,log,,,,
FALSE,westeros_sounds_tab,FALSE,,,Armory large,armory_large,,,sound,,,,
FALSE,westeros_sounds_tab,FALSE,,,Armory Small,armory_small,,,sound,,,,
FALSE,westeros_banners_tab,FALSE,,,Arryn Banner,arryn_banner,WesterosBlocks,,cuboid-nsew-stack,,,,
TRUE,westeros_misc_tab,FALSE,,,Ash,ash,WesterosBlocks,,solid,ash,,,
TRUE,westeros_misc_tab,FALSE,,,Ash Layer,ash_layer,,,layer,ash,,,
TRUE,westeros_misc_tab,FALSE,,,Ash Slab,ash_slab,,,slab,ash,,,
FALSE,westeros_tool_blocks_tab,FALSE,,,Axe Block,axe_block,,,cuboid-nsew,,,,
FALSE,westeros_banners_tab,FALSE,Fabric Update,,Baelish Banner,baelish_banner,WesterosBlocks,,cuboid-nsew-stack,,,,
TRUE,westeros_marble_plaster_tab,FALSE,,,Baelors Brown Veined Marble,baelors_brown_veined_marble,,,solid,baelors_brown_veined_marble,,,
TRUE,westeros_marble_plaster_tab,FALSE,,,Baelors Brown Veined Marble Fence,baelors_brown_veined_marble_fence,,,fence,baelors_brown_veined_marble,,,
TRUE,westeros_marble_plaster_tab,FALSE,,,Baelors Brown Veined Marble Hopper,baelors_brown_veined_marble_hopper,,,cuboid,baelors_brown_veined_marble,,,
TRUE,westeros_marble_plaster_tab,FALSE,,,Baelors Brown Veined Marble Slab,baelors_brown_veined_marble_slab,,,slab,baelors_brown_veined_marble,,,
TRUE,westeros_marble_plaster_tab,FALSE,,,Baelors Brown Veined Marble Stairs,baelors_brown_veined_marble_stairs,,,stair,baelors_brown_veined_marble,,,
TRUE,westeros_marble_plaster_tab,FALSE,,,Baelors Brown Veined Marble Tip,baelors_brown_veined_marble_tip,,,cuboid,baelors_brown_veined_marble,,,
TRUE,westeros_marble_plaster_tab,FALSE,,,Baelors Brown Veined Marble Wall,baelors_brown_veined_marble_wall,,,wall,baelors_brown_veined_marble,,,
FALSE,westeros_decor_tab,FALSE,,,Baelors Sphere Crone Yellow,baelors_sphere_crone_yellow,,,cuboid,,,,
FALSE,westeros_decor_tab,FALSE,,,Baelors Sphere Father Green,baelors_sphere_father_green,,,cuboid,,,,
FALSE,westeros_decor_tab,FALSE,,,Baelors Sphere Maiden Pink,baelors_sphere_maiden_pink,,,cuboid,,,,
FALSE,westeros_decor_tab,FALSE,,,Baelors Sphere Mother Blue,baelors_sphere_mother_blue,,,cuboid,,,,
FALSE,westeros_decor_tab,FALSE,,,Baelors Sphere Smith Orange,baelors_sphere_smith_orange,,,cuboid,,,,
FALSE,westeros_decor_tab,FALSE,,,Baelors Sphere Stranger Grey,baelors_sphere_stranger_grey,,,cuboid,,,,
FALSE,westeros_decor_tab,FALSE,,,Baelors Sphere Warrior Red,baelors_sphere_warrior_red,,,cuboid,,,,
FALSE,westeros_banners_tab,FALSE,Fabric Update,,Banefort Banner,banefort_banner,WesterosBlocks,,cuboid-nsew-stack,,,,
FALSE,westeros_banners_tab,FALSE,Fabric Update,,Bar Emmon Banner,bar_emmon_banner,WesterosBlocks,,cuboid-nsew-stack,,,,
FALSE,westeros_banners_tab,FALSE,Fabric Update,,Baratheon Banner,baratheon_banner,WesterosBlocks,,cuboid-nsew-stack,,,,
TRUE,westeros_quarter_ashlar_tab,FALSE,,,Quarter Ashlar Black,basalt_brick,,,solid,basalt_brick,,,
TRUE,westeros_quarter_ashlar_tab,FALSE,,,Quarter Ashlar Black Arrow_slit,basalt_brick_arrow_slit,,,solid,basalt_brick,,,
TRUE,westeros_quarter_ashlar_tab,FALSE,,,Quarter Ashlar Black Arrow_slit_ornate,basalt_brick_arrow_slit_ornate,,,solid,basalt_brick,,,
TRUE,westeros_quarter_ashlar_tab,FALSE,,,Quarter Ashlar Black Arrow_slit_window,basalt_brick_arrow_slit_window,,,solid,basalt_brick,,,
TRUE,westeros_quarter_ashlar_tab,FALSE,,,Quarter Ashlar Black Fence,basalt_brick_fence,,,fence,basalt_brick,,,
TRUE,westeros_quarter_ashlar_tab,FALSE,,,Quarter Ashlar Black Hopper,basalt_brick_hopper,,,cuboid,basalt_brick,,,
TRUE,westeros_quarter_ashlar_tab,FALSE,,,Quarter Ashlar Black Slab,basalt_brick_slab,,,slab,basalt_brick,,,
TRUE,westeros_quarter_ashlar_tab,FALSE,,,Quarter Ashlar Black Stairs,basalt_brick_stairs,,,stair,basalt_brick,,,
TRUE,westeros_quarter_ashlar_tab,FALSE,,,Quarter Ashlar Black Tip,basalt_brick_tip,,,cuboid,basalt_brick,,,
TRUE,westeros_quarter_ashlar_tab,FALSE,,,Quarter Ashlar Black Wall,basalt_brick_wall,,,wall,basalt_brick,,,
TRUE,westeros_cobblestone_tab,FALSE,Cobblestone Update,Ready For Work,Dark Cobblestone Black,basalt_cobblestone,,,solid,basalt_cobblestone,,,
TRUE,westeros_cobblestone_tab,FALSE,Cobblestone Update,Ready For Work,Dark Cobblestone Black Fence,basalt_cobblestone_fence,,,fence,basalt_cobblestone,,,
TRUE,westeros_cobblestone_tab,FALSE,Cobblestone Update,Ready For Work,Dark Cobblestone Black Hopper,basalt_cobblestone_hopper,,,cuboid,basalt_cobblestone,,,
TRUE,westeros_cobblestone_tab,FALSE,Cobblestone Update,Ready For Work,Dark Cobblestone Black Slab,basalt_cobblestone_slab,,,slab,basalt_cobblestone,,,
TRUE,westeros_cobblestone_tab,FALSE,Cobblestone Update,Ready For Work,Dark Cobblestone Black Stairs,basalt_cobblestone_stairs,,,stair,basalt_cobblestone,,,
TRUE,westeros_cobblestone_tab,FALSE,Cobblestone Update,Ready For Work,Dark Cobblestone Black Tip,basalt_cobblestone_tip,,,cuboid,basalt_cobblestone,,,
TRUE,westeros_cobblestone_tab,FALSE,Cobblestone Update,Ready For Work,Dark Cobblestone Black Wall,basalt_cobblestone_wall,,,wall,basalt_cobblestone,,,
TRUE,westeros_cobblestone_tab,FALSE,Cobblestone Update,Ready For Work,Cobblestone Black,bedrock,,,solid,bedrock,,,
TRUE,westeros_cobblestone_tab,FALSE,Cobblestone Update,Ready For Work,Cobblestone Black Fence,bedrock_fence,,,fence,bedrock,,,
TRUE,westeros_cobblestone_tab,FALSE,Cobblestone Update,Ready For Work,Cobblestone Black Hopper,bedrock_hopper,,,cuboid,bedrock,,,
TRUE,westeros_cobblestone_tab,FALSE,Cobblestone Update,Ready For Work,Cobblestone Black Slab,bedrock_slab,,,slab,bedrock,,,
TRUE,westeros_cobblestone_tab,FALSE,Cobblestone Update,Ready For Work,Cobblestone Black Stairs,bedrock_stairs,,,stair,bedrock,,,
TRUE,westeros_cobblestone_tab,FALSE,Cobblestone Update,Ready For Work,Cobblestone Black Tip,bedrock_tip,,,cuboid,bedrock,,,
TRUE,westeros_cobblestone_tab,FALSE,Cobblestone Update,Ready For Work,Cobblestone Black Wall,bedrock_wall,,,wall,bedrock,,,
FALSE,westeros_sounds_tab,FALSE,,,Beehive Large,beehive_large,,,sound,,,,
FALSE,westeros_sounds_tab,FALSE,,,Beehive Small,beehive_small,,,sound,,,,
FALSE,westeros_misc_tab,FALSE,,,Bees,bees,,,web,,,,
FALSE,westeros_banners_tab,FALSE,Fabric Update,,Beesbury Banner,beesbury_banner,WesterosBlocks,,cuboid-nsew-stack,,,,
FALSE,westeros_banners_tab,FALSE,Fabric Update,,Belmore Banner,belmore_banner,WesterosBlocks,,cuboid-nsew-stack,,,,
FALSE,westeros_furniture_tab,FALSE,Wood Update,Ready For Work,Bench Butcher Knives,bench_butcher_knives,,,solid,,,,
FALSE,westeros_furniture_tab,FALSE,Wood Update,Ready For Work,Bench Carpentry Hammer Saw,bench_carpentry_hammer_saw,,,solid,,,,
FALSE,westeros_furniture_tab,FALSE,Wood Update,Ready For Work,Bench Drawers,bench_drawers,,,solid,,,,
FALSE,westeros_furniture_tab,FALSE,Wood Update,Ready For Work,Bench Kitchen Knives,bench_kitchen_knives,,,solid,,,,
FALSE,westeros_furniture_tab,FALSE,Wood Update,Ready For Work,Bench Kitchen Pans,bench_kitchen_pans,,,solid,,,,
FALSE,westeros_furniture_tab,FALSE,Wood Update,Ready For Work,Bench Mason Hammer Mallet,bench_mason_hammer_mallet,,,solid,,,,
FALSE,westeros_food_blocks_tab,FALSE,,,Berry Basket,berry_basket,,,solid,,,,
FALSE,westeros_food_blocks_tab,FALSE,,,Berry Basket Slab,berry_basket_slab,,,slab,,,,
FALSE,westeros_food_blocks_tab,FALSE,Wood Update,Ready For Work,Berry Crate,berry_crate,,,solid,,,,
FALSE,westeros_logs_tab,FALSE,Wood Update,Complete,Birch Bark Fence,birch_bark_fence,,,fence,,,,
TRUE,westeros_wood_planks_tab,FALSE,Wood Update,Complete,Birch Wood Carpet,birch_carpet,Doku,,cuboid,birch,,,
TRUE,westeros_wood_planks_tab,FALSE,Wood Update,Ready For Work,Birch Wood Cover,birch_cover,Doku,,rail,birch,,,
FALSE,westeros_wood_planks_tab,FALSE,Wood Update,Complete,Birch Door,birch_door,,,door,,,,
TRUE,westeros_wood_planks_tab,FALSE,Wood Update,Complete,Birch Wood Fence,birch_fence,Doku,,fence,birch,,,
FALSE,westeros_wood_planks_tab,FALSE,Wood Update,Ready For Work,Birch Fence with Grapes,birch_fence_with_grapes,,,fence,,,,
FALSE,westeros_wood_planks_tab,FALSE,Wood Update,Ready For Work,Birch Fence with Vines,birch_fence_with_vines,,,fence,,,,
TRUE,westeros_wood_planks_tab,FALSE,Wood Update,In Progress,Birch Vertical Planks Half_door,birch_half_door,,,cuboid-nsew,birch_vertical_planks,,,
TRUE,westeros_wood_planks_tab,FALSE,Wood Update,Complete,Birch Wood Hopper,birch_hopper,Doku,,cuboid,birch,,,
TRUE,westeros_wood_planks_tab,FALSE,Wood Update,Complete,Birch Wood,birch_planks,Doku,,solid,birch,,,
TRUE,westeros_wood_planks_tab,FALSE,Wood Update,Complete,Birch Wood Slab,birch_slab,Doku,,slab,birch,,,
TRUE,westeros_wood_planks_tab,FALSE,Wood Update,Complete,Birch Wood Stairs,birch_stairs,Doku,,stair,birch,,,
TRUE,westeros_wood_planks_tab,FALSE,Wood Update,Complete,Birch Wood Window_frame,birch_timber_window_frame,Doku,,solid,birch,,,
TRUE,westeros_wood_planks_tab,FALSE,Wood Update,Complete,Birch Wood Window_frame_mullion,birch_timber_window_frame_mullion,Doku,,solid,birch,,,
TRUE,westeros_wood_planks_tab,FALSE,Wood Update,Complete,Birch Wood Tip,birch_tip,Doku,,cuboid,birch,,,
TRUE,westeros_wood_planks_tab,FALSE,Wood Update,Complete,Birch Vertical Planks,birch_vertical_planks,,,solid,birch_vertical_planks,,,
TRUE,westeros_wood_planks_tab,FALSE,Wood Update,Complete,Birch Vertical Planks Carpet,birch_vertical_planks_carpet,,,cuboid,birch_vertical_planks,,,
TRUE,westeros_wood_planks_tab,FALSE,Wood Update,Complete,Birch Vertical Planks Fence,birch_vertical_planks_fence,,,fence,birch_vertical_planks,,,
TRUE,westeros_wood_planks_tab,FALSE,Wood Update,Complete,Birch Vertical Planks Hopper,birch_vertical_planks_hopper,,,cuboid,birch_vertical_planks,,,
TRUE,westeros_wood_planks_tab,FALSE,Wood Update,Complete,Birch Vertical Planks Slab,birch_vertical_planks_slab,,,slab,birch_vertical_planks,,,
TRUE,westeros_wood_planks_tab,FALSE,Wood Update,Complete,Birch Vertical Planks Stairs,birch_vertical_planks_stairs,,,stair,birch_vertical_planks,,,
TRUE,westeros_wood_planks_tab,FALSE,Wood Update,Complete,Birch Vertical Planks Tip,birch_vertical_planks_tip,,,cuboid,birch_vertical_planks,,,
TRUE,westeros_wood_planks_tab,FALSE,Wood Update,Complete,Birch Vertical Planks Wall,birch_vertical_planks_wall,,,wall,birch_vertical_planks,,,
TRUE,westeros_wood_planks_tab,FALSE,Wood Update,Complete,Birch Wood Wall,birch_wall,Doku,,wall,birch,,,
FALSE,westeros_windows_glass_tab,FALSE,Wood Update,Complete,Birch Window Shutters,birch_window_shutters,,,halfdoor,,,,
FALSE,westeros_banners_tab,FALSE,Fabric Update,,Embroidered Black Banner,black_banner,WesterosBlocks,,cuboid-nsew-stack,,,,
FALSE,westeros_misc_tab,FALSE,,,Melted Ashlar Black Bricicle,black_bricicle,,,web,,,,
FALSE,westeros_panelling_carvings_tab,FALSE,,,Ashlar Engraved Black,black_brick_engraved,,,solid,,,,
FALSE,westeros_panelling_carvings_tab,FALSE,,,Ashlar Engraved Black Wall,black_brick_engraved_wall,,,wall,,,,
TRUE,westeros_medium_ashlar_tab,FALSE,,,Medium Ashlar Black,black_granite,,,solid,black_granite,,,
TRUE,westeros_medium_ashlar_tab,FALSE,,,Medium Ashlar Black Arrow_slit,black_granite_arrow_slit,,,solid,black_granite,,,
TRUE,westeros_medium_ashlar_tab,FALSE,,,Medium Ashlar Black Arrow_slit_ornate,black_granite_arrow_slit_ornate,,,solid,black_granite,,,
TRUE,westeros_medium_ashlar_tab,FALSE,,,Medium Ashlar Black Arrow_slit_window,black_granite_arrow_slit_window,,,solid,black_granite,,,
TRUE,westeros_medium_ashlar_tab,FALSE,,,Medium Ashlar Black Fence,black_granite_fence,,,fence,black_granite,,,
TRUE,westeros_medium_ashlar_tab,FALSE,,,Medium Ashlar Black Hopper,black_granite_hopper,,,cuboid,black_granite,,,
TRUE,westeros_polished_stone_tab,FALSE,,,Polished Stone Black,black_granite_polished,Doku,,solid,black_granite_polished,,,
TRUE,westeros_polished_stone_tab,FALSE,,,Polished Stone Black Slab,black_granite_polished_slab,Doku,,slab,black_granite_polished,,,
TRUE,westeros_polished_stone_tab,FALSE,,,Polished Stone Black Stairs,black_granite_polished_stairs,Doku,,stair,black_granite_polished,,,
TRUE,westeros_polished_stone_tab,FALSE,,,Polished Stone Black Wall,black_granite_polished_wall,Doku,,wall,black_granite_polished,,,
TRUE,westeros_medium_ashlar_tab,FALSE,,,Medium Ashlar Black Slab,black_granite_slab,,,slab,black_granite,,,
TRUE,westeros_medium_ashlar_tab,FALSE,,,Medium Ashlar Black Stairs,black_granite_stairs,,,stair,black_granite,,,
TRUE,westeros_medium_ashlar_tab,FALSE,,,Medium Ashlar Black Tip,black_granite_tip,,,cuboid,black_granite,,,
TRUE,westeros_medium_ashlar_tab,FALSE,,,Medium Ashlar Black Wall,black_granite_wall,,,wall,black_granite,,,
TRUE,westeros_smooth_ashlar_tab,FALSE,,,Smooth Ashlar Black,black_light_stone,,,solid,black_light_stone,,,
TRUE,westeros_smooth_ashlar_tab,FALSE,,,Smooth Ashlar Black Arrow_slit,black_light_stone_arrow_slit,,,solid,black_light_stone,,,
TRUE,westeros_smooth_ashlar_tab,FALSE,,,Smooth Ashlar Black Arrow_slit_ornate,black_light_stone_arrow_slit_ornate,,,solid,black_light_stone,,,
TRUE,westeros_smooth_ashlar_tab,FALSE,,,Smooth Ashlar Black Arrow_slit_window,black_light_stone_arrow_slit_window,,,solid,black_light_stone,,,
TRUE,westeros_smooth_ashlar_tab,FALSE,,,Smooth Ashlar Black Fence,black_light_stone_fence,,,fence,black_light_stone,,,
TRUE,westeros_smooth_ashlar_tab,FALSE,,,Smooth Ashlar Black Hopper,black_light_stone_hopper,,,cuboid,black_light_stone,,,
TRUE,westeros_smooth_ashlar_tab,FALSE,,,Smooth Ashlar Black Slab,black_light_stone_slab,,,slab,black_light_stone,,,
TRUE,westeros_smooth_ashlar_tab,FALSE,,,Smooth Ashlar Black Stairs,black_light_stone_stairs,,,stair,black_light_stone,,,
TRUE,westeros_smooth_ashlar_tab,FALSE,,,Smooth Ashlar Black Tip,black_light_stone_tip,,,cuboid,black_light_stone,,,
TRUE,westeros_smooth_ashlar_tab,FALSE,,,Smooth Ashlar Black Wall,black_light_stone_wall,,,wall,black_light_stone,,,
TRUE,westeros_misc_tab,FALSE,,,Melted Ashlar Black,black_melted_brick,,,solid,black_melted_brick,,,
TRUE,westeros_misc_tab,FALSE,,,Melted Ashlar Black Fence,black_melted_brick_fence,,,fence,black_melted_brick,,,
TRUE,westeros_misc_tab,FALSE,,,Melted Ashlar Black Hopper,black_melted_brick_hopper,,,cuboid,black_melted_brick,,,
TRUE,westeros_misc_tab,FALSE,,,Melted Ashlar Black Slab,black_melted_brick_slab,,,slab,black_melted_brick,,,
TRUE,westeros_misc_tab,FALSE,,,Melted Ashlar Black Stairs,black_melted_brick_stairs,,,stair,black_melted_brick,,,
TRUE,westeros_misc_tab,FALSE,,,Melted Ashlar Black Tip,black_melted_brick_tip,,,cuboid,black_melted_brick,,,
TRUE,westeros_misc_tab,FALSE,,,Melted Ashlar Black Wall,black_melted_brick_wall,,,wall,black_melted_brick,,,
TRUE,westeros_roofing_tab,FALSE,Roofing Update,Ready For Work,Black Slate,black_slate,,,solid,black_slate,,,
TRUE,westeros_roofing_tab,FALSE,Roofing Update,Ready For Work,Black Slate Fence,black_slate_fence,,,fence,black_slate,,,
TRUE,westeros_roofing_tab,FALSE,Roofing Update,Ready For Work,Black Slate Hopper,black_slate_hopper,,,cuboid,black_slate,,,
TRUE,westeros_roofing_tab,FALSE,Roofing Update,Ready For Work,Black Slate Slab,black_slate_slab,,,slab,black_slate,,,
TRUE,westeros_roofing_tab,FALSE,Roofing Update,Ready For Work,Black Slate Stairs,black_slate_stairs,,,stair,black_slate,,,
TRUE,westeros_roofing_tab,FALSE,Roofing Update,Ready For Work,Black Slate Tip,black_slate_tip,,,cuboid,black_slate,,,
TRUE,westeros_roofing_tab,FALSE,Roofing Update,Ready For Work,Black Slate Wall,black_slate_wall,,,wall,black_slate,,,
TRUE,westeros_wood_planks_tab,FALSE,Wood Update,Complete,Black Wood Window_frame,black_timber_window_frame,Doku,,solid,black_wood,,,
TRUE,westeros_wood_planks_tab,FALSE,Wood Update,Complete,Black Wood Window_frame_mullion,black_timber_window_frame_mullion,Doku,,solid,black_wood,,,
TRUE,westeros_wood_planks_tab,FALSE,Wood Update,Complete,Black Wood,black_wood,Doku,,solid,black_wood,,,
TRUE,westeros_wood_planks_tab,FALSE,Wood Update,Complete,Black Wood Carpet,black_wood_carpet,Doku,,cuboid,black_wood,,,
TRUE,westeros_wood_planks_tab,FALSE,Wood Update,Complete,Black Wood Fence,black_wood_fence,Doku,,fence,black_wood,,,
TRUE,westeros_wood_planks_tab,FALSE,Wood Update,Complete,Black Wood Vertical Planks Half_door,black_wood_half_door,Doku,,cuboid-nsew,black_wood_vertical_planks,,,
TRUE,westeros_wood_planks_tab,FALSE,Wood Update,Complete,Black Wood Hopper,black_wood_hopper,Doku,,cuboid,black_wood,,,
TRUE,westeros_wood_planks_tab,FALSE,Wood Update,Complete,Black Wood Slab,black_wood_slab,Doku,,slab,black_wood,,,
TRUE,westeros_wood_planks_tab,FALSE,Wood Update,Complete,Black Wood Stairs,black_wood_stairs,Doku,,stair,black_wood,,,
TRUE,westeros_wood_planks_tab,FALSE,Wood Update,Complete,Black Wood Tip,black_wood_tip,Doku,,cuboid,black_wood,,,
TRUE,westeros_wood_planks_tab,FALSE,Wood Update,Complete,Black Wood Vertical Planks,black_wood_vertical_planks,Doku,,solid,black_wood_vertical_planks,,,
TRUE,westeros_wood_planks_tab,FALSE,Wood Update,Complete,Black Wood Vertical Planks Carpet,black_wood_vertical_planks_carpet,Doku,,cuboid,black_wood_vertical_planks,,,
TRUE,westeros_wood_planks_tab,FALSE,Wood Update,Complete,Black Wood Vertical Planks Fence,black_wood_vertical_planks_fence,Doku,,fence,black_wood_vertical_planks,,,
TRUE,westeros_wood_planks_tab,FALSE,Wood Update,Complete,Black Wood Vertical Planks Hopper,black_wood_vertical_planks_hopper,Doku,,cuboid,black_wood_vertical_planks,,,
TRUE,westeros_wood_planks_tab,FALSE,Wood Update,Complete,Black Wood Vertical Planks Slab,black_wood_vertical_planks_slab,Doku,,slab,black_wood_vertical_planks,,,
TRUE,westeros_wood_planks_tab,FALSE,Wood Update,Complete,Black Wood Vertical Planks Stairs,black_wood_vertical_planks_stairs,Doku,,stair,black_wood_vertical_planks,,,
TRUE,westeros_wood_planks_tab,FALSE,Wood Update,Complete,Black Wood Vertical Planks Tip,black_wood_vertical_planks_tip,Doku,,cuboid,black_wood_vertical_planks,,,
TRUE,westeros_wood_planks_tab,FALSE,Wood Update,Complete,Black Wood Vertical Planks Wall,black_wood_vertical_planks_wall,Doku,,wall,black_wood_vertical_planks,,,
TRUE,westeros_wood_planks_tab,FALSE,Wood Update,Complete,Black Wood Wall,black_wood_wall,Doku,,wall,black_wood,,,
TRUE,westeros_cloth_fibers_tab,FALSE,Fabric Update,,Black Wool,black_wool,Doku,,solid,black_wool,,,
FALSE,westeros_banners_tab,FALSE,Fabric Update,,Black Wool Banner,black_wool_banner,WesterosBlocks,,cuboid-nsew-stack,,,,
TRUE,westeros_cloth_fibers_tab,FALSE,Fabric Update,,Black Wool Carpet,black_wool_carpet,Doku,,cuboid,black_wool,,,
TRUE,westeros_cloth_fibers_tab,FALSE,Fabric Update,,Black Wool Fence,black_wool_fence,Doku,,fence,black_wool,,,
TRUE,westeros_cloth_fibers_tab,FALSE,Fabric Update,,Black Wool Slab,black_wool_slab,Doku,,slab,black_wool,,,
TRUE,westeros_cloth_fibers_tab,FALSE,Fabric Update,,Black Wool Stairs,black_wool_stairs,Doku,,stair,black_wool,,,
TRUE,westeros_cloth_fibers_tab,FALSE,Fabric Update,,Black Wool Tip,black_wool_tip,Doku,,cuboid,black_wool,,,
TRUE,westeros_cloth_fibers_tab,FALSE,Fabric Update,,Black Wool Wall,black_wool_wall,Doku,,wall,black_wool,,,
FALSE,westeros_banners_tab,FALSE,Fabric Update,,Blackbar Banner,blackbar_banner,WesterosBlocks,,cuboid-nsew-stack,,,,
FALSE,westeros_foliage_tab,FALSE,,,Blackberry Bush,blackberry_bush,,,leaves,,,,
FALSE,westeros_banners_tab,FALSE,Fabric Update,,Blackfyre Banner,blackfyre_banner,WesterosBlocks,,cuboid-nsew-stack,,,,
FALSE,westeros_banners_tab,FALSE,Fabric Update,,Blackfyre Old Banner,blackfyre_old_banner,WesterosBlocks,,cuboid-nsew-stack,,,,
FALSE,westeros_banners_tab,FALSE,Fabric Update,,Blackmont Banner,blackmont_banner,WesterosBlocks,,cuboid-nsew-stack,,,,
FALSE,westeros_sounds_tab,FALSE,,,Blacksmith Large,blacksmith_large,,,sound,,,,
FALSE,westeros_sounds_tab,FALSE,,,Blacksmith Small,blacksmith_small,,,sound,,,,
FALSE,westeros_banners_tab,FALSE,Fabric Update,,Blacktyde Banner,blacktyde_banner,WesterosBlocks,,cuboid-nsew-stack,,,,
FALSE,westeros_banners_tab,FALSE,Fabric Update,,Blackwood Banner,blackwood_banner,WesterosBlocks,,cuboid-nsew-stack,,,,
FALSE,westeros_decor_tab,FALSE,,,Blood,blood,WesterosBlocks,,cuboid,,,,
FALSE,westeros_banners_tab,FALSE,Fabric Update,,Embroidered Blue Banner,blue_banner,WesterosBlocks,,cuboid-nsew-stack,,,,
FALSE,westeros_flowers_tab,FALSE,Crops/Plants Update,,Blue Bells,blue_bells,,,plant,,,,
FALSE,westeros_flowers_tab,FALSE,Crops/Plants Update,,Blue Chicory,blue_chicory,,,plant,,,,
FALSE,westeros_flowers_tab,FALSE,Crops/Plants Update,,Blue Flax,blue_flax,,,plant,,,,
FALSE,westeros_flowers_tab,FALSE,Crops/Plants Update,,Blue Forget-me-nots,blue_forgetmenots,,,plant,,,,
FALSE,westeros_flowers_tab,FALSE,Crops/Plants Update,,Blue Hyacinth,blue_hyacinth,,,plant,,,,
FALSE,westeros_flowers_tab,FALSE,Crops/Plants Update,,Blue Orchid,blue_orchid,,,plant,,,,
TRUE,westeros_marble_plaster_tab,FALSE,,,Blue Plaster Smooth,blue_plaster,,,solid,blue_plaster,,,
TRUE,westeros_marble_plaster_tab,FALSE,,,Blue Plaster Smooth Fence,blue_plaster_fence,,,fence,blue_plaster,,,
TRUE,westeros_marble_plaster_tab,FALSE,,,Blue Plaster Smooth Hopper,blue_plaster_hopper,,,cuboid,blue_plaster,,,
TRUE,westeros_marble_plaster_tab,FALSE,,,Blue Plaster Rough,blue_plaster_rough,,,solid,blue_plaster_rough,,,
TRUE,westeros_marble_plaster_tab,FALSE,,,Blue Plaster Rough Fence,blue_plaster_rough_fence,,,fence,blue_plaster_rough,,,
TRUE,westeros_marble_plaster_tab,FALSE,,,Blue Plaster Rough Hopper,blue_plaster_rough_hopper,,,cuboid,blue_plaster_rough,,,
TRUE,westeros_marble_plaster_tab,FALSE,,,Blue Plaster Rough Slab,blue_plaster_rough_slab,,,slab,blue_plaster_rough,,,
TRUE,westeros_marble_plaster_tab,FALSE,,,Blue Plaster Rough Stairs,blue_plaster_rough_stairs,,,stair,blue_plaster_rough,,,
TRUE,westeros_marble_plaster_tab,FALSE,,,Blue Plaster Rough Tip,blue_plaster_rough_tip,,,cuboid,blue_plaster_rough,,,
TRUE,westeros_marble_plaster_tab,FALSE,,,Blue Plaster Rough Wall,blue_plaster_rough_wall,,,wall,blue_plaster_rough,,,
TRUE,westeros_marble_plaster_tab,FALSE,,,Blue Plaster Smooth Slab,blue_plaster_slab,,,slab,blue_plaster,,,
TRUE,westeros_marble_plaster_tab,FALSE,,,Blue Plaster Smooth Stairs,blue_plaster_stairs,,,stair,blue_plaster,,,
TRUE,westeros_marble_plaster_tab,FALSE,,,Blue Plaster Smooth Tip,blue_plaster_tip,,,cuboid,blue_plaster,,,
TRUE,westeros_marble_plaster_tab,FALSE,,,Blue Plaster Smooth Wall,blue_plaster_wall,,,wall,blue_plaster,,,
TRUE,westeros_roofing_tab,FALSE,Roofing Update,Ready For Work,Blue Slate,blue_slate,,,solid,blue_slate,,,
TRUE,westeros_roofing_tab,FALSE,Roofing Update,Ready For Work,Blue Slate Fence,blue_slate_fence,,,fence,blue_slate,,,
TRUE,westeros_roofing_tab,FALSE,Roofing Update,Ready For Work,Blue Slate Hopper,blue_slate_hopper,,,cuboid,blue_slate,,,
TRUE,westeros_roofing_tab,FALSE,Roofing Update,Ready For Work,Blue Slate Slab,blue_slate_slab,,,slab,blue_slate,,,
TRUE,westeros_roofing_tab,FALSE,Roofing Update,Ready For Work,Blue Slate Stairs,blue_slate_stairs,,,stair,blue_slate,,,
TRUE,westeros_roofing_tab,FALSE,Roofing Update,Ready For Work,Blue Slate Tip,blue_slate_tip,,,cuboid,blue_slate,,,
TRUE,westeros_roofing_tab,FALSE,Roofing Update,Ready For Work,Blue Slate Wall,blue_slate_wall,,,wall,blue_slate,,,
FALSE,westeros_flowers_tab,FALSE,Crops/Plants Update,,Blue Swamp Bells,blue_swamp_bells,,,plant,,,,
TRUE,westeros_wood_planks_tab,FALSE,Wood Update,Complete,Blue Wood Window_frame,blue_timber_window_frame,Doku,,solid,blue_wood,,,
TRUE,westeros_wood_planks_tab,FALSE,Wood Update,Complete,Blue Wood Window_frame_mullion,blue_timber_window_frame_mullion,Doku,,solid,blue_wood,,,
TRUE,westeros_wood_planks_tab,FALSE,Wood Update,Complete,Blue Wood,blue_wood,Doku,,solid,blue_wood,,,
TRUE,westeros_wood_planks_tab,FALSE,Wood Update,Complete,Blue Wood Carpet,blue_wood_carpet,Doku,,cuboid,blue_wood,,,
TRUE,westeros_wood_planks_tab,FALSE,Wood Update,Complete,Blue Wood Fence,blue_wood_fence,Doku,,fence,blue_wood,,,
TRUE,westeros_wood_planks_tab,FALSE,Wood Update,Complete,Blue Wood Vertical Planks Half_door,blue_wood_half_door,Doku,,cuboid-nsew,blue_wood_vertical_planks,,,
TRUE,westeros_wood_planks_tab,FALSE,Wood Update,Complete,Blue Wood Hopper,blue_wood_hopper,Doku,,cuboid,blue_wood,,,
TRUE,westeros_wood_planks_tab,FALSE,Wood Update,Complete,Blue Wood Slab,blue_wood_slab,Doku,,slab,blue_wood,,,
TRUE,westeros_wood_planks_tab,FALSE,Wood Update,Complete,Blue Wood Stairs,blue_wood_stairs,Doku,,stair,blue_wood,,,
TRUE,westeros_wood_planks_tab,FALSE,Wood Update,Complete,Blue Wood Tip,blue_wood_tip,Doku,,cuboid,blue_wood,,,
TRUE,westeros_wood_planks_tab,FALSE,Wood Update,Complete,Blue Wood Vertical Planks,blue_wood_vertical_planks,Doku,,solid,blue_wood_vertical_planks,,,
TRUE,westeros_wood_planks_tab,FALSE,Wood Update,Complete,Blue Wood Vertical Planks Carpet,blue_wood_vertical_planks_carpet,Doku,,cuboid,blue_wood_vertical_planks,,,
TRUE,westeros_wood_planks_tab,FALSE,Wood Update,Complete,Blue Wood Vertical Planks Fence,blue_wood_vertical_planks_fence,Doku,,fence,blue_wood_vertical_planks,,,
TRUE,westeros_wood_planks_tab,FALSE,Wood Update,Complete,Blue Wood Vertical Planks Hopper,blue_wood_vertical_planks_hopper,Doku,,cuboid,blue_wood_vertical_planks,,,
TRUE,westeros_wood_planks_tab,FALSE,Wood Update,Complete,Blue Wood Vertical Planks Slab,blue_wood_vertical_planks_slab,Doku,,slab,blue_wood_vertical_planks,,,
TRUE,westeros_wood_planks_tab,FALSE,Wood Update,Complete,Blue Wood Vertical Planks Stairs,blue_wood_vertical_planks_stairs,Doku,,stair,blue_wood_vertical_planks,,,
TRUE,westeros_wood_planks_tab,FALSE,Wood Update,Complete,Blue Wood Vertical Planks Tip,blue_wood_vertical_planks_tip,Doku,,cuboid,blue_wood_vertical_planks,,,
TRUE,westeros_wood_planks_tab,FALSE,Wood Update,Complete,Blue Wood Vertical Planks Wall,blue_wood_vertical_planks_wall,Doku,,wall,blue_wood_vertical_planks,,,
TRUE,westeros_wood_planks_tab,FALSE,Wood Update,Complete,Blue Wood Wall,blue_wood_wall,Doku,,wall,blue_wood,,,
TRUE,westeros_cloth_fibers_tab,FALSE,,,Blue Wool,blue_wool,Doku,,solid,blue_wool,,,
FALSE,westeros_banners_tab,FALSE,,,Blue Wool Banner,blue_wool_banner,WesterosBlocks,,cuboid-nsew-stack,,,,
TRUE,westeros_cloth_fibers_tab,FALSE,,,Blue Wool Carpet,blue_wool_carpet,Doku,,cuboid,blue_wool,,,
TRUE,westeros_cloth_fibers_tab,FALSE,,,Blue Wool Fence,blue_wool_fence,Doku,,fence,blue_wool,,,
TRUE,westeros_cloth_fibers_tab,FALSE,,,Blue Wool Slab,blue_wool_slab,Doku,,slab,blue_wool,,,
TRUE,westeros_cloth_fibers_tab,FALSE,,,Blue Wool Stairs,blue_wool_stairs,Doku,,stair,blue_wool,,,
TRUE,westeros_cloth_fibers_tab,FALSE,,,Blue Wool Tip,blue_wool_tip,Doku,,cuboid,blue_wool,,,
TRUE,westeros_cloth_fibers_tab,FALSE,,,Blue Wool Wall,blue_wool_wall,Doku,,wall,blue_wool,,,
FALSE,westeros_foliage_tab,FALSE,,,Blueberry Bush,blueberry_bush,,,leaves,,,,
FALSE,westeros_panelling_carvings_tab,FALSE,,,Blue/Green Carved Sandstone,bluegreen_carved_sandstone,,,solid,,,,
TRUE,westeros_grass_dirt_tab,FALSE,,,Bog,bog,WesterosBlocks,,solid,bog,,,
TRUE,westeros_grass_dirt_tab,FALSE,,,Bog Slab,bog_slab,WesterosBlocks,,slab,bog,,,
FALSE,westeros_banners_tab,FALSE,,,Bolling Banner,bolling_banner,WesterosBlocks,,cuboid-nsew-stack,,,,
FALSE,westeros_banners_tab,FALSE,,,Bolton Banner,bolton_banner,WesterosBlocks,,cuboid-nsew-stack,,,,
FALSE,westeros_grass_dirt_tab,FALSE,,,Bone Dirt,bone_dirt,,,solid,,,,
FALSE,westeros_decor_tab,FALSE,,,Bones,bones,WesterosBlocks,,cuboid-ne,,,,
FALSE,westeros_furniture_tab,FALSE,Wood Update,Ready For Work,Bookshelf Abandoned,bookshelf_abandoned,WesterosBlocks,,solid,,,,
FALSE,westeros_furniture_tab,FALSE,Wood Update,Ready For Work,Bookshelf Library,bookshelf_library,Doku,,solid,,,,
FALSE,westeros_furniture_tab,FALSE,Wood Update,Ready For Work,Bookshelf Maester,bookshelf_maester,Doku,,solid,,,,
FALSE,westeros_banners_tab,FALSE,,,Botley Banner,botley_banner,WesterosBlocks,,cuboid-nsew-stack,,,,
FALSE,westeros_grasses_shrubs_tab,FALSE,,,Bracken,bracken,Conquest Reforged,,plant,,,,
FALSE,westeros_banners_tab,FALSE,,,Bracken Banner,bracken_banner,WesterosBlocks,,cuboid-nsew-stack,,,,
FALSE,westeros_banners_tab,FALSE,,,Bracken Damaged Banner,bracken_damaged_banner,WesterosBlocks,,cuboid-nsew-stack,,,,
FALSE,westeros_banners_tab,FALSE,,,Brax Banner,brax_banner,WesterosBlocks,,cuboid-nsew-stack,,,,
FALSE,westeros_lighting_tab,FALSE,,,Lit Brazier,brazier,WesterosBlocks,,beacon,,,,
FALSE,westeros_lighting_tab,FALSE,,,Unlit Brazier,brazier2,WesterosBlocks,,beacon,,,,
FALSE,westeros_food_blocks_tab,FALSE,,,Bread Block,bread_block,,,cuboid,,,,
TRUE,westeros_brick_tab,FALSE,,,Orange Brick Rough Stairs,brick_stairs,,,stair,orange_brick,,,
FALSE,westeros_furniture_tab,FALSE,Wood Update,Ready For Work,Broken Cabinet,broken_cabinet,WesterosBlocks,,solid,,,,
FALSE,westeros_decor_tab,FALSE,,,Broken Sword,broken_sword,,,cuboid-ne,,,,
TRUE,westeros_metal_tab,FALSE,,,Bronze,bronze_block,WesterosBlocks,,solid,bronze,,,
TRUE,westeros_metal_tab,FALSE,,,Bronze Fence,bronze_fence,WesterosBlocks,,fence,bronze,,,
TRUE,westeros_metal_tab,FALSE,,,Bronze Hopper,bronze_hopper,WesterosBlocks,,cuboid,bronze,,,
TRUE,westeros_metal_tab,FALSE,,,Bronze Slab,bronze_slab,WesterosBlocks,,slab,bronze,,,
TRUE,westeros_metal_tab,FALSE,,,Bronze Stairs,bronze_stairs,WesterosBlocks,,stair,bronze,,,
TRUE,westeros_metal_tab,FALSE,,,Bronze Tip,bronze_tip,WesterosBlocks,,cuboid,bronze,,,
TRUE,westeros_metal_tab,FALSE,,,Bronze Wall,bronze_wall,WesterosBlocks,,wall,bronze,,,
FALSE,westeros_banners_tab,FALSE,,,Broom Banner,broom_banner,WesterosBlocks,,cuboid-nsew-stack,,,,
FALSE,westeros_banners_tab,FALSE,,,Embroidered Brown Banner,brown_banner,WesterosBlocks,,cuboid-nsew-stack,,,,
TRUE,westeros_fieldstone_tab,FALSE,,,Fieldstone Brown Grey,brown_grey_brick,Doku,,solid,brown_grey_brick,,,
TRUE,westeros_fieldstone_tab,FALSE,,,Fieldstone Brown Grey Arrow_slit,brown_grey_brick_arrow_slit,Doku,,solid,brown_grey_brick,,,
TRUE,westeros_fieldstone_tab,FALSE,,,Fieldstone Brown Grey Arrow_slit_ornate,brown_grey_brick_arrow_slit_ornate,Doku,,solid,brown_grey_brick,,,
TRUE,westeros_fieldstone_tab,FALSE,,,Fieldstone Brown Grey Arrow_slit_window,brown_grey_brick_arrow_slit_window,Doku,,solid,brown_grey_brick,,,
FALSE,westeros_panelling_carvings_tab,FALSE,,,Ashlar Engraved Brown Grey,brown_grey_brick_engraved,,,solid,,,,
FALSE,westeros_panelling_carvings_tab,FALSE,,,Ashlar Engraved Brown Grey Wall,brown_grey_brick_engraved_wall,,,wall,,,,
TRUE,westeros_fieldstone_tab,FALSE,,,Fieldstone Brown Grey Fence,brown_grey_brick_fence,Doku,,fence,brown_grey_brick,,,
TRUE,westeros_fieldstone_tab,FALSE,,,Fieldstone Brown Grey Hopper,brown_grey_brick_hopper,Doku,,cuboid,brown_grey_brick,,,
TRUE,westeros_fieldstone_tab,FALSE,,,Fieldstone Brown Grey Slab,brown_grey_brick_slab,Doku,,slab,brown_grey_brick,,,
TRUE,westeros_fieldstone_tab,FALSE,,,Fieldstone Brown Grey Stairs,brown_grey_brick_stairs,Doku,,stair,brown_grey_brick,,,
TRUE,westeros_fieldstone_tab,FALSE,,,Fieldstone Brown Grey Tip,brown_grey_brick_tip,Doku,,cuboid,brown_grey_brick,,,
TRUE,westeros_fieldstone_tab,FALSE,,,Fieldstone Brown Grey Wall,brown_grey_brick_wall,Doku,,wall,brown_grey_brick,,,
TRUE,westeros_cobblestone_tab,FALSE,Cobblestone Update,Ready For Work,Brown Grey Rubble,brown_grey_cobble,WesterosBlocks,,solid,brown_grey_cobble,,,
TRUE,westeros_cobblestone_tab,FALSE,Cobblestone Update,Ready For Work,Brown Grey Rubble Fence,brown_grey_cobble_fence,WesterosBlocks,,fence,brown_grey_cobble,,,
TRUE,westeros_cobblestone_tab,FALSE,Cobblestone Update,Ready For Work,Brown Grey Rubble Hopper,brown_grey_cobble_hopper,WesterosBlocks,,cuboid,brown_grey_cobble,,,
TRUE,westeros_cobblestone_tab,FALSE,Cobblestone Update,Ready For Work,Brown Grey Rubble Slab,brown_grey_cobble_slab,WesterosBlocks,,slab,brown_grey_cobble,,,
TRUE,westeros_cobblestone_tab,FALSE,Cobblestone Update,Ready For Work,Brown Grey Rubble Stairs,brown_grey_cobble_stairs,WesterosBlocks,,stair,brown_grey_cobble,,,
TRUE,westeros_cobblestone_tab,FALSE,Cobblestone Update,Ready For Work,Brown Grey Rubble Tip,brown_grey_cobble_tip,WesterosBlocks,,cuboid,brown_grey_cobble,,,
TRUE,westeros_cobblestone_tab,FALSE,Cobblestone Update,Ready For Work,Brown Grey Rubble Wall,brown_grey_cobble_wall,WesterosBlocks,,wall,brown_grey_cobble,,,
TRUE,westeros_cobblestone_tab,FALSE,Cobblestone Update,Ready For Work,Cobblestone Brown Grey,brown_grey_cobblestone,,,solid,brown_grey_cobblestone,,,
TRUE,westeros_cobblestone_tab,FALSE,Cobblestone Update,Ready For Work,Cobblestone Brown Grey Fence,brown_grey_cobblestone_fence,,,fence,brown_grey_cobblestone,,,
TRUE,westeros_cobblestone_tab,FALSE,Cobblestone Update,Ready For Work,Cobblestone Brown Grey Hopper,brown_grey_cobblestone_hopper,,,cuboid,brown_grey_cobblestone,,,
TRUE,westeros_cobblestone_tab,FALSE,Cobblestone Update,Ready For Work,Cobblestone Brown Grey Slab,brown_grey_cobblestone_slab,,,slab,brown_grey_cobblestone,,,
TRUE,westeros_cobblestone_tab,FALSE,Cobblestone Update,Ready For Work,Cobblestone Brown Grey Stairs,brown_grey_cobblestone_stairs,,,stair,brown_grey_cobblestone,,,
TRUE,westeros_cobblestone_tab,FALSE,Cobblestone Update,Ready For Work,Cobblestone Brown Grey Tip,brown_grey_cobblestone_tip,,,cuboid,brown_grey_cobblestone,,,
TRUE,westeros_cobblestone_tab,FALSE,Cobblestone Update,Ready For Work,Cobblestone Brown Grey Wall,brown_grey_cobblestone_wall,,,wall,brown_grey_cobblestone,,,
TRUE,westeros_cobblestone_tab,FALSE,Cobblestone Update,Ready For Work,Dark Cobblestone Brown Grey,brown_grey_dark_cobblestone,,,solid,brown_grey_dark_cobblestone,,,
TRUE,westeros_cobblestone_tab,FALSE,Cobblestone Update,Ready For Work,Dark Cobblestone Brown Grey Fence,brown_grey_dark_cobblestone_fence,,,fence,brown_grey_dark_cobblestone,,,
TRUE,westeros_cobblestone_tab,FALSE,Cobblestone Update,Ready For Work,Dark Cobblestone Brown Grey Hopper,brown_grey_dark_cobblestone_hopper,,,cuboid,brown_grey_dark_cobblestone,,,
TRUE,westeros_cobblestone_tab,FALSE,Cobblestone Update,Ready For Work,Dark Cobblestone Brown Grey Slab,brown_grey_dark_cobblestone_slab,,,slab,brown_grey_dark_cobblestone,,,
TRUE,westeros_cobblestone_tab,FALSE,Cobblestone Update,Ready For Work,Dark Cobblestone Brown Grey Stairs,brown_grey_dark_cobblestone_stairs,,,stair,brown_grey_dark_cobblestone,,,
TRUE,westeros_cobblestone_tab,FALSE,Cobblestone Update,Ready For Work,Dark Cobblestone Brown Grey Tip,brown_grey_dark_cobblestone_tip,,,cuboid,brown_grey_dark_cobblestone,,,
TRUE,westeros_cobblestone_tab,FALSE,Cobblestone Update,Ready For Work,Dark Cobblestone Brown Grey Wall,brown_grey_dark_cobblestone_wall,,,wall,brown_grey_dark_cobblestone,,,
TRUE,westeros_polished_stone_tab,FALSE,,,Polished Stone Brown Grey,brown_grey_granite_polished,Doku,,solid,brown_grey_granite_polished,,,
TRUE,westeros_polished_stone_tab,FALSE,,,Polished Stone Brown Grey Slab,brown_grey_granite_polished_slab,Doku,,slab,brown_grey_granite_polished,,,
TRUE,westeros_polished_stone_tab,FALSE,,,Polished Stone Brown Grey Stairs,brown_grey_granite_polished_stairs,Doku,,stair,brown_grey_granite_polished,,,
TRUE,westeros_polished_stone_tab,FALSE,,,Polished Stone Brown Grey Wall,brown_grey_granite_polished_wall,Doku,,wall,brown_grey_granite_polished,,,
TRUE,westeros_half_ashlar_tab,FALSE,,,Half Ashlar Brown Grey,brown_grey_large_brick,Doku,,solid,brown_grey_large_brick,,,
TRUE,westeros_half_ashlar_tab,FALSE,,,Half Ashlar Brown Grey Arrow_slit,brown_grey_large_brick_arrow_slit,Doku,,solid,brown_grey_large_brick,,,
TRUE,westeros_half_ashlar_tab,FALSE,,,Half Ashlar Brown Grey Arrow_slit_ornate,brown_grey_large_brick_arrow_slit_ornate,Doku,,solid,brown_grey_large_brick,,,
TRUE,westeros_half_ashlar_tab,FALSE,,,Half Ashlar Brown Grey Arrow_slit_window,brown_grey_large_brick_arrow_slit_window,Doku,,solid,brown_grey_large_brick,,,
TRUE,westeros_half_ashlar_tab,FALSE,,,Half Ashlar Brown Grey Fence,brown_grey_large_brick_fence,Doku,,fence,brown_grey_large_brick,,,
TRUE,westeros_half_ashlar_tab,FALSE,,,Half Ashlar Brown Grey Hopper,brown_grey_large_brick_hopper,Doku,,cuboid,brown_grey_large_brick,,,
TRUE,westeros_half_ashlar_tab,FALSE,,,Half Ashlar Brown Grey Slab,brown_grey_large_brick_slab,Doku,,slab,brown_grey_large_brick,,,
TRUE,westeros_half_ashlar_tab,FALSE,,,Half Ashlar Brown Grey Stairs,brown_grey_large_brick_stairs,Doku,,stair,brown_grey_large_brick,,,
TRUE,westeros_half_ashlar_tab,FALSE,,,Half Ashlar Brown Grey Tip,brown_grey_large_brick_tip,Doku,,cuboid,brown_grey_large_brick,,,
TRUE,westeros_half_ashlar_tab,FALSE,,,Half Ashlar Brown Grey Wall,brown_grey_large_brick_wall,Doku,,wall,brown_grey_large_brick,,,
TRUE,westeros_smooth_ashlar_tab,FALSE,,,Smooth Ashlar Brown Grey,brown_grey_light_stone,,,solid,brown_grey_light_stone,,,
TRUE,westeros_smooth_ashlar_tab,FALSE,,,Smooth Ashlar Brown Grey Arrow_slit,brown_grey_light_stone_arrow_slit,,,solid,brown_grey_light_stone,,,
TRUE,westeros_smooth_ashlar_tab,FALSE,,,Smooth Ashlar Brown Grey Arrow_slit_ornate,brown_grey_light_stone_arrow_slit_ornate,,,solid,brown_grey_light_stone,,,
TRUE,westeros_smooth_ashlar_tab,FALSE,,,Smooth Ashlar Brown Grey Arrow_slit_window,brown_grey_light_stone_arrow_slit_window,,,solid,brown_grey_light_stone,,,
TRUE,westeros_smooth_ashlar_tab,FALSE,,,Smooth Ashlar Brown Grey Fence,brown_grey_light_stone_fence,,,fence,brown_grey_light_stone,,,
TRUE,westeros_smooth_ashlar_tab,FALSE,,,Smooth Ashlar Brown Grey Hopper,brown_grey_light_stone_hopper,,,cuboid,brown_grey_light_stone,,,
TRUE,westeros_smooth_ashlar_tab,FALSE,,,Smooth Ashlar Brown Grey Slab,brown_grey_light_stone_slab,,,slab,brown_grey_light_stone,,,
TRUE,westeros_smooth_ashlar_tab,FALSE,,,Smooth Ashlar Brown Grey Stairs,brown_grey_light_stone_stairs,,,stair,brown_grey_light_stone,,,
TRUE,westeros_smooth_ashlar_tab,FALSE,,,Smooth Ashlar Brown Grey Tip,brown_grey_light_stone_tip,,,cuboid,brown_grey_light_stone,,,
TRUE,westeros_smooth_ashlar_tab,FALSE,,,Smooth Ashlar Brown Grey Wall,brown_grey_light_stone_wall,,,wall,brown_grey_light_stone,,,
TRUE,westeros_cobblestone_tab,FALSE,Cobblestone Update,Ready For Work,Brown Grey River Rubble,brown_grey_river_cobble,WesterosBlocks,,solid,brown_grey_river_cobble,,,
TRUE,westeros_cobblestone_tab,FALSE,Cobblestone Update,Ready For Work,Brown Grey River Rubble Fence,brown_grey_river_cobble_fence,WesterosBlocks,,fence,brown_grey_river_cobble,,,
TRUE,westeros_cobblestone_tab,FALSE,Cobblestone Update,Ready For Work,Brown Grey River Rubble Hopper,brown_grey_river_cobble_hopper,WesterosBlocks,,cuboid,brown_grey_river_cobble,,,
TRUE,westeros_cobblestone_tab,FALSE,Cobblestone Update,Ready For Work,Brown Grey River Rubble Slab,brown_grey_river_cobble_slab,WesterosBlocks,,slab,brown_grey_river_cobble,,,
TRUE,westeros_cobblestone_tab,FALSE,Cobblestone Update,Ready For Work,Brown Grey River Rubble Stairs,brown_grey_river_cobble_stairs,WesterosBlocks,,stair,brown_grey_river_cobble,,,
TRUE,westeros_cobblestone_tab,FALSE,Cobblestone Update,Ready For Work,Brown Grey River Rubble Tip,brown_grey_river_cobble_tip,WesterosBlocks,,cuboid,brown_grey_river_cobble,,,
TRUE,westeros_cobblestone_tab,FALSE,Cobblestone Update,Ready For Work,Brown Grey River Rubble Wall,brown_grey_river_cobble_wall,WesterosBlocks,,wall,brown_grey_river_cobble,,,
FALSE,westeros_grasses_shrubs_tab,FALSE,,,Brown Mushroom 1,brown_mushroom_1,,,plant,,,,
FALSE,westeros_grasses_shrubs_tab,FALSE,,,Brown Mushroom 10,brown_mushroom_10,,,plant,,,,
FALSE,westeros_grasses_shrubs_tab,FALSE,,,Brown Mushroom 11,brown_mushroom_11,,,plant,,,,
FALSE,westeros_grasses_shrubs_tab,FALSE,,,Brown Mushroom 12,brown_mushroom_12,,,plant,,,,
FALSE,westeros_grasses_shrubs_tab,FALSE,,,Brown Mushroom 13,brown_mushroom_13,,,plant,,,,
FALSE,westeros_grasses_shrubs_tab,FALSE,,,Brown Mushroom 2,brown_mushroom_2,,,plant,,,,
FALSE,westeros_grasses_shrubs_tab,FALSE,,,Brown Mushroom 3,brown_mushroom_3,,,plant,,,,
FALSE,westeros_grasses_shrubs_tab,FALSE,,,Brown Mushroom 4,brown_mushroom_4,,,plant,,,,
FALSE,westeros_grasses_shrubs_tab,FALSE,,,Brown Mushroom 5,brown_mushroom_5,,,plant,,,,
FALSE,westeros_grasses_shrubs_tab,FALSE,,,Brown Mushroom 6,brown_mushroom_6,,,plant,,,,
FALSE,westeros_grasses_shrubs_tab,FALSE,,,Brown Mushroom 7,brown_mushroom_7,,,plant,,,,
FALSE,westeros_grasses_shrubs_tab,FALSE,,,Brown Mushroom 8,brown_mushroom_8,,,plant,,,,
FALSE,westeros_grasses_shrubs_tab,FALSE,,,Brown Mushroom 9,brown_mushroom_9,,,plant,,,,
TRUE,westeros_roofing_tab,FALSE,Roofing Update,,Brown Slate,brown_slate,,,solid,brown_slate,,,
TRUE,westeros_roofing_tab,FALSE,Roofing Update,,Brown Slate Fence,brown_slate_fence,,,fence,brown_slate,,,
TRUE,westeros_roofing_tab,FALSE,Roofing Update,,Brown Slate Hopper,brown_slate_hopper,,,cuboid,brown_slate,,,
TRUE,westeros_roofing_tab,FALSE,Roofing Update,,Brown Slate Slab,brown_slate_slab,,,slab,brown_slate,,,
TRUE,westeros_roofing_tab,FALSE,Roofing Update,,Brown Slate Stairs,brown_slate_stairs,,,stair,brown_slate,,,
TRUE,westeros_roofing_tab,FALSE,Roofing Update,,Brown Slate Tip,brown_slate_tip,,,cuboid,brown_slate,,,
TRUE,westeros_roofing_tab,FALSE,Roofing Update,,Brown Slate Wall,brown_slate_wall,,,wall,brown_slate,,,
TRUE,westeros_cloth_fibers_tab,FALSE,,,Brown Wool,brown_wool,Doku,,solid,brown_wool,,,
FALSE,westeros_banners_tab,FALSE,,,Brown Wool Banner,brown_wool_banner,WesterosBlocks,,cuboid-nsew-stack,,,,
TRUE,westeros_cloth_fibers_tab,FALSE,,,Brown Wool Carpet,brown_wool_carpet,Doku,,cuboid,brown_wool,,,
TRUE,westeros_cloth_fibers_tab,FALSE,,,Brown Wool Fence,brown_wool_fence,Doku,,fence,brown_wool,,,
TRUE,westeros_cloth_fibers_tab,FALSE,,,Brown Wool Slab,brown_wool_slab,Doku,,slab,brown_wool,,,
TRUE,westeros_cloth_fibers_tab,FALSE,,,Brown Wool Stairs,brown_wool_stairs,Doku,,stair,brown_wool,,,
TRUE,westeros_cloth_fibers_tab,FALSE,,,Brown Wool Tip,brown_wool_tip,Doku,,cuboid,brown_wool,,,
TRUE,westeros_cloth_fibers_tab,FALSE,,,Brown Wool Wall,brown_wool_wall,Doku,,wall,brown_wool,,,
TRUE,westeros_marble_plaster_tab,FALSE,,,Brownish White Plaster Smooth,brownish_white_plaster,,,solid,brownish_white_plaster,,,
TRUE,westeros_marble_plaster_tab,FALSE,,,Brownish White Plaster Smooth Fence,brownish_white_plaster_fence,,,fence,brownish_white_plaster,,,
TRUE,westeros_marble_plaster_tab,FALSE,,,Brownish White Plaster Smooth Hopper,brownish_white_plaster_hopper,,,cuboid,brownish_white_plaster,,,
TRUE,westeros_marble_plaster_tab,FALSE,,,Brownish White Plaster Rough,brownish_white_plaster_rough,,,solid,brownish_white_plaster_rough,,,
TRUE,westeros_marble_plaster_tab,FALSE,,,Brownish White Plaster Rough Fence,brownish_white_plaster_rough_fence,,,fence,brownish_white_plaster_rough,,,
TRUE,westeros_marble_plaster_tab,FALSE,,,Brownish White Plaster Rough Hopper,brownish_white_plaster_rough_hopper,,,cuboid,brownish_white_plaster_rough,,,
TRUE,westeros_marble_plaster_tab,FALSE,,,Brownish White Plaster Rough Slab,brownish_white_plaster_rough_slab,,,slab,brownish_white_plaster_rough,,,
TRUE,westeros_marble_plaster_tab,FALSE,,,Brownish White Plaster Rough Stairs,brownish_white_plaster_rough_stairs,,,stair,brownish_white_plaster_rough,,,
TRUE,westeros_marble_plaster_tab,FALSE,,,Brownish White Plaster Rough Tip,brownish_white_plaster_rough_tip,,,cuboid,brownish_white_plaster_rough,,,
TRUE,westeros_marble_plaster_tab,FALSE,,,Brownish White Plaster Rough Wall,brownish_white_plaster_rough_wall,,,wall,brownish_white_plaster_rough,,,
TRUE,westeros_marble_plaster_tab,FALSE,,,Brownish White Plaster Smooth Slab,brownish_white_plaster_slab,,,slab,brownish_white_plaster,,,
TRUE,westeros_marble_plaster_tab,FALSE,,,Brownish White Plaster Smooth Stairs,brownish_white_plaster_stairs,,,stair,brownish_white_plaster,,,
TRUE,westeros_marble_plaster_tab,FALSE,,,Brownish White Plaster Smooth Tip,brownish_white_plaster_tip,,,cuboid,brownish_white_plaster,,,
TRUE,westeros_marble_plaster_tab,FALSE,,,Brownish White Plaster Smooth Wall,brownish_white_plaster_wall,,,wall,brownish_white_plaster,,,
FALSE,westeros_banners_tab,FALSE,,,Buckwell Banner,buckwell_banner,WesterosBlocks,,cuboid-nsew-stack,,,,
FALSE,westeros_banners_tab,FALSE,,,Bulwer Banner,bulwer_banner,WesterosBlocks,,cuboid-nsew-stack,,,,
FALSE,westeros_food_blocks_tab,FALSE,,,Bushel of Herbs,bushel_of_herbs,WesterosBlocks,,web,,,,
FALSE,westeros_crops_herbs_tab,FALSE,,,Bushel of Sourleaf,bushel_of_sourleaf,WesterosBlocks,,web,,,,
FALSE,westeros_grass_dirt_tab,FALSE,,,Bushy Grass Birch,bushy_grass_birch,,,cuboid,,,,
FALSE,westeros_grass_dirt_tab,FALSE,,,Bushy Grass Jungle,bushy_grass_jungle,,,cuboid,,,,
FALSE,westeros_grass_dirt_tab,FALSE,,,Bushy Grass Oak,bushy_grass_oak,,,cuboid,,,,
FALSE,westeros_grass_dirt_tab,FALSE,,,Bushy Grass Palm,bushy_grass_palm,,,cuboid,,,,
FALSE,westeros_grass_dirt_tab,FALSE,,,Bushy Grass Snowy Spruce,bushy_grass_snowy_spruce,,,cuboid,,,,
FALSE,westeros_grass_dirt_tab,FALSE,,,Bushy Grass Spruce,bushy_grass_spruce,,,cuboid,,,,
FALSE,westeros_sounds_tab,FALSE,,,Butcher Large,butcher_large,,,sound,,,,
FALSE,westeros_sounds_tab,FALSE,,,Butcher Small,butcher_small,,,sound,,,,
FALSE,westeros_misc_tab,FALSE,,,Northern Blue Butterfly,butterfly_blue,,,web,,,,
FALSE,westeros_misc_tab,FALSE,,,Southern Orange Butterfly,butterfly_orange,,,web,,,,
FALSE,westeros_misc_tab,FALSE,,,Eastern Red Butterfly,butterfly_red,,,web,,,,
FALSE,westeros_misc_tab,FALSE,,,Central White Butterfly,butterfly_white,,,web,,,,
FALSE,westeros_misc_tab,FALSE,,,Western Yellow Butterfly,butterfly_yellow,,,web,,,,
FALSE,westeros_banners_tab,FALSE,,,Butterwell Banner,butterwell_banner,WesterosBlocks,,cuboid-nsew-stack,,,,
FALSE,westeros_crops_herbs_tab,FALSE,,,Cabbage,cabbage,Doku,,cuboid-16way,,,,
FALSE,westeros_furniture_tab,FALSE,Wood Update,Ready For Work,Cabinet Drawer,cabinet_drawer,,,solid,,,,
FALSE,westeros_decor_tab,FALSE,,,Cage,cage,WesterosBlocks,,solid,,,,
FALSE,westeros_lighting_tab,FALSE,,,Candle,candle,Doku,,torch,,,,
FALSE,westeros_lighting_tab,FALSE,,,Candle Altar,candle_altar,"Doku, WesterosBlocks",,crop,,,,
FALSE,westeros_lighting_tab,FALSE,,,Unlit Candle,candle_unlit,Doku,,torch,,,,
FALSE,westeros_banners_tab,FALSE,,,Caron Banner,caron_banner,WesterosBlocks,,cuboid-nsew-stack,,,,
FALSE,westeros_sounds_tab,FALSE,,,Carpenter Large,carpenter_large,,,sound,,,,
FALSE,westeros_sounds_tab,FALSE,,,Carpenter Small,carpenter_small,,,sound,,,,
FALSE,westeros_food_blocks_tab,FALSE,,,Carrot Basket,carrot_basket,,,solid,,,,
FALSE,westeros_food_blocks_tab,FALSE,,,Carrot Basket Slab,carrot_basket_slab,,,slab,,,,
FALSE,westeros_food_blocks_tab,FALSE,Wood Update,Ready For Work,Carrot Crate,carrot_crate,,,solid,,,,
FALSE,westeros_decor_tab,FALSE,,,Cascade Particle Emitter,cascade_particle_emitter,,,particle,,,,
TRUE,westeros_marble_plaster_tab,FALSE,,,Casterly Crimson Plaster Smooth,casterly_rock_crimson_plaster,,,solid,casterly_rock_crimson_plaster,,,
TRUE,westeros_marble_plaster_tab,FALSE,,,Casterly Crimson Plaster Smooth Fence,casterly_rock_crimson_plaster_fence,,,fence,casterly_rock_crimson_plaster,,,
TRUE,westeros_marble_plaster_tab,FALSE,,,Casterly Crimson Plaster Smooth Hopper,casterly_rock_crimson_plaster_hopper,,,cuboid,casterly_rock_crimson_plaster,,,
TRUE,westeros_marble_plaster_tab,FALSE,,,Casterly Crimson Plaster Rough,casterly_rock_crimson_plaster_rough,,,solid,casterly_rock_crimson_plaster_rough,,,
TRUE,westeros_marble_plaster_tab,FALSE,,,Casterly Crimson Plaster Rough Fence,casterly_rock_crimson_plaster_rough_fence,,,fence,casterly_rock_crimson_plaster_rough,,,
TRUE,westeros_marble_plaster_tab,FALSE,,,Casterly Crimson Plaster Rough Hopper,casterly_rock_crimson_plaster_rough_hopper,,,cuboid,casterly_rock_crimson_plaster_rough,,,
TRUE,westeros_marble_plaster_tab,FALSE,,,Casterly Crimson Plaster Rough Slab,casterly_rock_crimson_plaster_rough_slab,,,slab,casterly_rock_crimson_plaster_rough,,,
TRUE,westeros_marble_plaster_tab,FALSE,,,Casterly Crimson Plaster Rough Stairs,casterly_rock_crimson_plaster_rough_stairs,,,stair,casterly_rock_crimson_plaster_rough,,,
TRUE,westeros_marble_plaster_tab,FALSE,,,Casterly Crimson Plaster Rough Tip,casterly_rock_crimson_plaster_rough_tip,,,cuboid,casterly_rock_crimson_plaster_rough,,,
TRUE,westeros_marble_plaster_tab,FALSE,,,Casterly Crimson Plaster Rough Wall,casterly_rock_crimson_plaster_rough_wall,,,wall,casterly_rock_crimson_plaster_rough,,,
TRUE,westeros_marble_plaster_tab,FALSE,,,Casterly Crimson Plaster Smooth Slab,casterly_rock_crimson_plaster_slab,,,slab,casterly_rock_crimson_plaster,,,
TRUE,westeros_marble_plaster_tab,FALSE,,,Casterly Crimson Plaster Smooth Stairs,casterly_rock_crimson_plaster_stairs,,,stair,casterly_rock_crimson_plaster,,,
TRUE,westeros_marble_plaster_tab,FALSE,,,Casterly Crimson Plaster Smooth Tip,casterly_rock_crimson_plaster_tip,,,cuboid,casterly_rock_crimson_plaster,,,
TRUE,westeros_marble_plaster_tab,FALSE,,,Casterly Crimson Plaster Smooth Wall,casterly_rock_crimson_plaster_wall,,,wall,casterly_rock_crimson_plaster,,,
FALSE,westeros_banners_tab,FALSE,,,Caswell Banner,caswell_banner,WesterosBlocks,,cuboid-nsew-stack,,,,
FALSE,westeros_grasses_shrubs_tab,FALSE,,,Cattails,cattails,WesterosBlocks,,web,,,,
FALSE,westeros_sounds_tab,FALSE,,,Cave Ambience,cave_ambience,,,sound,,,,
FALSE,westeros_banners_tab,FALSE,,,Celtigar Banner,celtigar_banner,WesterosBlocks,,cuboid-nsew-stack,,,,
FALSE,westeros_banners_tab,FALSE,,,Cerwyn Banner,cerwyn_banner,WesterosBlocks,,cuboid-nsew-stack,,,,
FALSE,westeros_metal_tab,FALSE,,,Chain Block Harness,chain_block_harness,WesterosBlocks,,web,,,,
FALSE,westeros_misc_tab,FALSE,,,Chain Pulley,chain_pulley,"Doku, WesterosBlocks",,cuboid-nsewud,,,,
FALSE,westeros_banners_tab,FALSE,,,Charlton Banner,charlton_banner,WesterosBlocks,,cuboid-nsew-stack,,,,
FALSE,westeros_food_blocks_tab,FALSE,,,Cheese Block,cheese_block,,,cuboid,,,,
FALSE,westeros_foliage_tab,FALSE,,,Cherry Fruit Leaves,cherry_fruit_leaves,,,leaves,,,,
FALSE,westeros_decor_tab,FALSE,,,Cheval de Frise,cheval_de_frise,,,cuboid-ne,,,,
FALSE,westeros_food_blocks_tab,FALSE,,,Chili Ristra,chili_ristra,WesterosBlocks,,web,,,,
FALSE,westeros_banners_tab,FALSE,,,Citadel Banner,citadel_banner,WesterosBlocks,,cuboid-nsew-stack,,,,
FALSE,westeros_lighting_tab,FALSE,,,Citadel Glass Candle Black,citadel_glass_candle_black,WesterosBlocks,,cuboid,,,,
FALSE,westeros_lighting_tab,FALSE,,,Citadel Glass Candle Green,citadel_glass_candle_green,WesterosBlocks,,cuboid,,,,
TRUE,westeros_marble_plaster_tab,FALSE,,,Citadel Green Marble,citadel_green_marble,"WesterosBlocks, Doku",,solid,citadel_green_marble,,,
TRUE,westeros_marble_plaster_tab,FALSE,,,Citadel Green Marble Fence,citadel_green_marble_fence,"WesterosBlocks, Doku",,fence,citadel_green_marble,,,
TRUE,westeros_marble_plaster_tab,FALSE,,,Citadel Green Marble Hopper,citadel_green_marble_hopper,"WesterosBlocks, Doku",,cuboid,citadel_green_marble,,,
TRUE,westeros_marble_plaster_tab,FALSE,,,Citadel Green Marble Slab,citadel_green_marble_slab,"WesterosBlocks, Doku",,slab,citadel_green_marble,,,
TRUE,westeros_marble_plaster_tab,FALSE,,,Citadel Green Marble Stairs,citadel_green_marble_stairs,"WesterosBlocks, Doku",,stair,citadel_green_marble,,,
TRUE,westeros_marble_plaster_tab,FALSE,,,Citadel Green Marble Tip,citadel_green_marble_tip,"WesterosBlocks, Doku",,cuboid,citadel_green_marble,,,
TRUE,westeros_marble_plaster_tab,FALSE,,,Citadel Green Marble Wall,citadel_green_marble_wall,"WesterosBlocks, Doku",,wall,citadel_green_marble,,,
FALSE,westeros_decor_tab,FALSE,,,City Profession: Ale Merchant,city_profession_ale_merchant,WesterosBlocks,,cuboid-ne,,,,
FALSE,westeros_decor_tab,FALSE,,,City Profession: Apothecary,city_profession_apothecary,WesterosBlocks,,cuboid-ne,,,,
FALSE,westeros_decor_tab,FALSE,,,City Profession: Armorer,city_profession_armorer,WesterosBlocks,,cuboid-ne,,,,
FALSE,westeros_decor_tab,FALSE,,,City Profession: Baker,city_profession_baker,WesterosBlocks,,cuboid-ne,,,,
FALSE,westeros_decor_tab,FALSE,,,City Profession: Barber,city_profession_barber,WesterosBlocks,,cuboid-ne,,,,
FALSE,westeros_decor_tab,FALSE,,,City Profession: Blacksmith,city_profession_blacksmith,WesterosBlocks,,cuboid-ne,,,,
FALSE,westeros_decor_tab,FALSE,,,City Profession: Bookbinder,city_profession_bookbinder,WesterosBlocks,,cuboid-ne,,,,
FALSE,westeros_decor_tab,FALSE,,,City Profession: Butcher,city_profession_butcher,WesterosBlocks,,cuboid-ne,,,,
FALSE,westeros_decor_tab,FALSE,,,City Profession: Carpenter,city_profession_carpenter,WesterosBlocks,,cuboid-ne,,,,
FALSE,westeros_decor_tab,FALSE,,,City Profession: Cartwright,city_profession_cartwright,WesterosBlocks,,cuboid-ne,,,,
FALSE,westeros_decor_tab,FALSE,,,City Profession: Chandler,city_profession_chandler,WesterosBlocks,,cuboid-ne,,,,
FALSE,westeros_decor_tab,FALSE,,,City Profession: Cobbler,city_profession_cobbler,WesterosBlocks,,cuboid-ne,,,,
FALSE,westeros_decor_tab,FALSE,,,City Profession: Cooper,city_profession_cooper,WesterosBlocks,,cuboid-ne,,,,
FALSE,westeros_decor_tab,FALSE,,,City Profession: Fishmongerer,city_profession_fishmongerer,WesterosBlocks,,cuboid-ne,,,,
FALSE,westeros_decor_tab,FALSE,,,City Profession: Flea Bottom Potshop,city_profession_flea_bottom_potshop,WesterosBlocks,,cuboid-ne,,,,
FALSE,westeros_decor_tab,FALSE,,,City Profession: Fletcher,city_profession_fletcher,WesterosBlocks,,cuboid-ne,,,,
FALSE,westeros_decor_tab,FALSE,,,City Profession: Furrier,city_profession_furrier,WesterosBlocks,,cuboid-ne,,,,
FALSE,westeros_decor_tab,FALSE,,,City Profession: Inn,city_profession_inn,WesterosBlocks,,cuboid-ne,,,,
FALSE,westeros_decor_tab,FALSE,,,City Profession: Jeweller,city_profession_jeweller,WesterosBlocks,,cuboid-ne,,,,
FALSE,westeros_decor_tab,FALSE,,,City Profession: Mason,city_profession_mason,WesterosBlocks,,cuboid-ne,,,,
FALSE,westeros_decor_tab,FALSE,,,City Profession: Mercer,city_profession_mercer,WesterosBlocks,,cuboid-ne,,,,
FALSE,westeros_decor_tab,FALSE,,,City Profession: Net Maker,city_profession_net_maker,WesterosBlocks,,cuboid-ne,,,,
FALSE,westeros_decor_tab,FALSE,,,City Profession: Potter,city_profession_potter,WesterosBlocks,,cuboid-ne,,,,
FALSE,westeros_decor_tab,FALSE,,,City Profession: Ropemaker,city_profession_ropemaker,WesterosBlocks,,cuboid-ne,,,,
FALSE,westeros_decor_tab,FALSE,,,City Profession: Scribe,city_profession_scribe,WesterosBlocks,,cuboid-ne,,,,
FALSE,westeros_decor_tab,FALSE,,,City Profession: Spicer,city_profession_spicer,WesterosBlocks,,cuboid-ne,,,,
FALSE,westeros_decor_tab,FALSE,,,City Profession: Stables,city_profession_stables,WesterosBlocks,,cuboid-ne,,,,
FALSE,westeros_decor_tab,FALSE,,,City Profession: Tailor,city_profession_tailor,WesterosBlocks,,cuboid-ne,,,,
FALSE,westeros_decor_tab,FALSE,,,City Profession: Tanner,city_profession_tanner,WesterosBlocks,,cuboid-ne,,,,
FALSE,westeros_decor_tab,FALSE,,,City Profession: Tavern,city_profession_tavern,WesterosBlocks,,cuboid-ne,,,,
FALSE,westeros_decor_tab,FALSE,,,City Profession: Weaponsmith,city_profession_weaponsmith,WesterosBlocks,,cuboid-ne,,,,
FALSE,westeros_decor_tab,FALSE,,,City Profession: Wine Merchant,city_profession_wine_merchant,WesterosBlocks,,cuboid-ne,,,,
FALSE,westeros_grass_dirt_tab,FALSE,,,Classic Grass Block,classic_grass_block,,,cuboid,,,,
FALSE,westeros_tool_blocks_tab,FALSE,,,Cleaver Block,cleaver_block,"Doku, WesterosBlocks",,cuboid-nsew,,,,
FALSE,westeros_banners_tab,FALSE,,,Clegane Banner,clegane_banner,WesterosBlocks,,cuboid-nsew-stack,,,,
FALSE,westeros_decor_tab,FALSE,Wood Update,Ready For Work,Closed Barrel,closed_barrel,"WesterosBlocks, Doku",,log,,,,
FALSE,westeros_decor_tab,FALSE,,,Closed Basket,closed_basket,WesterosBlocks,,solid,,,,
FALSE,westeros_decor_tab,FALSE,,,Closed Basket Slab,closed_basket_slab,WesterosBlocks,,slab,,,,
FALSE,westeros_furniture_tab,FALSE,Wood Update,Ready For Work,Closed Cabinet,closed_cabinet,,,solid,,,,
FALSE,westeros_cloth_fibers_tab,FALSE,,,Clothesline,clothesline,WesterosBlocks,,cuboid-ne,,,,
TRUE,westeros_terrain_sets_tab,FALSE,,,Coal Ore,coal_ore,WesterosBlocks,,solid,coal_ore,,,
TRUE,westeros_terrain_sets_tab,FALSE,,,Coal Ore Slab,coal_ore_slab,WesterosBlocks,,slab,coal_ore,,,
TRUE,westeros_terrain_sets_tab,FALSE,,,Coal Ore Stairs,coal_ore_stairs,WesterosBlocks,,stair,coal_ore,,,
TRUE,westeros_terrain_sets_tab,FALSE,,,Coal Ore Wall,coal_ore_wall,WesterosBlocks,,wall,coal_ore,,,
FALSE,westeros_panelling_carvings_tab,FALSE,,,Ashlar Engraved Pale Dark Red,coarse_dark_red_carved_sandstone,,,solid,,,,
FALSE,westeros_panelling_carvings_tab,FALSE,,,Ashlar Engraved Pale Dark Red Wall,coarse_dark_red_carved_sandstone_wall,,,wall,,,,
TRUE,westeros_medium_ashlar_tab,FALSE,,,Medium Ashlar Pale Dark Red,coarse_dark_red_sandstone,,,solid,coarse_dark_red_sandstone,,,
TRUE,westeros_medium_ashlar_tab,FALSE,,,Medium Ashlar Pale Dark Red Arrow_slit,coarse_dark_red_sandstone_arrow_slit,,,solid,coarse_dark_red_sandstone,,,
TRUE,westeros_medium_ashlar_tab,FALSE,,,Medium Ashlar Pale Dark Red Arrow_slit_ornate,coarse_dark_red_sandstone_arrow_slit_ornate,,,solid,coarse_dark_red_sandstone,,,
TRUE,westeros_medium_ashlar_tab,FALSE,,,Medium Ashlar Pale Dark Red Arrow_slit_window,coarse_dark_red_sandstone_arrow_slit_window,,,solid,coarse_dark_red_sandstone,,,
TRUE,westeros_medium_ashlar_tab,FALSE,,,Medium Ashlar Pale Dark Red Fence,coarse_dark_red_sandstone_fence,,,fence,coarse_dark_red_sandstone,,,
TRUE,westeros_medium_ashlar_tab,FALSE,,,Medium Ashlar Pale Dark Red Hopper,coarse_dark_red_sandstone_hopper,,,cuboid,coarse_dark_red_sandstone,,,
TRUE,westeros_medium_ashlar_tab,FALSE,,,Medium Ashlar Pale Dark Red Slab,coarse_dark_red_sandstone_slab,,,slab,coarse_dark_red_sandstone,,,
TRUE,westeros_medium_ashlar_tab,FALSE,,,Medium Ashlar Pale Dark Red Stairs,coarse_dark_red_sandstone_stairs,,,stair,coarse_dark_red_sandstone,,,
TRUE,westeros_medium_ashlar_tab,FALSE,,,Medium Ashlar Pale Dark Red Tip,coarse_dark_red_sandstone_tip,,,cuboid,coarse_dark_red_sandstone,,,
TRUE,westeros_medium_ashlar_tab,FALSE,,,Medium Ashlar Pale Dark Red Wall,coarse_dark_red_sandstone_wall,,,wall,coarse_dark_red_sandstone,,,
FALSE,westeros_panelling_carvings_tab,FALSE,,,Ashlar Engraved Pale Red,coarse_red_carved_sandstone,,,solid,,,,
FALSE,westeros_panelling_carvings_tab,FALSE,,,Ashlar Engraved Pale Red Wall,coarse_red_carved_sandstone_wall,,,wall,,,,
TRUE,westeros_cobblestone_tab,FALSE,Cobblestone Update,Ready For Work,Dark Cobblestone Pale Red,coarse_red_dark_cobblestone,,,solid,coarse_red_dark_cobblestone,,,
TRUE,westeros_cobblestone_tab,FALSE,Cobblestone Update,Ready For Work,Dark Cobblestone Pale Red Fence,coarse_red_dark_cobblestone_fence,,,fence,coarse_red_dark_cobblestone,,,
TRUE,westeros_cobblestone_tab,FALSE,Cobblestone Update,Ready For Work,Dark Cobblestone Pale Red Hopper,coarse_red_dark_cobblestone_hopper,,,cuboid,coarse_red_dark_cobblestone,,,
TRUE,westeros_cobblestone_tab,FALSE,Cobblestone Update,Ready For Work,Dark Cobblestone Pale Red Slab,coarse_red_dark_cobblestone_slab,,,slab,coarse_red_dark_cobblestone,,,
TRUE,westeros_cobblestone_tab,FALSE,Cobblestone Update,Ready For Work,Dark Cobblestone Pale Red Stairs,coarse_red_dark_cobblestone_stairs,,,stair,coarse_red_dark_cobblestone,,,
TRUE,westeros_cobblestone_tab,FALSE,Cobblestone Update,Ready For Work,Dark Cobblestone Pale Red Tip,coarse_red_dark_cobblestone_tip,,,cuboid,coarse_red_dark_cobblestone,,,
TRUE,westeros_cobblestone_tab,FALSE,Cobblestone Update,Ready For Work,Dark Cobblestone Pale Red Wall,coarse_red_dark_cobblestone_wall,,,wall,coarse_red_dark_cobblestone,,,
TRUE,westeros_half_ashlar_tab,FALSE,,,Half Ashlar Pale Red,coarse_red_large_brick,Doku,,solid,coarse_red_large_brick,,,
TRUE,westeros_half_ashlar_tab,FALSE,,,Half Ashlar Pale Red Arrow_slit,coarse_red_large_brick_arrow_slit,Doku,,solid,coarse_red_large_brick,,,
TRUE,westeros_half_ashlar_tab,FALSE,,,Half Ashlar Pale Red Arrow_slit_ornate,coarse_red_large_brick_arrow_slit_ornate,Doku,,solid,coarse_red_large_brick,,,
TRUE,westeros_half_ashlar_tab,FALSE,,,Half Ashlar Pale Red Arrow_slit_window,coarse_red_large_brick_arrow_slit_window,Doku,,solid,coarse_red_large_brick,,,
TRUE,westeros_half_ashlar_tab,FALSE,,,Half Ashlar Pale Red Fence,coarse_red_large_brick_fence,Doku,,fence,coarse_red_large_brick,,,
TRUE,westeros_half_ashlar_tab,FALSE,,,Half Ashlar Pale Red Hopper,coarse_red_large_brick_hopper,Doku,,cuboid,coarse_red_large_brick,,,
TRUE,westeros_half_ashlar_tab,FALSE,,,Half Ashlar Pale Red Slab,coarse_red_large_brick_slab,Doku,,slab,coarse_red_large_brick,,,
TRUE,westeros_half_ashlar_tab,FALSE,,,Half Ashlar Pale Red Stairs,coarse_red_large_brick_stairs,Doku,,stair,coarse_red_large_brick,,,
TRUE,westeros_half_ashlar_tab,FALSE,,,Half Ashlar Pale Red Tip,coarse_red_large_brick_tip,Doku,,cuboid,coarse_red_large_brick,,,
TRUE,westeros_half_ashlar_tab,FALSE,,,Half Ashlar Pale Red Wall,coarse_red_large_brick_wall,Doku,,wall,coarse_red_large_brick,,,
TRUE,westeros_medium_ashlar_tab,FALSE,,,Medium Ashlar Pale Red,coarse_red_sandstone,,,solid,coarse_red_sandstone,,,
TRUE,westeros_medium_ashlar_tab,FALSE,,,Medium Ashlar Pale Red Arrow_slit,coarse_red_sandstone_arrow_slit,,,solid,coarse_red_sandstone,,,
TRUE,westeros_medium_ashlar_tab,FALSE,,,Medium Ashlar Pale Red Arrow_slit_ornate,coarse_red_sandstone_arrow_slit_ornate,,,solid,coarse_red_sandstone,,,
TRUE,westeros_medium_ashlar_tab,FALSE,,,Medium Ashlar Pale Red Arrow_slit_window,coarse_red_sandstone_arrow_slit_window,,,solid,coarse_red_sandstone,,,
TRUE,westeros_medium_ashlar_tab,FALSE,,,Medium Ashlar Pale Red Fence,coarse_red_sandstone_fence,,,fence,coarse_red_sandstone,,,
TRUE,westeros_medium_ashlar_tab,FALSE,,,Medium Ashlar Pale Red Hopper,coarse_red_sandstone_hopper,,,cuboid,coarse_red_sandstone,,,
TRUE,westeros_polished_stone_tab,FALSE,,,Polished Stone Pale Red,coarse_red_sandstone_polished,Doku,,solid,coarse_red_sandstone_polished,,,
TRUE,westeros_polished_stone_tab,FALSE,,,Polished Stone Pale Red Slab,coarse_red_sandstone_polished_slab,Doku,,slab,coarse_red_sandstone_polished,,,
TRUE,westeros_polished_stone_tab,FALSE,,,Polished Stone Pale Red Stairs,coarse_red_sandstone_polished_stairs,Doku,,stair,coarse_red_sandstone_polished,,,
TRUE,westeros_polished_stone_tab,FALSE,,,Polished Stone Pale Red Wall,coarse_red_sandstone_polished_wall,Doku,,wall,coarse_red_sandstone_polished,,,
TRUE,westeros_medium_ashlar_tab,FALSE,,,Medium Ashlar Pale Red Slab,coarse_red_sandstone_slab,,,slab,coarse_red_sandstone,,,
TRUE,westeros_medium_ashlar_tab,FALSE,,,Medium Ashlar Pale Red Stairs,coarse_red_sandstone_stairs,,,stair,coarse_red_sandstone,,,
TRUE,westeros_medium_ashlar_tab,FALSE,,,Medium Ashlar Pale Red Tip,coarse_red_sandstone_tip,,,cuboid,coarse_red_sandstone,,,
TRUE,westeros_medium_ashlar_tab,FALSE,,,Medium Ashlar Pale Red Wall,coarse_red_sandstone_wall,,,wall,coarse_red_sandstone,,,
FALSE,westeros_panelling_carvings_tab,FALSE,,,Cobblestone Keystone Grey,cobble_keystone,,,solid,,,,
TRUE,westeros_cobblestone_tab,FALSE,Cobblestone Update,Ready For Work,Cobblestone Normal Grey,cobblestone,,,solid,cobblestone,,,
TRUE,westeros_cobblestone_tab,FALSE,Cobblestone Update,Ready For Work,Cobblestone Normal Grey Fence,cobblestone_fence,,,fence,cobblestone,,,
TRUE,westeros_cobblestone_tab,FALSE,Cobblestone Update,Ready For Work,Cobblestone Normal Grey Hopper,cobblestone_hopper,,,cuboid,cobblestone,,,
TRUE,westeros_cobblestone_tab,FALSE,Cobblestone Update,Ready For Work,Cobblestone Normal Grey Slab,cobblestone_slab,,,slab,cobblestone,,,
TRUE,westeros_cobblestone_tab,FALSE,Cobblestone Update,Ready For Work,Cobblestone Normal Grey Stairs,cobblestone_stairs,,,stair,cobblestone,,,
TRUE,westeros_cobblestone_tab,FALSE,Cobblestone Update,Ready For Work,Cobblestone Normal Grey Tip,cobblestone_tip,,,cuboid,cobblestone,,,
TRUE,westeros_cobblestone_tab,FALSE,Cobblestone Update,Ready For Work,Cobblestone Normal Grey Wall,cobblestone_wall,,,wall,cobblestone,,,
FALSE,westeros_decor_tab,FALSE,,,Cobweb,cobweb,,,web,,,,
FALSE,westeros_decor_tab,FALSE,,,Coins,coins,,,cuboid-ne,,,,
FALSE,westeros_banners_tab,FALSE,,,Coldwater Banner,coldwater_banner,WesterosBlocks,,cuboid-nsew-stack,,,,
FALSE,westeros_windows_glass_tab,FALSE,,,Coloured Sept Window,coloured_sept_window,,,solid,,,,
FALSE,westeros_banners_tab,FALSE,,,Connington Banner,connington_banner,WesterosBlocks,,cuboid-nsew-stack,,,,
TRUE,westeros_terrain_sets_tab,FALSE,,,Copper Ore,copper_ore,,,solid,copper_ore,,,
TRUE,westeros_terrain_sets_tab,FALSE,,,Copper Ore Slab,copper_ore_slab,,,slab,copper_ore,,,
TRUE,westeros_terrain_sets_tab,FALSE,,,Copper Ore Stairs,copper_ore_stairs,,,stair,copper_ore,,,
TRUE,westeros_terrain_sets_tab,FALSE,,,Copper Ore Wall,copper_ore_wall,,,wall,copper_ore,,,
TRUE,westeros_water_air_tab,FALSE,,,Brain Coral,coral_brain,,,solid,coral_brain,,,
FALSE,westeros_water_air_tab,FALSE,,,Brain Coral Fan,coral_brain_fan,,,fan,,,,
TRUE,westeros_water_air_tab,FALSE,,,Brain Coral Fence,coral_brain_fence,,,fence,coral_brain,,,
TRUE,westeros_water_air_tab,FALSE,,,Brain Coral Slab,coral_brain_slab,,,slab,coral_brain,,,
TRUE,westeros_water_air_tab,FALSE,,,Brain Coral Stairs,coral_brain_stairs,,,stair,coral_brain,,,
TRUE,westeros_water_air_tab,FALSE,,,Brain Coral Wall,coral_brain_wall,,,wall,coral_brain,,,
FALSE,westeros_water_air_tab,FALSE,,,Brain Coral Web,coral_brain_web,,,plant,,,,
TRUE,westeros_water_air_tab,FALSE,,,Bubble Coral,coral_bubble,,,solid,coral_bubble,,,
FALSE,westeros_water_air_tab,FALSE,,,Bubble Coral Fan,coral_bubble_fan,,,fan,,,,
TRUE,westeros_water_air_tab,FALSE,,,Bubble Coral Fence,coral_bubble_fence,,,fence,coral_bubble,,,
TRUE,westeros_water_air_tab,FALSE,,,Bubble Coral Slab,coral_bubble_slab,,,slab,coral_bubble,,,
TRUE,westeros_water_air_tab,FALSE,,,Bubble Coral Stairs,coral_bubble_stairs,,,stair,coral_bubble,,,
TRUE,westeros_water_air_tab,FALSE,,,Bubble Coral Wall,coral_bubble_wall,,,wall,coral_bubble,,,
FALSE,westeros_water_air_tab,FALSE,,,Bubble Coral Web,coral_bubble_web,,,plant,,,,
TRUE,westeros_water_air_tab,FALSE,,,Fire Coral,coral_fire,,,solid,coral_fire,,,
FALSE,westeros_water_air_tab,FALSE,,,Fire Coral Fan,coral_fire_fan,,,fan,,,,
TRUE,westeros_water_air_tab,FALSE,,,Fire Coral Fence,coral_fire_fence,,,fence,coral_fire,,,
TRUE,westeros_water_air_tab,FALSE,,,Fire Coral Slab,coral_fire_slab,,,slab,coral_fire,,,
TRUE,westeros_water_air_tab,FALSE,,,Fire Coral Stairs,coral_fire_stairs,,,stair,coral_fire,,,
TRUE,westeros_water_air_tab,FALSE,,,Fire Coral Wall,coral_fire_wall,,,wall,coral_fire,,,
FALSE,westeros_water_air_tab,FALSE,,,Fire Coral Web,coral_fire_web,,,plant,,,,
TRUE,westeros_water_air_tab,FALSE,,,Horn Coral,coral_horn,,,solid,coral_horn,,,
FALSE,westeros_water_air_tab,FALSE,,,Horn Coral Fan,coral_horn_fan,,,fan,,,,
TRUE,westeros_water_air_tab,FALSE,,,Horn Coral Fence,coral_horn_fence,,,fence,coral_horn,,,
TRUE,westeros_water_air_tab,FALSE,,,Horn Coral Slab,coral_horn_slab,,,slab,coral_horn,,,
TRUE,westeros_water_air_tab,FALSE,,,Horn Coral Stairs,coral_horn_stairs,,,stair,coral_horn,,,
TRUE,westeros_water_air_tab,FALSE,,,Horn Coral Wall,coral_horn_wall,,,wall,coral_horn,,,
FALSE,westeros_water_air_tab,FALSE,,,Horn Coral Web,coral_horn_web,,,plant,,,,
TRUE,westeros_water_air_tab,FALSE,,,Tube Coral,coral_tube,,,solid,coral_tube,,,
FALSE,westeros_water_air_tab,FALSE,,,Tube Coral Fan,coral_tube_fan,,,fan,,,,
TRUE,westeros_water_air_tab,FALSE,,,Tube Coral Fence,coral_tube_fence,,,fence,coral_tube,,,
TRUE,westeros_water_air_tab,FALSE,,,Tube Coral Slab,coral_tube_slab,,,slab,coral_tube,,,
TRUE,westeros_water_air_tab,FALSE,,,Tube Coral Stairs,coral_tube_stairs,,,stair,coral_tube,,,
TRUE,westeros_water_air_tab,FALSE,,,Tube Coral Wall,coral_tube_wall,,,wall,coral_tube,,,
FALSE,westeros_water_air_tab,FALSE,,,Tube Coral Web,coral_tube_web,,,plant,,,,
FALSE,westeros_banners_tab,FALSE,,,Corbray Banner,corbray_banner,WesterosBlocks,,cuboid-nsew-stack,,,,
FALSE,westeros_banners_tab,FALSE,,,Costayne Banner,costayne_banner,WesterosBlocks,,cuboid-nsew-stack,,,,
FALSE,westeros_decor_tab,FALSE,,,Cosy Smoke Particle Emitter,cosy_smoke_particle_emitter,,,particle,,,,
FALSE,westeros_grasses_shrubs_tab,FALSE,,,Cow Parsely,cow_parsely,Unsure,,plant,,,,
FALSE,westeros_banners_tab,FALSE,,,Crakehall Banner,crakehall_banner,WesterosBlocks,,cuboid-nsew-stack,,,,
FALSE,westeros_crops_herbs_tab,FALSE,,,Cranberry Bush,cranberry_bush,,,plant,,,,
FALSE,westeros_banners_tab,FALSE,,,Crane Banner,crane_banner,WesterosBlocks,,cuboid-nsew-stack,,,,
FALSE,westeros_decor_tab,FALSE,Wood Update,Ready For Work,Crate One,crate,Doku,,solid,,,,
FALSE,westeros_decor_tab,FALSE,Wood Update,Ready For Work,Crate Two,crate2,Doku,,solid,,,,
FALSE,westeros_decor_tab,FALSE,Wood Update,Ready For Work,Crate Three,crate3,Doku,,solid,,,,
FALSE,westeros_banners_tab,FALSE,,,Embroidered Cream Banner,cream_banner,WesterosBlocks,,cuboid-nsew-stack,,,,
FALSE,westeros_crops_herbs_tab,FALSE,,,Carrots,crop_carrots,,,crop,,,,
FALSE,westeros_crops_herbs_tab,FALSE,,,Cocoa,crop_cocoa,,,cuboid-nsew,,,,
FALSE,westeros_crops_herbs_tab,FALSE,,,Peas,crop_peas,,,crop,,,,
FALSE,westeros_crops_herbs_tab,FALSE,,,Turnips,crop_turnips,,,crop,,,,
FALSE,westeros_crops_herbs_tab,FALSE,,,Wheat,crop_wheat,,,crop,,,,
FALSE,westeros_test_tab,FALSE,,,Compact CTM,ctm_compact,,,solid,,,,
FALSE,westeros_test_tab,FALSE,,,Edges CTM (to water),ctm_edges,,,solid,,,,
FALSE,westeros_test_tab,FALSE,,,Edges-Full CTM (to water),ctm_edges_full,,,solid,,,,
FALSE,westeros_test_tab,FALSE,,,CTM Edges Full Overlay,ctm_edges_full_overlay,,,solid,,,,
FALSE,westeros_test_tab,FALSE,,,Horizontal CTM,ctm_horizontal,,,solid,,,,
FALSE,westeros_test_tab,FALSE,,,CTM Cushon Terrainset Overlay,ctm_overlay,WesterosBlocks,,solid,,,,
FALSE,westeros_test_tab,FALSE,,,Pattern CTM,ctm_pattern,,,solid,,,,
FALSE,westeros_test_tab,FALSE,,,Pillar CTM,ctm_pillar,,,log,,,,
FALSE,westeros_test_tab,FALSE,,,Random CTM,ctm_random,,,solid,,,,
FALSE,westeros_test_tab,FALSE,,,Simple CTM,ctm_simple,,,solid,,,,
FALSE,westeros_test_tab,FALSE,,,Vertical CTM,ctm_vertical,,,solid,,,,
FALSE,westeros_test_tab,FALSE,,,Vertical CTM (Connectstate),ctm_vertical_connectstate,,,solid,,,,
FALSE,westeros_test_tab,FALSE,,,Vertical Overlay CTM,ctm_vertical_overlay,,,solid,,,,
FALSE,westeros_test_tab,FALSE,,,Westeros H+V,ctm_westerosctmhorizvert,WesterosBlocks,,solid,,,,
FALSE,westeros_test_tab,FALSE,,,Westeros CTM+Pattern,ctm_westerosctmpattern,WesterosBlocks,,solid,,,,
FALSE,westeros_test_tab,FALSE,,,Westeros CTM Single,ctm_westerosctmsingle,WesterosBlocks,,solid,,,,
FALSE,westeros_test_tab,FALSE,,,Westeros V+H,ctm_westerosctmverthoriz,WesterosBlocks,,solid,,,,
FALSE,westeros_test_tab,FALSE,,,Westeros Nested Cond,ctm_westerosnestedcond,WesterosBlocks,,solid,,,,
TRUE,westeros_foliage_tab,FALSE,,,Cushion Moss,cushion_moss,WesterosBlocks,,solid,cushion_moss,,,
TRUE,westeros_foliage_tab,FALSE,,,Cushion Moss Slab,cushion_moss_slab,WesterosBlocks,,slab,cushion_moss,,,
TRUE,westeros_foliage_tab,FALSE,,,Cushion Moss Stairs,cushion_moss_stairs,WesterosBlocks,,stair,cushion_moss,,,
TRUE,westeros_foliage_tab,FALSE,,,Cushion Moss Wall,cushion_moss_wall,WesterosBlocks,,wall,cushion_moss,,,
FALSE,westeros_food_blocks_tab,FALSE,,,Cut Grain Flour Sack,cut_grain_flour_sack,WesterosBlocks,,slab,,,,
FALSE,westeros_banners_tab,FALSE,Fabric Update,,Cuy Banner,cuy_banner,WesterosBlocks,,cuboid-nsew-stack,,,,
FALSE,westeros_banners_tab,FALSE,Fabric Update,,Embroidered Cyan Banner,cyan_banner,WesterosBlocks,,cuboid-nsew-stack,,,,
TRUE,westeros_cloth_fibers_tab,FALSE,Fabric Update,,Cyan Wool,cyan_wool,Doku,,solid,cyan_wool,,,
FALSE,westeros_banners_tab,FALSE,Fabric Update,,Cyan Wool Banner,cyan_wool_banner,WesterosBlocks,,cuboid-nsew-stack,,,,
TRUE,westeros_cloth_fibers_tab,FALSE,Fabric Update,,Cyan Wool Carpet,cyan_wool_carpet,Doku,,cuboid,cyan_wool,,,
TRUE,westeros_cloth_fibers_tab,FALSE,Fabric Update,,Cyan Wool Fence,cyan_wool_fence,Doku,,fence,cyan_wool,,,
TRUE,westeros_cloth_fibers_tab,FALSE,Fabric Update,,Cyan Wool Slab,cyan_wool_slab,Doku,,slab,cyan_wool,,,
TRUE,westeros_cloth_fibers_tab,FALSE,Fabric Update,,Cyan Wool Stairs,cyan_wool_stairs,Doku,,stair,cyan_wool,,,
TRUE,westeros_cloth_fibers_tab,FALSE,Fabric Update,,Cyan Wool Tip,cyan_wool_tip,Doku,,cuboid,cyan_wool,,,
TRUE,westeros_cloth_fibers_tab,FALSE,Fabric Update,,Cyan Wool Wall,cyan_wool_wall,Doku,,wall,cyan_wool,,,
FALSE,westeros_tool_blocks_tab,FALSE,Weapon/Shield Update,Complete,Dagger Block,dagger_block,WesterosBlocks,,cuboid-nsew,,,,
FALSE,westeros_foliage_tab,FALSE,,,Dappled Moss,dappled_moss,,,vines,,,,
TRUE,westeros_half_ashlar_tab,FALSE,,,Dark Brown Sandstone,dark_brown_sandstone,,,solid,dark_brown_sandstone,,,
TRUE,westeros_half_ashlar_tab,FALSE,,,Dark Brown Sandstone Fence,dark_brown_sandstone_fence,,,fence,dark_brown_sandstone,,,
TRUE,westeros_half_ashlar_tab,FALSE,,,Dark Brown Sandstone Hopper,dark_brown_sandstone_hopper,,,cuboid,dark_brown_sandstone,,,
TRUE,westeros_half_ashlar_tab,FALSE,,,Dark Brown Sandstone Slab,dark_brown_sandstone_slab,,,slab,dark_brown_sandstone,,,
TRUE,westeros_half_ashlar_tab,FALSE,,,Dark Brown Sandstone Stairs,dark_brown_sandstone_stairs,,,stair,dark_brown_sandstone,,,
TRUE,westeros_half_ashlar_tab,FALSE,,,Dark Brown Sandstone Tip,dark_brown_sandstone_tip,,,cuboid,dark_brown_sandstone,,,
TRUE,westeros_half_ashlar_tab,FALSE,,,Dark Brown Sandstone Wall,dark_brown_sandstone_wall,,,wall,dark_brown_sandstone,,,
TRUE,westeros_cobblestone_tab,FALSE,Cobblestone Update,Ready For Work,Dark Cobblestone Green Grey,dark_cobblestone,,,solid,dark_cobblestone,,,
TRUE,westeros_cobblestone_tab,FALSE,Cobblestone Update,Ready For Work,Dark Cobblestone Green Grey Fence,dark_cobblestone_fence,,,fence,dark_cobblestone,,,
TRUE,westeros_cobblestone_tab,FALSE,Cobblestone Update,Ready For Work,Dark Cobblestone Green Grey Hopper,dark_cobblestone_hopper,,,cuboid,dark_cobblestone,,,
TRUE,westeros_cobblestone_tab,FALSE,Cobblestone Update,Ready For Work,Dark Cobblestone Green Grey Slab,dark_cobblestone_slab,,,slab,dark_cobblestone,,,
TRUE,westeros_cobblestone_tab,FALSE,Cobblestone Update,Ready For Work,Dark Cobblestone Green Grey Stairs,dark_cobblestone_stairs,,,stair,dark_cobblestone,,,
TRUE,westeros_cobblestone_tab,FALSE,Cobblestone Update,Ready For Work,Dark Cobblestone Green Grey Tip,dark_cobblestone_tip,,,cuboid,dark_cobblestone,,,
TRUE,westeros_cobblestone_tab,FALSE,Cobblestone Update,Ready For Work,Dark Cobblestone Green Grey Wall,dark_cobblestone_wall,,,wall,dark_cobblestone,,,
FALSE,westeros_panelling_carvings_tab,FALSE,,,Ashlar Engraved Dark Grey,dark_grey_brick_engraved,,,solid,,,,
FALSE,westeros_panelling_carvings_tab,FALSE,,,Ashlar Engraved Dark Grey Wall,dark_grey_brick_engraved_wall,,,wall,,,,
FALSE,westeros_furniture_tab,FALSE,,,Ashlar Furnace Dark Grey,dark_grey_brick_furnace,,,furnace,,,,
TRUE,westeros_cobblestone_tab,FALSE,Cobblestone Update,Ready For Work,Cobblestone Dark Grey,dark_grey_cobblestone,,,solid,dark_grey_cobblestone,,,
TRUE,westeros_cobblestone_tab,FALSE,Cobblestone Update,Ready For Work,Cobblestone Dark Grey Fence,dark_grey_cobblestone_fence,,,fence,dark_grey_cobblestone,,,
TRUE,westeros_cobblestone_tab,FALSE,Cobblestone Update,Ready For Work,Cobblestone Dark Grey Hopper,dark_grey_cobblestone_hopper,,,cuboid,dark_grey_cobblestone,,,
TRUE,westeros_cobblestone_tab,FALSE,Cobblestone Update,Ready For Work,Cobblestone Dark Grey Slab,dark_grey_cobblestone_slab,,,slab,dark_grey_cobblestone,,,
TRUE,westeros_cobblestone_tab,FALSE,Cobblestone Update,Ready For Work,Cobblestone Dark Grey Stairs,dark_grey_cobblestone_stairs,,,stair,dark_grey_cobblestone,,,
TRUE,westeros_cobblestone_tab,FALSE,Cobblestone Update,Ready For Work,Cobblestone Dark Grey Tip,dark_grey_cobblestone_tip,,,cuboid,dark_grey_cobblestone,,,
TRUE,westeros_cobblestone_tab,FALSE,Cobblestone Update,Ready For Work,Cobblestone Dark Grey Wall,dark_grey_cobblestone_wall,,,wall,dark_grey_cobblestone,,,
TRUE,westeros_cobblestone_tab,FALSE,Cobblestone Update,Ready For Work,Dark Cobblestone Dark Grey,dark_grey_dark_cobblestone,,,solid,dark_grey_dark_cobblestone,,,
TRUE,westeros_cobblestone_tab,FALSE,Cobblestone Update,Ready For Work,Dark Cobblestone Dark Grey Fence,dark_grey_dark_cobblestone_fence,,,fence,dark_grey_dark_cobblestone,,,
TRUE,westeros_cobblestone_tab,FALSE,Cobblestone Update,Ready For Work,Dark Cobblestone Dark Grey Hopper,dark_grey_dark_cobblestone_hopper,,,cuboid,dark_grey_dark_cobblestone,,,
TRUE,westeros_cobblestone_tab,FALSE,Cobblestone Update,Ready For Work,Dark Cobblestone Dark Grey Slab,dark_grey_dark_cobblestone_slab,,,slab,dark_grey_dark_cobblestone,,,
TRUE,westeros_cobblestone_tab,FALSE,Cobblestone Update,Ready For Work,Dark Cobblestone Dark Grey Stairs,dark_grey_dark_cobblestone_stairs,,,stair,dark_grey_dark_cobblestone,,,
TRUE,westeros_cobblestone_tab,FALSE,Cobblestone Update,Ready For Work,Dark Cobblestone Dark Grey Tip,dark_grey_dark_cobblestone_tip,,,cuboid,dark_grey_dark_cobblestone,,,
TRUE,westeros_cobblestone_tab,FALSE,Cobblestone Update,Ready For Work,Dark Cobblestone Dark Grey Wall,dark_grey_dark_cobblestone_wall,,,wall,dark_grey_dark_cobblestone,,,
TRUE,westeros_half_ashlar_tab,FALSE,,,Half Ashlar Dark Grey,dark_grey_large_brick,Doku,,solid,dark_grey_large_brick,,,
TRUE,westeros_half_ashlar_tab,FALSE,,,Half Ashlar Dark Grey Arrow_slit,dark_grey_large_brick_arrow_slit,Doku,,solid,dark_grey_large_brick,,,
TRUE,westeros_half_ashlar_tab,FALSE,,,Half Ashlar Dark Grey Arrow_slit_ornate,dark_grey_large_brick_arrow_slit_ornate,Doku,,solid,dark_grey_large_brick,,,
TRUE,westeros_half_ashlar_tab,FALSE,,,Half Ashlar Dark Grey Arrow_slit_window,dark_grey_large_brick_arrow_slit_window,Doku,,solid,dark_grey_large_brick,,,
TRUE,westeros_half_ashlar_tab,FALSE,,,Half Ashlar Dark Grey Fence,dark_grey_large_brick_fence,Doku,,fence,dark_grey_large_brick,,,
TRUE,westeros_half_ashlar_tab,FALSE,,,Half Ashlar Dark Grey Hopper,dark_grey_large_brick_hopper,Doku,,cuboid,dark_grey_large_brick,,,
TRUE,westeros_half_ashlar_tab,FALSE,,,Half Ashlar Dark Grey Slab,dark_grey_large_brick_slab,Doku,,slab,dark_grey_large_brick,,,
TRUE,westeros_half_ashlar_tab,FALSE,,,Half Ashlar Dark Grey Stairs,dark_grey_large_brick_stairs,Doku,,stair,dark_grey_large_brick,,,
TRUE,westeros_half_ashlar_tab,FALSE,,,Half Ashlar Dark Grey Tip,dark_grey_large_brick_tip,Doku,,cuboid,dark_grey_large_brick,,,
TRUE,westeros_half_ashlar_tab,FALSE,,,Half Ashlar Dark Grey Wall,dark_grey_large_brick_wall,Doku,,wall,dark_grey_large_brick,,,
TRUE,westeros_marble_plaster_tab,FALSE,,,Dark Grey Plaster Smooth,dark_grey_plaster,,,solid,dark_grey_plaster,,,
TRUE,westeros_marble_plaster_tab,FALSE,,,Dark Grey Plaster Smooth Fence,dark_grey_plaster_fence,,,fence,dark_grey_plaster,,,
TRUE,westeros_marble_plaster_tab,FALSE,,,Dark Grey Plaster Smooth Hopper,dark_grey_plaster_hopper,,,cuboid,dark_grey_plaster,,,
TRUE,westeros_marble_plaster_tab,FALSE,,,Dark Grey Plaster Rough,dark_grey_plaster_rough,,,solid,dark_grey_plaster_rough,,,
TRUE,westeros_marble_plaster_tab,FALSE,,,Dark Grey Plaster Rough Fence,dark_grey_plaster_rough_fence,,,fence,dark_grey_plaster_rough,,,
TRUE,westeros_marble_plaster_tab,FALSE,,,Dark Grey Plaster Rough Hopper,dark_grey_plaster_rough_hopper,,,cuboid,dark_grey_plaster_rough,,,
TRUE,westeros_marble_plaster_tab,FALSE,,,Dark Grey Plaster Rough Slab,dark_grey_plaster_rough_slab,,,slab,dark_grey_plaster_rough,,,
TRUE,westeros_marble_plaster_tab,FALSE,,,Dark Grey Plaster Rough Stairs,dark_grey_plaster_rough_stairs,,,stair,dark_grey_plaster_rough,,,
TRUE,westeros_marble_plaster_tab,FALSE,,,Dark Grey Plaster Rough Tip,dark_grey_plaster_rough_tip,,,cuboid,dark_grey_plaster_rough,,,
TRUE,westeros_marble_plaster_tab,FALSE,,,Dark Grey Plaster Rough Wall,dark_grey_plaster_rough_wall,,,wall,dark_grey_plaster_rough,,,
TRUE,westeros_marble_plaster_tab,FALSE,,,Dark Grey Plaster Smooth Slab,dark_grey_plaster_slab,,,slab,dark_grey_plaster,,,
TRUE,westeros_marble_plaster_tab,FALSE,,,Dark Grey Plaster Smooth Stairs,dark_grey_plaster_stairs,,,stair,dark_grey_plaster,,,
TRUE,westeros_marble_plaster_tab,FALSE,,,Dark Grey Plaster Smooth Tip,dark_grey_plaster_tip,,,cuboid,dark_grey_plaster,,,
TRUE,westeros_marble_plaster_tab,FALSE,,,Dark Grey Plaster Smooth Wall,dark_grey_plaster_wall,,,wall,dark_grey_plaster,,,
TRUE,westeros_wood_planks_tab,FALSE,Wood Update,Complete,Dark Northern Wood,dark_northern_wood,Doku,,solid,dark_northern_wood,,,
TRUE,westeros_wood_planks_tab,FALSE,Wood Update,Complete,Dark Northern Wood Carpet,dark_northern_wood_carpet,Doku,,cuboid,dark_northern_wood,,,
TRUE,westeros_wood_planks_tab,FALSE,Wood Update,Complete,Dark Northern Wood Fence,dark_northern_wood_fence,Doku,,fence,dark_northern_wood,,,
TRUE,westeros_wood_planks_tab,FALSE,Wood Update,Complete,Dark Northern Wood Vertical Planks Half_door,dark_northern_wood_half_door,Doku,,cuboid-nsew,dark_northern_wood_vertical_planks,,,
TRUE,westeros_wood_planks_tab,FALSE,Wood Update,Complete,Dark Northern Wood Hopper,dark_northern_wood_hopper,Doku,,cuboid,dark_northern_wood,,,
TRUE,westeros_wood_planks_tab,FALSE,Wood Update,Complete,Dark Northern Wood Slab,dark_northern_wood_slab,Doku,,slab,dark_northern_wood,,,
TRUE,westeros_wood_planks_tab,FALSE,Wood Update,Complete,Dark Northern Wood Stairs,dark_northern_wood_stairs,Doku,,stair,dark_northern_wood,,,
TRUE,westeros_wood_planks_tab,FALSE,Wood Update,Complete,Dark Northern Wood Tip,dark_northern_wood_tip,Doku,,cuboid,dark_northern_wood,,,
TRUE,westeros_wood_planks_tab,FALSE,Wood Update,Complete,Dark Northern Wood Vertical Planks,dark_northern_wood_vertical_planks,Doku,,solid,dark_northern_wood_vertical_planks,,,
TRUE,westeros_wood_planks_tab,FALSE,Wood Update,Complete,Dark Northern Wood Vertical Planks Carpet,dark_northern_wood_vertical_planks_carpet,Doku,,cuboid,dark_northern_wood_vertical_planks,,,
TRUE,westeros_wood_planks_tab,FALSE,Wood Update,Complete,Dark Northern Wood Vertical Planks Fence,dark_northern_wood_vertical_planks_fence,Doku,,fence,dark_northern_wood_vertical_planks,,,
TRUE,westeros_wood_planks_tab,FALSE,Wood Update,Complete,Dark Northern Wood Vertical Planks Hopper,dark_northern_wood_vertical_planks_hopper,Doku,,cuboid,dark_northern_wood_vertical_planks,,,
TRUE,westeros_wood_planks_tab,FALSE,Wood Update,Complete,Dark Northern Wood Vertical Planks Slab,dark_northern_wood_vertical_planks_slab,Doku,,slab,dark_northern_wood_vertical_planks,,,
TRUE,westeros_wood_planks_tab,FALSE,Wood Update,Complete,Dark Northern Wood Vertical Planks Stairs,dark_northern_wood_vertical_planks_stairs,Doku,,stair,dark_northern_wood_vertical_planks,,,
TRUE,westeros_wood_planks_tab,FALSE,Wood Update,Complete,Dark Northern Wood Vertical Planks Tip,dark_northern_wood_vertical_planks_tip,Doku,,cuboid,dark_northern_wood_vertical_planks,,,
TRUE,westeros_wood_planks_tab,FALSE,Wood Update,Complete,Dark Northern Wood Vertical Planks Wall,dark_northern_wood_vertical_planks_wall,Doku,,wall,dark_northern_wood_vertical_planks,,,
TRUE,westeros_wood_planks_tab,FALSE,Wood Update,Complete,Dark Northern Wood Wall,dark_northern_wood_wall,Doku,,wall,dark_northern_wood,,,
TRUE,westeros_brick_tab,FALSE,,,Orange Brick Dark,dark_orange_brick,,,solid,dark_orange_brick,,,
TRUE,westeros_brick_tab,FALSE,,,Orange Brick Dark Fence,dark_orange_brick_fence,,,fence,dark_orange_brick,,,
TRUE,westeros_brick_tab,FALSE,,,Orange Brick Dark Hopper,dark_orange_brick_hopper,,,cuboid,dark_orange_brick,,,
TRUE,westeros_brick_tab,FALSE,,,Orange Brick Dark Slab,dark_orange_brick_slab,,,slab,dark_orange_brick,,,
TRUE,westeros_brick_tab,FALSE,,,Orange Brick Dark Stairs,dark_orange_brick_stairs,,,stair,dark_orange_brick,,,
TRUE,westeros_brick_tab,FALSE,,,Orange Brick Dark Tip,dark_orange_brick_tip,,,cuboid,dark_orange_brick,,,
TRUE,westeros_brick_tab,FALSE,,,Orange Brick Dark Wall,dark_orange_brick_wall,,,wall,dark_orange_brick,,,
TRUE,westeros_marble_plaster_tab,FALSE,,,Dark Orange Plaster Smooth,dark_orange_plaster,,,solid,dark_orange_plaster,,,
TRUE,westeros_marble_plaster_tab,FALSE,,,Dark Orange Plaster Smooth Fence,dark_orange_plaster_fence,,,fence,dark_orange_plaster,,,
TRUE,westeros_marble_plaster_tab,FALSE,,,Dark Orange Plaster Smooth Hopper,dark_orange_plaster_hopper,,,cuboid,dark_orange_plaster,,,
TRUE,westeros_marble_plaster_tab,FALSE,,,Dark Orange Plaster Rough,dark_orange_plaster_rough,,,solid,dark_orange_plaster_rough,,,
TRUE,westeros_marble_plaster_tab,FALSE,,,Dark Orange Plaster Rough Fence,dark_orange_plaster_rough_fence,,,fence,dark_orange_plaster_rough,,,
TRUE,westeros_marble_plaster_tab,FALSE,,,Dark Orange Plaster Rough Hopper,dark_orange_plaster_rough_hopper,,,cuboid,dark_orange_plaster_rough,,,
TRUE,westeros_marble_plaster_tab,FALSE,,,Dark Orange Plaster Rough Slab,dark_orange_plaster_rough_slab,,,slab,dark_orange_plaster_rough,,,
TRUE,westeros_marble_plaster_tab,FALSE,,,Dark Orange Plaster Rough Stairs,dark_orange_plaster_rough_stairs,,,stair,dark_orange_plaster_rough,,,
TRUE,westeros_marble_plaster_tab,FALSE,,,Dark Orange Plaster Rough Tip,dark_orange_plaster_rough_tip,,,cuboid,dark_orange_plaster_rough,,,
TRUE,westeros_marble_plaster_tab,FALSE,,,Dark Orange Plaster Rough Wall,dark_orange_plaster_rough_wall,,,wall,dark_orange_plaster_rough,,,
TRUE,westeros_marble_plaster_tab,FALSE,,,Dark Orange Plaster Smooth Slab,dark_orange_plaster_slab,,,slab,dark_orange_plaster,,,
TRUE,westeros_marble_plaster_tab,FALSE,,,Dark Orange Plaster Smooth Stairs,dark_orange_plaster_stairs,,,stair,dark_orange_plaster,,,
TRUE,westeros_marble_plaster_tab,FALSE,,,Dark Orange Plaster Smooth Tip,dark_orange_plaster_tip,,,cuboid,dark_orange_plaster,,,
TRUE,westeros_marble_plaster_tab,FALSE,,,Dark Orange Plaster Smooth Wall,dark_orange_plaster_wall,,,wall,dark_orange_plaster,,,
TRUE,westeros_quarter_ashlar_tab,FALSE,,,Quarter Ashlar Dark Red,dark_red_brick,,,solid,dark_red_brick,,,
TRUE,westeros_quarter_ashlar_tab,FALSE,,,Quarter Ashlar Dark Red Arrow_slit,dark_red_brick_arrow_slit,,,solid,dark_red_brick,,,
TRUE,westeros_quarter_ashlar_tab,FALSE,,,Quarter Ashlar Dark Red Arrow_slit_ornate,dark_red_brick_arrow_slit_ornate,,,solid,dark_red_brick,,,
TRUE,westeros_quarter_ashlar_tab,FALSE,,,Quarter Ashlar Dark Red Arrow_slit_window,dark_red_brick_arrow_slit_window,,,solid,dark_red_brick,,,
TRUE,westeros_quarter_ashlar_tab,FALSE,,,Quarter Ashlar Dark Red Fence,dark_red_brick_fence,,,fence,dark_red_brick,,,
TRUE,westeros_quarter_ashlar_tab,FALSE,,,Quarter Ashlar Dark Red Hopper,dark_red_brick_hopper,,,cuboid,dark_red_brick,,,
TRUE,westeros_quarter_ashlar_tab,FALSE,,,Quarter Ashlar Dark Red Slab,dark_red_brick_slab,,,slab,dark_red_brick,,,
TRUE,westeros_quarter_ashlar_tab,FALSE,,,Quarter Ashlar Dark Red Stairs,dark_red_brick_stairs,,,stair,dark_red_brick,,,
TRUE,westeros_quarter_ashlar_tab,FALSE,,,Quarter Ashlar Dark Red Tip,dark_red_brick_tip,,,cuboid,dark_red_brick,,,
TRUE,westeros_quarter_ashlar_tab,FALSE,,,Quarter Ashlar Dark Red Wall,dark_red_brick_wall,,,wall,dark_red_brick,,,
TRUE,westeros_smooth_ashlar_tab,FALSE,,,Smooth Ashlar Dark Red,dark_red_light_stone,,,solid,dark_red_light_stone,,,
TRUE,westeros_smooth_ashlar_tab,FALSE,,,Smooth Ashlar Dark Red Arrow_slit,dark_red_light_stone_arrow_slit,,,solid,dark_red_light_stone,,,
TRUE,westeros_smooth_ashlar_tab,FALSE,,,Smooth Ashlar Dark Red Arrow_slit_ornate,dark_red_light_stone_arrow_slit_ornate,,,solid,dark_red_light_stone,,,
TRUE,westeros_smooth_ashlar_tab,FALSE,,,Smooth Ashlar Dark Red Arrow_slit_window,dark_red_light_stone_arrow_slit_window,,,solid,dark_red_light_stone,,,
TRUE,westeros_smooth_ashlar_tab,FALSE,,,Smooth Ashlar Dark Red Fence,dark_red_light_stone_fence,,,fence,dark_red_light_stone,,,
TRUE,westeros_smooth_ashlar_tab,FALSE,,,Smooth Ashlar Dark Red Hopper,dark_red_light_stone_hopper,,,cuboid,dark_red_light_stone,,,
TRUE,westeros_smooth_ashlar_tab,FALSE,,,Smooth Ashlar Dark Red Slab,dark_red_light_stone_slab,,,slab,dark_red_light_stone,,,
TRUE,westeros_smooth_ashlar_tab,FALSE,,,Smooth Ashlar Dark Red Stairs,dark_red_light_stone_stairs,,,stair,dark_red_light_stone,,,
TRUE,westeros_smooth_ashlar_tab,FALSE,,,Smooth Ashlar Dark Red Tip,dark_red_light_stone_tip,,,cuboid,dark_red_light_stone,,,
TRUE,westeros_smooth_ashlar_tab,FALSE,,,Smooth Ashlar Dark Red Wall,dark_red_light_stone_wall,,,wall,dark_red_light_stone,,,
TRUE,westeros_marble_plaster_tab,FALSE,,,Dark Red Plaster Smooth,dark_red_plaster,,,solid,dark_red_plaster,,,
TRUE,westeros_marble_plaster_tab,FALSE,,,Dark Red Plaster Smooth Fence,dark_red_plaster_fence,,,fence,dark_red_plaster,,,
TRUE,westeros_marble_plaster_tab,FALSE,,,Dark Red Plaster Smooth Hopper,dark_red_plaster_hopper,,,cuboid,dark_red_plaster,,,
TRUE,westeros_marble_plaster_tab,FALSE,,,Dark Red Plaster Rough,dark_red_plaster_rough,,,solid,dark_red_plaster_rough,,,
TRUE,westeros_marble_plaster_tab,FALSE,,,Dark Red Plaster Rough Fence,dark_red_plaster_rough_fence,,,fence,dark_red_plaster_rough,,,
TRUE,westeros_marble_plaster_tab,FALSE,,,Dark Red Plaster Rough Hopper,dark_red_plaster_rough_hopper,,,cuboid,dark_red_plaster_rough,,,
TRUE,westeros_marble_plaster_tab,FALSE,,,Dark Red Plaster Rough Slab,dark_red_plaster_rough_slab,,,slab,dark_red_plaster_rough,,,
TRUE,westeros_marble_plaster_tab,FALSE,,,Dark Red Plaster Rough Stairs,dark_red_plaster_rough_stairs,,,stair,dark_red_plaster_rough,,,
TRUE,westeros_marble_plaster_tab,FALSE,,,Dark Red Plaster Rough Tip,dark_red_plaster_rough_tip,,,cuboid,dark_red_plaster_rough,,,
TRUE,westeros_marble_plaster_tab,FALSE,,,Dark Red Plaster Rough Wall,dark_red_plaster_rough_wall,,,wall,dark_red_plaster_rough,,,
TRUE,westeros_marble_plaster_tab,FALSE,,,Dark Red Plaster Smooth Slab,dark_red_plaster_slab,,,slab,dark_red_plaster,,,
TRUE,westeros_marble_plaster_tab,FALSE,,,Dark Red Plaster Smooth Stairs,dark_red_plaster_stairs,,,stair,dark_red_plaster,,,
TRUE,westeros_marble_plaster_tab,FALSE,,,Dark Red Plaster Smooth Tip,dark_red_plaster_tip,,,cuboid,dark_red_plaster,,,
TRUE,westeros_marble_plaster_tab,FALSE,,,Dark Red Plaster Smooth Wall,dark_red_plaster_wall,,,wall,dark_red_plaster,,,
TRUE,westeros_medium_ashlar_tab,FALSE,,,Medium Ashlar Dark Red,dark_red_sandstone,,,solid,dark_red_sandstone,,,
TRUE,westeros_medium_ashlar_tab,FALSE,,,Medium Ashlar Dark Red Arrow_slit,dark_red_sandstone_arrow_slit,,,solid,dark_red_sandstone,,,
TRUE,westeros_medium_ashlar_tab,FALSE,,,Medium Ashlar Dark Red Arrow_slit_ornate,dark_red_sandstone_arrow_slit_ornate,,,solid,dark_red_sandstone,,,
TRUE,westeros_medium_ashlar_tab,FALSE,,,Medium Ashlar Dark Red Arrow_slit_window,dark_red_sandstone_arrow_slit_window,,,solid,dark_red_sandstone,,,
TRUE,westeros_medium_ashlar_tab,FALSE,,,Medium Ashlar Dark Red Fence,dark_red_sandstone_fence,,,fence,dark_red_sandstone,,,
TRUE,westeros_medium_ashlar_tab,FALSE,,,Medium Ashlar Dark Red Hopper,dark_red_sandstone_hopper,,,cuboid,dark_red_sandstone,,,
TRUE,westeros_polished_stone_tab,FALSE,,,Polished Stone Dark Red,dark_red_sandstone_polished,Doku,,solid,dark_red_sandstone_polished,,,
TRUE,westeros_polished_stone_tab,FALSE,,,Polished Stone Dark Red Slab,dark_red_sandstone_polished_slab,Doku,,slab,dark_red_sandstone_polished,,,
TRUE,westeros_polished_stone_tab,FALSE,,,Polished Stone Dark Red Stairs,dark_red_sandstone_polished_stairs,Doku,,stair,dark_red_sandstone_polished,,,
TRUE,westeros_polished_stone_tab,FALSE,,,Polished Stone Dark Red Wall,dark_red_sandstone_polished_wall,Doku,,wall,dark_red_sandstone_polished,,,
TRUE,westeros_medium_ashlar_tab,FALSE,,,Medium Ashlar Dark Red Slab,dark_red_sandstone_slab,,,slab,dark_red_sandstone,,,
TRUE,westeros_medium_ashlar_tab,FALSE,,,Medium Ashlar Dark Red Stairs,dark_red_sandstone_stairs,,,stair,dark_red_sandstone,,,
TRUE,westeros_medium_ashlar_tab,FALSE,,,Medium Ashlar Dark Red Tip,dark_red_sandstone_tip,,,cuboid,dark_red_sandstone,,,
TRUE,westeros_medium_ashlar_tab,FALSE,,,Medium Ashlar Dark Red Wall,dark_red_sandstone_wall,,,wall,dark_red_sandstone,,,
TRUE,westeros_brick_tab,FALSE,,,Southern Brick Dark,dark_southern_brick,,,solid,dark_southern_brick,,,
TRUE,westeros_brick_tab,FALSE,,,Southern Brick Dark Fence,dark_southern_brick_fence,,,fence,dark_southern_brick,,,
TRUE,westeros_brick_tab,FALSE,,,Southern Brick Dark Hopper,dark_southern_brick_hopper,,,cuboid,dark_southern_brick,,,
TRUE,westeros_brick_tab,FALSE,,,Southern Brick Dark Slab,dark_southern_brick_slab,,,slab,dark_southern_brick,,,
TRUE,westeros_brick_tab,FALSE,,,Southern Brick Dark Stairs,dark_southern_brick_stairs,,,stair,dark_southern_brick,,,
TRUE,westeros_brick_tab,FALSE,,,Southern Brick Dark Tip,dark_southern_brick_tip,,,cuboid,dark_southern_brick,,,
TRUE,westeros_brick_tab,FALSE,,,Southern Brick Dark Wall,dark_southern_brick_wall,,,wall,dark_southern_brick,,,
FALSE,westeros_wood_planks_tab,FALSE,,,Dark Wattle Fence,dark_wattle_fence,,,cuboid-nsew,,,,
FALSE,westeros_wood_planks_tab,FALSE,,,Dark Wattle Fence Short,dark_wattle_fence_short,,,cuboid-nsew,,,,
FALSE,westeros_banners_tab,FALSE,,,Darry Banner,darry_banner,WesterosBlocks,,cuboid-nsew-stack,,,,
FALSE,westeros_food_blocks_tab,FALSE,,,Date Basket,date_basket,,,solid,,,,
FALSE,westeros_food_blocks_tab,FALSE,,,Date Basket Slab,date_basket_slab,,,slab,,,,
FALSE,westeros_food_blocks_tab,FALSE,,,Dates,dates,,,solid,,,,
FALSE,westeros_banners_tab,FALSE,,,Dayne Banner,dayne_banner,WesterosBlocks,,cuboid-nsew-stack,,,,
FALSE,westeros_grasses_shrubs_tab,FALSE,,,Dead Bracken,dead_bracken,,,plant,,,,
FALSE,westeros_grasses_shrubs_tab,FALSE,,,Dead Bush,dead_bush,,,plant,,,,
FALSE,westeros_food_blocks_tab,FALSE,,,Dead Fish,dead_fish,,,web,,,,
FALSE,westeros_food_blocks_tab,FALSE,,,Dead Fowl,dead_fowl,,,web,,,,
FALSE,westeros_food_blocks_tab,FALSE,,,Dead Frog,dead_frog,,,web,,,,
FALSE,westeros_food_blocks_tab,FALSE,,,Dead Hare,dead_hare,,,web,,,,
FALSE,westeros_grasses_shrubs_tab,FALSE,,,Dead Jungle Tall Grass,dead_jungle_tall_grass,,,web,,,,
FALSE,westeros_food_blocks_tab,FALSE,,,Dead Rat,dead_rat,,,web,,,,
FALSE,westeros_grasses_shrubs_tab,FALSE,,,Dead Savanna Tall Grass,dead_savanna_tall_grass,,,web,,,,
FALSE,westeros_grasses_shrubs_tab,FALSE,,,Dead Scrub Grass,dead_scrub_grass,,,plant,,,,
TRUE,westeros_sand_gravel_tab,FALSE,,,Desert Sand,desert_sand,,,solid,desert_sand,,,
TRUE,westeros_sand_gravel_tab,FALSE,,,Desert Sand Layer,desert_sand_layer,,,layer,desert_sand,,,
TRUE,westeros_medium_ashlar_tab,FALSE,,,Medium Ashlar Sandstone,desert_sandstone,,,solid,desert_sandstone,,,
TRUE,westeros_medium_ashlar_tab,FALSE,,,Medium Ashlar Sandstone Arrow_slit,desert_sandstone_arrow_slit,,,solid,desert_sandstone,,,
TRUE,westeros_medium_ashlar_tab,FALSE,,,Medium Ashlar Sandstone Arrow_slit_ornate,desert_sandstone_arrow_slit_ornate,,,solid,desert_sandstone,,,
TRUE,westeros_medium_ashlar_tab,FALSE,,,Medium Ashlar Sandstone Arrow_slit_window,desert_sandstone_arrow_slit_window,,,solid,desert_sandstone,,,
TRUE,westeros_medium_ashlar_tab,FALSE,,,Medium Ashlar Sandstone Wall,desert_sandstone_brick_wall,,,wall,desert_sandstone,,,
FALSE,westeros_panelling_carvings_tab,FALSE,,,Ashlar Engraved Sandstone,desert_sandstone_engraved,,,solid,,,,
FALSE,westeros_panelling_carvings_tab,FALSE,,,Ashlar Engraved Sandstone Wall,desert_sandstone_engraved_wall,,,wall,,,,
TRUE,westeros_medium_ashlar_tab,FALSE,,,Medium Ashlar Sandstone Fence,desert_sandstone_fence,,,fence,desert_sandstone,,,
TRUE,westeros_medium_ashlar_tab,FALSE,,,Medium Ashlar Sandstone Hopper,desert_sandstone_hopper,,,cuboid,desert_sandstone,,,
TRUE,westeros_polished_stone_tab,FALSE,,,Polished Stone Sandstone,desert_sandstone_polished,Doku,,solid,desert_sandstone_polished,,,
TRUE,westeros_polished_stone_tab,FALSE,,,Polished Stone Sandstone Slab,desert_sandstone_polished_slab,Doku,,slab,desert_sandstone_polished,,,
TRUE,westeros_polished_stone_tab,FALSE,,,Polished Stone Sandstone Stairs,desert_sandstone_polished_stairs,Doku,,stair,desert_sandstone_polished,,,
TRUE,westeros_polished_stone_tab,FALSE,,,Polished Stone Sandstone Wall,desert_sandstone_polished_wall,Doku,,wall,desert_sandstone_polished,,,
TRUE,westeros_medium_ashlar_tab,FALSE,,,Medium Ashlar Sandstone Slab,desert_sandstone_slab,,,slab,desert_sandstone,,,
TRUE,westeros_medium_ashlar_tab,FALSE,,,Medium Ashlar Sandstone Tip,desert_sandstone_tip,,,cuboid,desert_sandstone,,,
TRUE,westeros_grass_dirt_tab,FALSE,Dirt/Path Update,In Progress,Dirt,dirt,,,solid,dirt,,,
TRUE,westeros_grass_dirt_tab,FALSE,Dirt/Path Update,In Progress,Dirt Slab,dirt_slab,,,slab,dirt,,,
TRUE,westeros_cloth_fibers_tab,FALSE,,,Dirty White Wool,dirty_white_wool,Doku,,solid,dirty_white_wool,,,
FALSE,westeros_banners_tab,FALSE,,,Dirty White Wool Banner,dirty_white_wool_banner,WesterosBlocks,,cuboid-nsew-stack,,,,
TRUE,westeros_cloth_fibers_tab,FALSE,,,Dirty White Wool Carpet,dirty_white_wool_carpet,Doku,,cuboid,dirty_white_wool,,,
TRUE,westeros_cloth_fibers_tab,FALSE,,,Dirty White Wool Fence,dirty_white_wool_fence,Doku,,fence,dirty_white_wool,,,
TRUE,westeros_cloth_fibers_tab,FALSE,,,Dirty White Wool Slab,dirty_white_wool_slab,Doku,,slab,dirty_white_wool,,,
TRUE,westeros_cloth_fibers_tab,FALSE,,,Dirty White Wool Stairs,dirty_white_wool_stairs,Doku,,stair,dirty_white_wool,,,
TRUE,westeros_cloth_fibers_tab,FALSE,,,Dirty White Wool Tip,dirty_white_wool_tip,Doku,,cuboid,dirty_white_wool,,,
TRUE,westeros_cloth_fibers_tab,FALSE,,,Dirty White Wool Wall,dirty_white_wool_wall,Doku,,wall,dirty_white_wool,,,
FALSE,westeros_crops_herbs_tab,FALSE,,,Dock Leaf,dock_leaf,,,plant,,,,
FALSE,westeros_sounds_tab,FALSE,,,Docked Ship Large,docked_ship_large,,,sound,,,,
FALSE,westeros_sounds_tab,FALSE,,,Docked Ship Small,docked_ship_small,,,sound,,,,
FALSE,westeros_utility_tab,FALSE,,,Domestic' Utility Block,domestic_utility_block,,,solid,,,,
FALSE,westeros_banners_tab,FALSE,,,Dondarrion Banner,dondarrion_banner,WesterosBlocks,,cuboid-nsew-stack,,,,
FALSE,westeros_utility_tab,FALSE,,,Done' Utility Block,done_utility_block,,,solid,,,,
FALSE,westeros_windows_glass_tab,FALSE,,,Dorne Carved Stone Window,dorne_carved_stone_window,,,pane,,,,
FALSE,westeros_windows_glass_tab,FALSE,Wood Update,Ready For Work,Dorne Carved Wooden Window,dorne_carved_wooden_window,Doku,,pane,,,,
TRUE,westeros_marble_plaster_tab,FALSE,,,Dorne Dark Mud Plaster Smooth,dorne_dark_mud_plaster,,,solid,dorne_dark_mud_plaster,,,
TRUE,westeros_marble_plaster_tab,FALSE,,,Dorne Dark Mud Plaster Smooth Fence,dorne_dark_mud_plaster_fence,,,fence,dorne_dark_mud_plaster,,,
TRUE,westeros_marble_plaster_tab,FALSE,,,Dorne Dark Mud Plaster Smooth Hopper,dorne_dark_mud_plaster_hopper,,,cuboid,dorne_dark_mud_plaster,,,
TRUE,westeros_marble_plaster_tab,FALSE,,,Dorne Dark Mud Plaster Rough,dorne_dark_mud_plaster_rough,,,solid,dorne_dark_mud_plaster_rough,,,
TRUE,westeros_marble_plaster_tab,FALSE,,,Dorne Dark Mud Plaster Rough Fence,dorne_dark_mud_plaster_rough_fence,,,fence,dorne_dark_mud_plaster_rough,,,
TRUE,westeros_marble_plaster_tab,FALSE,,,Dorne Dark Mud Plaster Rough Hopper,dorne_dark_mud_plaster_rough_hopper,,,cuboid,dorne_dark_mud_plaster_rough,,,
TRUE,westeros_marble_plaster_tab,FALSE,,,Dorne Dark Mud Plaster Rough Slab,dorne_dark_mud_plaster_rough_slab,,,slab,dorne_dark_mud_plaster_rough,,,
TRUE,westeros_marble_plaster_tab,FALSE,,,Dorne Dark Mud Plaster Rough Stairs,dorne_dark_mud_plaster_rough_stairs,,,stair,dorne_dark_mud_plaster_rough,,,
TRUE,westeros_marble_plaster_tab,FALSE,,,Dorne Dark Mud Plaster Rough Tip,dorne_dark_mud_plaster_rough_tip,,,cuboid,dorne_dark_mud_plaster_rough,,,
TRUE,westeros_marble_plaster_tab,FALSE,,,Dorne Dark Mud Plaster Rough Wall,dorne_dark_mud_plaster_rough_wall,,,wall,dorne_dark_mud_plaster_rough,,,
TRUE,westeros_marble_plaster_tab,FALSE,,,Dorne Dark Mud Plaster Smooth Slab,dorne_dark_mud_plaster_slab,,,slab,dorne_dark_mud_plaster,,,
TRUE,westeros_marble_plaster_tab,FALSE,,,Dorne Dark Mud Plaster Smooth Stairs,dorne_dark_mud_plaster_stairs,,,stair,dorne_dark_mud_plaster,,,
TRUE,westeros_marble_plaster_tab,FALSE,,,Dorne Dark Mud Plaster Smooth Tip,dorne_dark_mud_plaster_tip,,,cuboid,dorne_dark_mud_plaster,,,
TRUE,westeros_marble_plaster_tab,FALSE,,,Dorne Dark Mud Plaster Smooth Wall,dorne_dark_mud_plaster_wall,,,wall,dorne_dark_mud_plaster,,,
TRUE,westeros_medium_ashlar_tab,FALSE,,,Medium Ashlar Dark Sandstone,dorne_dark_sandstone,,,solid,dorne_dark_sandstone,,,
TRUE,westeros_medium_ashlar_tab,FALSE,,,Medium Ashlar Dark Sandstone Arrow_slit,dorne_dark_sandstone_arrow_slit,,,solid,dorne_dark_sandstone,,,
TRUE,westeros_medium_ashlar_tab,FALSE,,,Medium Ashlar Dark Sandstone Arrow_slit_ornate,dorne_dark_sandstone_arrow_slit_ornate,,,solid,dorne_dark_sandstone,,,
TRUE,westeros_medium_ashlar_tab,FALSE,,,Medium Ashlar Dark Sandstone Arrow_slit_window,dorne_dark_sandstone_arrow_slit_window,,,solid,dorne_dark_sandstone,,,
TRUE,westeros_medium_ashlar_tab,FALSE,,,Medium Ashlar Dark Sandstone Fence,dorne_dark_sandstone_fence,,,fence,dorne_dark_sandstone,,,
TRUE,westeros_medium_ashlar_tab,FALSE,,,Medium Ashlar Dark Sandstone Hopper,dorne_dark_sandstone_hopper,,,cuboid,dorne_dark_sandstone,,,
TRUE,westeros_polished_stone_tab,FALSE,,,Polished Stone Dark Sandstone,dorne_dark_sandstone_polished,Doku,,solid,dorne_dark_sandstone_polished,,,
TRUE,westeros_polished_stone_tab,FALSE,,,Polished Stone Dark Sandstone Slab,dorne_dark_sandstone_polished_slab,Doku,,slab,dorne_dark_sandstone_polished,,,
TRUE,westeros_polished_stone_tab,FALSE,,,Polished Stone Dark Sandstone Stairs,dorne_dark_sandstone_polished_stairs,Doku,,stair,dorne_dark_sandstone_polished,,,
TRUE,westeros_polished_stone_tab,FALSE,,,Polished Stone Dark Sandstone Wall,dorne_dark_sandstone_polished_wall,Doku,,wall,dorne_dark_sandstone_polished,,,
TRUE,westeros_medium_ashlar_tab,FALSE,,,Medium Ashlar Dark Sandstone Slab,dorne_dark_sandstone_slab,,,slab,dorne_dark_sandstone,,,
TRUE,westeros_medium_ashlar_tab,FALSE,,,Medium Ashlar Dark Sandstone Stairs,dorne_dark_sandstone_stairs,,,stair,dorne_dark_sandstone,,,
TRUE,westeros_medium_ashlar_tab,FALSE,,,Medium Ashlar Dark Sandstone Tip,dorne_dark_sandstone_tip,,,cuboid,dorne_dark_sandstone,,,
TRUE,westeros_medium_ashlar_tab,FALSE,,,Medium Ashlar Dark Sandstone Wall,dorne_dark_sandstone_wall,,,wall,dorne_dark_sandstone,,,
TRUE,westeros_grass_dirt_tab,FALSE,,,Dorne Dry Soil,dorne_dry_soil,,,solid,dorne_dry_soil,,,
TRUE,westeros_grass_dirt_tab,FALSE,,,Dorne Dry Soil Slab,dorne_dry_soil_slab,,,slab,dorne_dry_soil,,,
TRUE,westeros_medium_ashlar_tab,FALSE,,,Medium Ashlar Dull Terracotta,dorne_dull_terracotta,,,solid,dorne_dull_terracotta,,,
TRUE,westeros_medium_ashlar_tab,FALSE,,,Medium Ashlar Dull Terracotta Arrow_slit,dorne_dull_terracotta_arrow_slit,,,solid,dorne_dull_terracotta,,,
TRUE,westeros_medium_ashlar_tab,FALSE,,,Medium Ashlar Dull Terracotta Arrow_slit_ornate,dorne_dull_terracotta_arrow_slit_ornate,,,solid,dorne_dull_terracotta,,,
TRUE,westeros_medium_ashlar_tab,FALSE,,,Medium Ashlar Dull Terracotta Arrow_slit_window,dorne_dull_terracotta_arrow_slit_window,,,solid,dorne_dull_terracotta,,,
TRUE,westeros_medium_ashlar_tab,FALSE,,,Medium Ashlar Dull Terracotta Fence,dorne_dull_terracotta_fence,,,fence,dorne_dull_terracotta,,,
TRUE,westeros_medium_ashlar_tab,FALSE,,,Medium Ashlar Dull Terracotta Hopper,dorne_dull_terracotta_hopper,,,cuboid,dorne_dull_terracotta,,,
TRUE,westeros_polished_stone_tab,FALSE,,,Polished Stone Dull Terracotta,dorne_dull_terracotta_polished,Doku,,solid,dorne_dull_terracotta_polished,,,
TRUE,westeros_polished_stone_tab,FALSE,,,Polished Stone Dull Terracotta Slab,dorne_dull_terracotta_polished_slab,Doku,,slab,dorne_dull_terracotta_polished,,,
TRUE,westeros_polished_stone_tab,FALSE,,,Polished Stone Dull Terracotta Stairs,dorne_dull_terracotta_polished_stairs,Doku,,stair,dorne_dull_terracotta_polished,,,
TRUE,westeros_polished_stone_tab,FALSE,,,Polished Stone Dull Terracotta Wall,dorne_dull_terracotta_polished_wall,Doku,,wall,dorne_dull_terracotta_polished,,,
TRUE,westeros_medium_ashlar_tab,FALSE,,,Medium Ashlar Dull Terracotta Slab,dorne_dull_terracotta_slab,,,slab,dorne_dull_terracotta,,,
TRUE,westeros_medium_ashlar_tab,FALSE,,,Medium Ashlar Dull Terracotta Stairs,dorne_dull_terracotta_stairs,,,stair,dorne_dull_terracotta,,,
TRUE,westeros_medium_ashlar_tab,FALSE,,,Medium Ashlar Dull Terracotta Tip,dorne_dull_terracotta_tip,,,cuboid,dorne_dull_terracotta,,,
TRUE,westeros_medium_ashlar_tab,FALSE,,,Medium Ashlar Dull Terracotta Wall,dorne_dull_terracotta_wall,,,wall,dorne_dull_terracotta,,,
TRUE,westeros_grass_dirt_tab,FALSE,,,Dorne Dusty Dirt,dorne_dusty_dirt,,,solid,dorne_dusty_dirt,,,
TRUE,westeros_grass_dirt_tab,FALSE,,,Dorne Dusty Dirt Slab,dorne_dusty_dirt_slab,,,slab,dorne_dusty_dirt,,,
TRUE,westeros_medium_ashlar_tab,FALSE,,,Medium Ashlar Light Terracotta,dorne_light_terracotta,,,solid,dorne_light_terracotta,,,
TRUE,westeros_medium_ashlar_tab,FALSE,,,Medium Ashlar Light Terracotta Arrow_slit,dorne_light_terracotta_arrow_slit,,,solid,dorne_light_terracotta,,,
TRUE,westeros_medium_ashlar_tab,FALSE,,,Medium Ashlar Light Terracotta Arrow_slit_ornate,dorne_light_terracotta_arrow_slit_ornate,,,solid,dorne_light_terracotta,,,
TRUE,westeros_medium_ashlar_tab,FALSE,,,Medium Ashlar Light Terracotta Arrow_slit_window,dorne_light_terracotta_arrow_slit_window,,,solid,dorne_light_terracotta,,,
TRUE,westeros_medium_ashlar_tab,FALSE,,,Medium Ashlar Light Terracotta Fence,dorne_light_terracotta_fence,,,fence,dorne_light_terracotta,,,
TRUE,westeros_medium_ashlar_tab,FALSE,,,Medium Ashlar Light Terracotta Hopper,dorne_light_terracotta_hopper,,,cuboid,dorne_light_terracotta,,,
TRUE,westeros_polished_stone_tab,FALSE,,,Polished Stone Light Terracotta,dorne_light_terracotta_polished,Doku,,solid,dorne_light_terracotta_polished,,,
TRUE,westeros_polished_stone_tab,FALSE,,,Polished Stone Light Terracotta Slab,dorne_light_terracotta_polished_slab,Doku,,slab,dorne_light_terracotta_polished,,,
TRUE,westeros_polished_stone_tab,FALSE,,,Polished Stone Light Terracotta Stairs,dorne_light_terracotta_polished_stairs,Doku,,stair,dorne_light_terracotta_polished,,,
TRUE,westeros_polished_stone_tab,FALSE,,,Polished Stone Light Terracotta Wall,dorne_light_terracotta_polished_wall,Doku,,wall,dorne_light_terracotta_polished,,,
TRUE,westeros_medium_ashlar_tab,FALSE,,,Medium Ashlar Light Terracotta Slab,dorne_light_terracotta_slab,,,slab,dorne_light_terracotta,,,
TRUE,westeros_medium_ashlar_tab,FALSE,,,Medium Ashlar Light Terracotta Stairs,dorne_light_terracotta_stairs,,,stair,dorne_light_terracotta,,,
TRUE,westeros_medium_ashlar_tab,FALSE,,,Medium Ashlar Light Terracotta Tip,dorne_light_terracotta_tip,,,cuboid,dorne_light_terracotta,,,
TRUE,westeros_medium_ashlar_tab,FALSE,,,Medium Ashlar Light Terracotta Wall,dorne_light_terracotta_wall,,,wall,dorne_light_terracotta,,,
TRUE,westeros_medium_ashlar_tab,FALSE,,,Medium Ashlar Dark Sandstone Mossy,dorne_mossy_dark_sandstone,,,solid,dorne_mossy_dark_sandstone,,,
TRUE,westeros_medium_ashlar_tab,FALSE,,,Medium Ashlar Dark Sandstone Mossy Fence,dorne_mossy_dark_sandstone_fence,,,fence,dorne_mossy_dark_sandstone,,,
TRUE,westeros_medium_ashlar_tab,FALSE,,,Medium Ashlar Dark Sandstone Mossy Hopper,dorne_mossy_dark_sandstone_hopper,,,cuboid,dorne_mossy_dark_sandstone,,,
TRUE,westeros_medium_ashlar_tab,FALSE,,,Medium Ashlar Dark Sandstone Mossy Slab,dorne_mossy_dark_sandstone_slab,,,slab,dorne_mossy_dark_sandstone,,,
TRUE,westeros_medium_ashlar_tab,FALSE,,,Medium Ashlar Dark Sandstone Mossy Stairs,dorne_mossy_dark_sandstone_stairs,,,stair,dorne_mossy_dark_sandstone,,,
TRUE,westeros_medium_ashlar_tab,FALSE,,,Medium Ashlar Dark Sandstone Mossy Tip,dorne_mossy_dark_sandstone_tip,,,cuboid,dorne_mossy_dark_sandstone,,,
TRUE,westeros_medium_ashlar_tab,FALSE,,,Medium Ashlar Dark Sandstone Mossy Wall,dorne_mossy_dark_sandstone_wall,,,wall,dorne_mossy_dark_sandstone,,,
TRUE,westeros_medium_ashlar_tab,FALSE,,,Medium Ashlar Light Terracotta Mossy,dorne_mossy_light_terracotta,,,solid,dorne_mossy_light_terracotta,,,
TRUE,westeros_medium_ashlar_tab,FALSE,,,Medium Ashlar Light Terracotta Mossy Fence,dorne_mossy_light_terracotta_fence,,,fence,dorne_mossy_light_terracotta,,,
TRUE,westeros_medium_ashlar_tab,FALSE,,,Medium Ashlar Light Terracotta Mossy Hopper,dorne_mossy_light_terracotta_hopper,,,cuboid,dorne_mossy_light_terracotta,,,
TRUE,westeros_medium_ashlar_tab,FALSE,,,Medium Ashlar Light Terracotta Mossy Slab,dorne_mossy_light_terracotta_slab,,,slab,dorne_mossy_light_terracotta,,,
TRUE,westeros_medium_ashlar_tab,FALSE,,,Medium Ashlar Light Terracotta Mossy Stairs,dorne_mossy_light_terracotta_stairs,,,stair,dorne_mossy_light_terracotta,,,
TRUE,westeros_medium_ashlar_tab,FALSE,,,Medium Ashlar Light Terracotta Mossy Tip,dorne_mossy_light_terracotta_tip,,,cuboid,dorne_mossy_light_terracotta,,,
TRUE,westeros_medium_ashlar_tab,FALSE,,,Medium Ashlar Light Terracotta Mossy Wall,dorne_mossy_light_terracotta_wall,,,wall,dorne_mossy_light_terracotta,,,
TRUE,westeros_marble_plaster_tab,FALSE,,,Dorne Mud Plaster Smooth,dorne_mud_plaster,,,solid,dorne_mud_plaster,,,
TRUE,westeros_marble_plaster_tab,FALSE,,,Dorne Mud Plaster Smooth Fence,dorne_mud_plaster_fence,,,fence,dorne_mud_plaster,,,
TRUE,westeros_marble_plaster_tab,FALSE,,,Dorne Mud Plaster Smooth Hopper,dorne_mud_plaster_hopper,,,cuboid,dorne_mud_plaster,,,
TRUE,westeros_marble_plaster_tab,FALSE,,,Dorne Mud Plaster Rough,dorne_mud_plaster_rough,,,solid,dorne_mud_plaster_rough,,,
TRUE,westeros_marble_plaster_tab,FALSE,,,Dorne Mud Plaster Rough Fence,dorne_mud_plaster_rough_fence,,,fence,dorne_mud_plaster_rough,,,
TRUE,westeros_marble_plaster_tab,FALSE,,,Dorne Mud Plaster Rough Hopper,dorne_mud_plaster_rough_hopper,,,cuboid,dorne_mud_plaster_rough,,,
TRUE,westeros_marble_plaster_tab,FALSE,,,Dorne Mud Plaster Rough Slab,dorne_mud_plaster_rough_slab,,,slab,dorne_mud_plaster_rough,,,
TRUE,westeros_marble_plaster_tab,FALSE,,,Dorne Mud Plaster Rough Stairs,dorne_mud_plaster_rough_stairs,,,stair,dorne_mud_plaster_rough,,,
TRUE,westeros_marble_plaster_tab,FALSE,,,Dorne Mud Plaster Rough Tip,dorne_mud_plaster_rough_tip,,,cuboid,dorne_mud_plaster_rough,,,
TRUE,westeros_marble_plaster_tab,FALSE,,,Dorne Mud Plaster Rough Wall,dorne_mud_plaster_rough_wall,,,wall,dorne_mud_plaster_rough,,,
TRUE,westeros_marble_plaster_tab,FALSE,,,Dorne Mud Plaster Smooth Slab,dorne_mud_plaster_slab,,,slab,dorne_mud_plaster,,,
TRUE,westeros_marble_plaster_tab,FALSE,,,Dorne Mud Plaster Smooth Stairs,dorne_mud_plaster_stairs,,,stair,dorne_mud_plaster,,,
TRUE,westeros_marble_plaster_tab,FALSE,,,Dorne Mud Plaster Smooth Tip,dorne_mud_plaster_tip,,,cuboid,dorne_mud_plaster,,,
TRUE,westeros_marble_plaster_tab,FALSE,,,Dorne Mud Plaster Smooth Wall,dorne_mud_plaster_wall,,,wall,dorne_mud_plaster,,,
FALSE,westeros_windows_glass_tab,FALSE,,,Dorne Red Window Shutters,dorne_red_window_shutters,,,halfdoor,,,,
FALSE,westeros_furniture_tab,FALSE,,,Dornish Mud Furnace,dornish_mud_furnace,,,furnace,,,,
FALSE,westeros_panelling_carvings_tab,FALSE,,,Dragon Carving,dragon_carving,,,solid,,,,
FALSE,westeros_misc_tab,FALSE,,,Dragonfly,dragonfly,,,web,,,,
FALSE,westeros_decor_tab,FALSE,,,Dreadfort Skeleton Sconce Left,dreadfort_skeleton_sconce_left,,,cuboid-nsew,,,,
FALSE,westeros_decor_tab,FALSE,,,Dreadfort Skeleton Sconce Right,dreadfort_skeleton_sconce_right,,,cuboid-nsew,,,,
FALSE,westeros_banners_tab,FALSE,,,Drumm Banner,drumm_banner,WesterosBlocks,,cuboid-nsew-stack,,,,
FALSE,westeros_foliage_tab,FALSE,,,Duckweed,duckweed,,,cuboid,,,,
FALSE,westeros_furniture_tab,FALSE,,,Ashlar Furnace Dun,dun_brick_furnace,,,furnace,,,,
FALSE,westeros_sounds_tab,FALSE,,,Dungeon Large,dungeon_large,,,sound,,,,
FALSE,westeros_sounds_tab,FALSE,,,Dungeon Small,dungeon_small,,,sound,,,,
FALSE,westeros_banners_tab,FALSE,,,Dustin Banner,dustin_banner,WesterosBlocks,,cuboid-nsew-stack,,,,
FALSE,westeros_banners_tab,FALSE,,,Egen Banner,egen_banner,WesterosBlocks,,cuboid-nsew-stack,,,,
FALSE,westeros_decor_tab,FALSE,Wood Update,Ready For Work,Empty Barrel,empty_barrel,,,solid,,,,
FALSE,westeros_furniture_tab,FALSE,Wood Update,Ready For Work,Empty Cabinet,empty_cabinet,,,solid,,,,
FALSE,westeros_banners_tab,FALSE,,,Errol Banner,errol_banner,WesterosBlocks,,cuboid-nsew-stack,,,,
FALSE,westeros_banners_tab,FALSE,,,Estermont Banner,estermont_banner,WesterosBlocks,,cuboid-nsew-stack,,,,
TRUE,westeros_marble_plaster_tab,FALSE,,,Eyrie Blue Veined Marble,eyrie_blue_veined_marble,,,solid,eyrie_blue_veined_marble,,,
TRUE,westeros_marble_plaster_tab,FALSE,,,Eyrie Blue Veined Marble Fence,eyrie_blue_veined_marble_fence,,,fence,eyrie_blue_veined_marble,,,
TRUE,westeros_marble_plaster_tab,FALSE,,,Eyrie Blue Veined Marble Hopper,eyrie_blue_veined_marble_hopper,,,cuboid,eyrie_blue_veined_marble,,,
TRUE,westeros_marble_plaster_tab,FALSE,,,Eyrie Blue Veined Marble Slab,eyrie_blue_veined_marble_slab,,,slab,eyrie_blue_veined_marble,,,
TRUE,westeros_marble_plaster_tab,FALSE,,,Eyrie Blue Veined Marble Stairs,eyrie_blue_veined_marble_stairs,,,stair,eyrie_blue_veined_marble,,,
TRUE,westeros_marble_plaster_tab,FALSE,,,Eyrie Blue Veined Marble Tip,eyrie_blue_veined_marble_tip,,,cuboid,eyrie_blue_veined_marble,,,
TRUE,westeros_marble_plaster_tab,FALSE,,,Eyrie Blue Veined Marble Wall,eyrie_blue_veined_marble_wall,,,wall,eyrie_blue_veined_marble,,,
FALSE,westeros_wood_planks_tab,FALSE,Wood Update,Ready For Work,Eyrie Weirwood Door,eyrie_weirwood_door,,,door,,,,
TRUE,westeros_fieldstone_tab,FALSE,,,Fieldstone Light Brown Grey,faint_brown_grey_brick,Doku,,solid,faint_brown_grey_brick,,,
TRUE,westeros_fieldstone_tab,FALSE,,,Fieldstone Light Brown Grey Arrow_slit,faint_brown_grey_brick_arrow_slit,Doku,,solid,faint_brown_grey_brick,,,
TRUE,westeros_fieldstone_tab,FALSE,,,Fieldstone Light Brown Grey Arrow_slit_ornate,faint_brown_grey_brick_arrow_slit_ornate,Doku,,solid,faint_brown_grey_brick,,,
TRUE,westeros_fieldstone_tab,FALSE,,,Fieldstone Light Brown Grey Arrow_slit_window,faint_brown_grey_brick_arrow_slit_window,Doku,,solid,faint_brown_grey_brick,,,
TRUE,westeros_fieldstone_tab,FALSE,,,Fieldstone Light Brown Grey Fence,faint_brown_grey_brick_fence,Doku,,fence,faint_brown_grey_brick,,,
TRUE,westeros_fieldstone_tab,FALSE,,,Fieldstone Light Brown Grey Hopper,faint_brown_grey_brick_hopper,Doku,,cuboid,faint_brown_grey_brick,,,
TRUE,westeros_fieldstone_tab,FALSE,,,Fieldstone Light Brown Grey Slab,faint_brown_grey_brick_slab,Doku,,slab,faint_brown_grey_brick,,,
TRUE,westeros_fieldstone_tab,FALSE,,,Fieldstone Light Brown Grey Stairs,faint_brown_grey_brick_stairs,Doku,,stair,faint_brown_grey_brick,,,
TRUE,westeros_fieldstone_tab,FALSE,,,Fieldstone Light Brown Grey Tip,faint_brown_grey_brick_tip,Doku,,cuboid,faint_brown_grey_brick,,,
TRUE,westeros_fieldstone_tab,FALSE,,,Fieldstone Light Brown Grey Wall,faint_brown_grey_brick_wall,Doku,,wall,faint_brown_grey_brick,,,
TRUE,westeros_fieldstone_tab,FALSE,,,Fieldstone Light Grey,faint_light_grey_brick,Doku,,solid,faint_light_grey_brick,,,
TRUE,westeros_fieldstone_tab,FALSE,,,Fieldstone Light Grey Arrow_slit,faint_light_grey_brick_arrow_slit,Doku,,solid,faint_light_grey_brick,,,
TRUE,westeros_fieldstone_tab,FALSE,,,Fieldstone Light Grey Arrow_slit_ornate,faint_light_grey_brick_arrow_slit_ornate,Doku,,solid,faint_light_grey_brick,,,
TRUE,westeros_fieldstone_tab,FALSE,,,Fieldstone Light Grey Arrow_slit_window,faint_light_grey_brick_arrow_slit_window,Doku,,solid,faint_light_grey_brick,,,
TRUE,westeros_fieldstone_tab,FALSE,,,Fieldstone Light Grey Fence,faint_light_grey_brick_fence,Doku,,fence,faint_light_grey_brick,,,
TRUE,westeros_fieldstone_tab,FALSE,,,Fieldstone Light Grey Hopper,faint_light_grey_brick_hopper,Doku,,cuboid,faint_light_grey_brick,,,
TRUE,westeros_fieldstone_tab,FALSE,,,Fieldstone Light Grey Slab,faint_light_grey_brick_slab,Doku,,slab,faint_light_grey_brick,,,
TRUE,westeros_fieldstone_tab,FALSE,,,Fieldstone Light Grey Stairs,faint_light_grey_brick_stairs,Doku,,stair,faint_light_grey_brick,,,
TRUE,westeros_fieldstone_tab,FALSE,,,Fieldstone Light Grey Tip,faint_light_grey_brick_tip,Doku,,cuboid,faint_light_grey_brick,,,
TRUE,westeros_fieldstone_tab,FALSE,,,Fieldstone Light Grey Wall,faint_light_grey_brick_wall,Doku,,wall,faint_light_grey_brick,,,
TRUE,westeros_cobblestone_tab,FALSE,Cobblestone Update,Ready For Work,Cobblestone Light Grey,faint_light_grey_cobblestone,,,solid,faint_light_grey_cobblestone,,,
TRUE,westeros_cobblestone_tab,FALSE,Cobblestone Update,Ready For Work,Cobblestone Light Grey Fence,faint_light_grey_cobblestone_fence,,,fence,faint_light_grey_cobblestone,,,
TRUE,westeros_cobblestone_tab,FALSE,Cobblestone Update,Ready For Work,Cobblestone Light Grey Hopper,faint_light_grey_cobblestone_hopper,,,cuboid,faint_light_grey_cobblestone,,,
TRUE,westeros_cobblestone_tab,FALSE,Cobblestone Update,Ready For Work,Cobblestone Light Grey Slab,faint_light_grey_cobblestone_slab,,,slab,faint_light_grey_cobblestone,,,
TRUE,westeros_cobblestone_tab,FALSE,Cobblestone Update,Ready For Work,Cobblestone Light Grey Stairs,faint_light_grey_cobblestone_stairs,,,stair,faint_light_grey_cobblestone,,,
TRUE,westeros_cobblestone_tab,FALSE,Cobblestone Update,Ready For Work,Cobblestone Light Grey Tip,faint_light_grey_cobblestone_tip,,,cuboid,faint_light_grey_cobblestone,,,
TRUE,westeros_cobblestone_tab,FALSE,Cobblestone Update,Ready For Work,Cobblestone Light Grey Wall,faint_light_grey_cobblestone_wall,,,wall,faint_light_grey_cobblestone,,,
TRUE,westeros_cobblestone_tab,FALSE,Cobblestone Update,Ready For Work,Dark Cobblestone Light Grey,faint_light_grey_dark_cobblestone,,,solid,faint_light_grey_dark_cobblestone,,,
TRUE,westeros_cobblestone_tab,FALSE,Cobblestone Update,Ready For Work,Dark Cobblestone Light Grey Fence,faint_light_grey_dark_cobblestone_fence,,,fence,faint_light_grey_dark_cobblestone,,,
TRUE,westeros_cobblestone_tab,FALSE,Cobblestone Update,Ready For Work,Dark Cobblestone Light Grey Hopper,faint_light_grey_dark_cobblestone_hopper,,,cuboid,faint_light_grey_dark_cobblestone,,,
TRUE,westeros_cobblestone_tab,FALSE,Cobblestone Update,Ready For Work,Dark Cobblestone Light Grey Slab,faint_light_grey_dark_cobblestone_slab,,,slab,faint_light_grey_dark_cobblestone,,,
TRUE,westeros_cobblestone_tab,FALSE,Cobblestone Update,Ready For Work,Dark Cobblestone Light Grey Stairs,faint_light_grey_dark_cobblestone_stairs,,,stair,faint_light_grey_dark_cobblestone,,,
TRUE,westeros_cobblestone_tab,FALSE,Cobblestone Update,Ready For Work,Dark Cobblestone Light Grey Tip,faint_light_grey_dark_cobblestone_tip,,,cuboid,faint_light_grey_dark_cobblestone,,,
TRUE,westeros_cobblestone_tab,FALSE,Cobblestone Update,Ready For Work,Dark Cobblestone Light Grey Wall,faint_light_grey_dark_cobblestone_wall,,,wall,faint_light_grey_dark_cobblestone,,,
TRUE,westeros_half_ashlar_tab,FALSE,,,Half Ashlar Light Grey,faint_light_grey_large_brick,Doku,,solid,faint_light_grey_large_brick,,,
TRUE,westeros_half_ashlar_tab,FALSE,,,Half Ashlar Light Grey Arrow_slit,faint_light_grey_large_brick_arrow_slit,Doku,,solid,faint_light_grey_large_brick,,,
TRUE,westeros_half_ashlar_tab,FALSE,,,Half Ashlar Light Grey Arrow_slit_ornate,faint_light_grey_large_brick_arrow_slit_ornate,Doku,,solid,faint_light_grey_large_brick,,,
TRUE,westeros_half_ashlar_tab,FALSE,,,Half Ashlar Light Grey Arrow_slit_window,faint_light_grey_large_brick_arrow_slit_window,Doku,,solid,faint_light_grey_large_brick,,,
TRUE,westeros_half_ashlar_tab,FALSE,,,Half Ashlar Light Grey Fence,faint_light_grey_large_brick_fence,Doku,,fence,faint_light_grey_large_brick,,,
TRUE,westeros_half_ashlar_tab,FALSE,,,Half Ashlar Light Grey Hopper,faint_light_grey_large_brick_hopper,Doku,,cuboid,faint_light_grey_large_brick,,,
TRUE,westeros_half_ashlar_tab,FALSE,,,Half Ashlar Light Grey Slab,faint_light_grey_large_brick_slab,Doku,,slab,faint_light_grey_large_brick,,,
TRUE,westeros_half_ashlar_tab,FALSE,,,Half Ashlar Light Grey Stairs,faint_light_grey_large_brick_stairs,Doku,,stair,faint_light_grey_large_brick,,,
TRUE,westeros_half_ashlar_tab,FALSE,,,Half Ashlar Light Grey Tip,faint_light_grey_large_brick_tip,Doku,,cuboid,faint_light_grey_large_brick,,,
TRUE,westeros_half_ashlar_tab,FALSE,,,Half Ashlar Light Grey Wall,faint_light_grey_large_brick_wall,Doku,,wall,faint_light_grey_large_brick,,,
TRUE,westeros_smooth_ashlar_tab,FALSE,,,Smooth Ashlar Light Grey,faint_light_grey_light_stone,,,solid,faint_light_grey_light_stone,,,
TRUE,westeros_smooth_ashlar_tab,FALSE,,,Smooth Ashlar Light Grey Arrow_slit,faint_light_grey_light_stone_arrow_slit,,,solid,faint_light_grey_light_stone,,,
TRUE,westeros_smooth_ashlar_tab,FALSE,,,Smooth Ashlar Light Grey Arrow_slit_ornate,faint_light_grey_light_stone_arrow_slit_ornate,,,solid,faint_light_grey_light_stone,,,
TRUE,westeros_smooth_ashlar_tab,FALSE,,,Smooth Ashlar Light Grey Arrow_slit_window,faint_light_grey_light_stone_arrow_slit_window,,,solid,faint_light_grey_light_stone,,,
TRUE,westeros_smooth_ashlar_tab,FALSE,,,Smooth Ashlar Light Grey Fence,faint_light_grey_light_stone_fence,,,fence,faint_light_grey_light_stone,,,
TRUE,westeros_smooth_ashlar_tab,FALSE,,,Smooth Ashlar Light Grey Hopper,faint_light_grey_light_stone_hopper,,,cuboid,faint_light_grey_light_stone,,,
TRUE,westeros_smooth_ashlar_tab,FALSE,,,Smooth Ashlar Light Grey Slab,faint_light_grey_light_stone_slab,,,slab,faint_light_grey_light_stone,,,
TRUE,westeros_smooth_ashlar_tab,FALSE,,,Smooth Ashlar Light Grey Stairs,faint_light_grey_light_stone_stairs,,,stair,faint_light_grey_light_stone,,,
TRUE,westeros_smooth_ashlar_tab,FALSE,,,Smooth Ashlar Light Grey Tip,faint_light_grey_light_stone_tip,,,cuboid,faint_light_grey_light_stone,,,
TRUE,westeros_smooth_ashlar_tab,FALSE,,,Smooth Ashlar Light Grey Wall,faint_light_grey_light_stone_wall,,,wall,faint_light_grey_light_stone,,,
FALSE,westeros_panelling_carvings_tab,FALSE,,,Ashlar Faith Carved Arbor,faith_carved_arbor_brick,,,solid,,,,
FALSE,westeros_panelling_carvings_tab,FALSE,,,Ashlar Faith Carved Black,faith_carved_black_brick,,,solid,,,,
FALSE,westeros_panelling_carvings_tab,FALSE,,,Ashlar Faith Carved Brown Grey,faith_carved_brown_grey_brick,,,solid,,,,
FALSE,westeros_panelling_carvings_tab,FALSE,,,Ashlar Faith Carved Pale Red,faith_carved_coarse_red_brick,,,solid,,,,
FALSE,westeros_panelling_carvings_tab,FALSE,,,Ashlar Faith Carved Dark Grey,faith_carved_dark_grey_brick,,,solid,,,,
FALSE,westeros_panelling_carvings_tab,FALSE,,,Ashlar Faith Carved Dun,faith_carved_dun_brick,,,solid,,,,
FALSE,westeros_panelling_carvings_tab,FALSE,,,Ashlar Faith Carved Normal Grey,faith_carved_grey_brick,,,solid,,,,
FALSE,westeros_panelling_carvings_tab,FALSE,,,Ashlar Faith Carved Light Oldtown,faith_carved_oldtown_brick,,,solid,,,,
FALSE,westeros_panelling_carvings_tab,FALSE,,,Ashlar Faith Carved Sandy Pink,faith_carved_pink_sandstone,,,solid,,,,
FALSE,westeros_panelling_carvings_tab,FALSE,,,Ashlar Faith Carved Reach,faith_carved_reach_brick,,,solid,,,,
FALSE,westeros_panelling_carvings_tab,FALSE,,,Ashlar Faith Carved Green Grey,faith_carved_small_stone_brick,,,solid,,,,
FALSE,westeros_panelling_carvings_tab,FALSE,,,Ashlar Faith Carved White,faith_carved_stone_brick,,,solid,,,,
FALSE,westeros_panelling_carvings_tab,FALSE,,,Ashlar Faith Carved Stormlands,faith_carved_stormlands_brick,,,solid,,,,
FALSE,westeros_panelling_carvings_tab,FALSE,,,Ashlar Faith Carved Westerlands,faith_carved_westerlands_brick,,,solid,,,,
TRUE,westeros_grass_dirt_tab,FALSE,,,Fallen Leaves,fallen_leaves,,,solid,fallen_leaves,,,
TRUE,westeros_grass_dirt_tab,FALSE,,,Fallen Leaves Slab,fallen_leaves_slab,,,slab,fallen_leaves,,,
FALSE,westeros_foliage_tab,FALSE,,,Fallen Weirwood Leaves,fallen_weirwood_leaves,,,cuboid,,,,
FALSE,westeros_water_air_tab,FALSE,,,Falling Water Block Four,falling_water_block_four,,,vines,,,,
FALSE,westeros_water_air_tab,FALSE,,,Falling Water Block Four (Old),falling_water_block_four_old,,,cuboid-nsew,,,,
FALSE,westeros_water_air_tab,FALSE,,,Falling Water Block One,falling_water_block_one,,,vines,,,,
FALSE,westeros_water_air_tab,FALSE,,,Falling Water Block One (Old),falling_water_block_one_old,,,cuboid-nsew,,,,
FALSE,westeros_water_air_tab,FALSE,,,Falling Water Block Three,falling_water_block_three,,,vines,,,,
FALSE,westeros_water_air_tab,FALSE,,,Falling Water Block Three (Old),falling_water_block_three_old,,,cuboid-nsew,,,,
FALSE,westeros_water_air_tab,FALSE,,,Falling Water Block Two,falling_water_block_two,,,vines,,,,
FALSE,westeros_water_air_tab,FALSE,,,Falling Water Block Two (Old),falling_water_block_two_old,,,cuboid-nsew,,,,
FALSE,westeros_cloth_fibers_tab,FALSE,,,Fancy Blue Carpet,fancy_blue_carpet,,,rail,,,,
FALSE,westeros_cloth_fibers_tab,FALSE,,,Fancy Red Carpet,fancy_red_carpet,,,rail,,,,
FALSE,westeros_banners_tab,FALSE,,,Farman Banner,farman_banner,WesterosBlocks,,cuboid-nsew-stack,,,,
FALSE,westeros_grasses_shrubs_tab,FALSE,,,Fireweed,fireweed,,,plant,,,,
FALSE,westeros_decor_tab,FALSE,Wood Update,Ready For Work,Firewood,firewood,,,log,,,,
FALSE,westeros_decor_tab,FALSE,Wood Update,Ready For Work,Firewood Directional Slab,firewood_directional_slab,,,cuboid-ne,,,,
FALSE,westeros_decor_tab,FALSE,Wood Update,Ready For Work,Firewood Slab,firewood_slab,,,slab,,,,
FALSE,westeros_food_blocks_tab,FALSE,Wood Update,Ready For Work,Fish Barrel,fish_barrel,,,solid,,,,
FALSE,westeros_food_blocks_tab,FALSE,,,Fish Basket,fish_basket,,,solid,,,,
FALSE,westeros_food_blocks_tab,FALSE,,,Fish Basket Slab,fish_basket_slab,,,slab,,,,
FALSE,westeros_decor_tab,FALSE,,,Fish Trap,fish_trap,,,solid,,,,
FALSE,westeros_sounds_tab,FALSE,,,Flag Flapping,flag_flapping,,,sound,,,,
FALSE,westeros_cobblestone_tab,FALSE,Cobblestone Update,Ready For Work,Flagstone,flagstone,,,solid,,,,
FALSE,westeros_misc_tab,FALSE,Wood Update,Ready For Work,Flat Wheel,flat_wheel,,,cuboid-nsew,,,,
FALSE,westeros_misc_tab,FALSE,Wood Update,Ready For Work,Flat Wheel Large,flat_wheel_large,,,cuboid-nsew,,,,
FALSE,westeros_misc_tab,FALSE,,,Flies,flies,,,web,,,,
FALSE,westeros_banners_tab,FALSE,,,Flint Banner,flint_banner,WesterosBlocks,,cuboid-nsew-stack,,,,
FALSE,westeros_banners_tab,FALSE,,,Florent Banner,florent_banner,WesterosBlocks,,cuboid-nsew-stack,,,,
TRUE,westeros_terrain_sets_tab,FALSE,,,Flowstone,flowstone,WesterosBlocks,,solid,flowstone,,,
TRUE,westeros_terrain_sets_tab,FALSE,,,Flowstone Fence,flowstone_fence,WesterosBlocks,,fence,flowstone,,,
TRUE,westeros_terrain_sets_tab,FALSE,,,Flowstone Fence_gate,flowstone_fence_gate,WesterosBlocks,,fencegate,flowstone,,,
TRUE,westeros_terrain_sets_tab,FALSE,,,Flowstone Hopper,flowstone_hopper,WesterosBlocks,,cuboid,flowstone,,,
TRUE,westeros_terrain_sets_tab,FALSE,,,Flowstone Slab,flowstone_slab,WesterosBlocks,,slab,flowstone,,,
TRUE,westeros_terrain_sets_tab,FALSE,,,Flowstone Stairs,flowstone_stairs,WesterosBlocks,,stair,flowstone,,,
TRUE,westeros_terrain_sets_tab,FALSE,,,Flowstone Tip,flowstone_tip,WesterosBlocks,,cuboid,flowstone,,,
TRUE,westeros_terrain_sets_tab,FALSE,,,Flowstone Wall,flowstone_wall,WesterosBlocks,,wall,flowstone,,,
FALSE,westeros_banners_tab,FALSE,,,Fossoway Green Banner,fossoway_green_banner,WesterosBlocks,,cuboid-nsew-stack,,,,
FALSE,westeros_banners_tab,FALSE,,,Fossoway Red Banner,fossoway_red_banner,WesterosBlocks,,cuboid-nsew-stack,,,,
FALSE,westeros_banners_tab,FALSE,,,Fowler Banner,fowler_banner,WesterosBlocks,,cuboid-nsew-stack,,,,
FALSE,westeros_banners_tab,FALSE,,,Frey Banner,frey_banner,WesterosBlocks,,cuboid-nsew-stack,,,,
FALSE,westeros_decor_tab,FALSE,,,Frying Pan,frying_pan,WesterosBlocks,,cuboid-ne,,,,
FALSE,westeros_furniture_tab,FALSE,Wood Update,Ready For Work,Full Cabinet,full_cabinet,,,solid,,,,
FALSE,westeros_banners_tab,FALSE,,,Gardner Banner,gardner_banner,WesterosBlocks,,cuboid-nsew-stack,,,,
FALSE,westeros_banners_tab,FALSE,,,Gardner Old Banner,gardner_old_banner,WesterosBlocks,,cuboid-nsew-stack,,,,
FALSE,westeros_food_blocks_tab,FALSE,,,Garlic Strand,garlic_strand,WesterosBlocks,,web,,,,
FALSE,westeros_decor_tab,FALSE,,,Generic Head,generic_head,,,cuboid-16way,,,,
FALSE,westeros_misc_tab,FALSE,,,Ghostskin,ghostskin,WesterosBlocks,,cuboid-nsew,,,,
TRUE,westeros_windows_glass_tab,FALSE,,,Glass,glass,,,solid,glass,,,
FALSE,westeros_decor_tab,FALSE,,,Glass Flagon,glass_flagon,WesterosBlocks,,cuboid,,,,
TRUE,westeros_windows_glass_tab,FALSE,,,Glass Pane,glass_pane,,,pane,glass,,,
FALSE,westeros_banners_tab,FALSE,,,Glover Banner,glover_banner,WesterosBlocks,,cuboid-nsew-stack,,,,
FALSE,westeros_lighting_tab,FALSE,,,Glowing Embers,glowing_embers,,,solid,,,,
TRUE,westeros_metal_tab,FALSE,,,Gold,gold_block,,,solid,gold,,,
TRUE,westeros_metal_tab,FALSE,,,Gold Brick,gold_brick,,,solid,gold_brick,,,
TRUE,westeros_metal_tab,FALSE,,,Gold Brick Fence,gold_brick_fence,,,fence,gold_brick,,,
TRUE,westeros_metal_tab,FALSE,,,Gold Brick Hopper,gold_brick_hopper,,,cuboid,gold_brick,,,
TRUE,westeros_metal_tab,FALSE,,,Gold Brick Slab,gold_brick_slab,,,slab,gold_brick,,,
TRUE,westeros_metal_tab,FALSE,,,Gold Brick Stairs,gold_brick_stairs,,,stair,gold_brick,,,
TRUE,westeros_metal_tab,FALSE,,,Gold Brick Tip,gold_brick_tip,,,cuboid,gold_brick,,,
TRUE,westeros_metal_tab,FALSE,,,Gold Brick Wall,gold_brick_wall,,,wall,gold_brick,,,
TRUE,westeros_metal_tab,FALSE,,,Gold Fence,gold_fence,,,fence,gold,,,
TRUE,westeros_metal_tab,FALSE,,,Gold Hopper,gold_hopper,,,cuboid,gold,,,
TRUE,westeros_terrain_sets_tab,FALSE,,,Gold Ore,gold_ore,WesterosBlocks,,solid,gold_ore,,,
TRUE,westeros_terrain_sets_tab,FALSE,,,Gold Ore Slab,gold_ore_slab,WesterosBlocks,,slab,gold_ore,,,
TRUE,westeros_terrain_sets_tab,FALSE,,,Gold Ore Stairs,gold_ore_stairs,WesterosBlocks,,stair,gold_ore,,,
TRUE,westeros_terrain_sets_tab,FALSE,,,Gold Ore Wall,gold_ore_wall,WesterosBlocks,,wall,gold_ore,,,
FALSE,westeros_misc_tab,FALSE,,,Gold Road Marker,gold_road_marker,WesterosBlocks,,cuboid-nsew,,,,
TRUE,westeros_metal_tab,FALSE,,,Gold Slab,gold_slab,WesterosBlocks,,slab,gold,,,
TRUE,westeros_metal_tab,FALSE,,,Gold Stairs,gold_stairs,WesterosBlocks,,stair,gold,,,
TRUE,westeros_metal_tab,FALSE,,,Gold Tip,gold_tip,WesterosBlocks,,cuboid,gold,,,
TRUE,westeros_metal_tab,FALSE,,,Gold Wall,gold_wall,WesterosBlocks,,wall,gold,,,
FALSE,westeros_banners_tab,FALSE,,,Goodbrother Banner,goodbrother_banner,WesterosBlocks,,cuboid-nsew-stack,,,,
FALSE,westeros_banners_tab,FALSE,,,Grafton Banner,grafton_banner,WesterosBlocks,,cuboid-nsew-stack,,,,
FALSE,westeros_food_blocks_tab,FALSE,,,Grain Basket,grain_basket,,,solid,,,,
FALSE,westeros_food_blocks_tab,FALSE,,,Grain Basket Slab,grain_basket_slab,,,slab,,,,
FALSE,westeros_food_blocks_tab,FALSE,Wood Update,Ready For Work,Grain Crate,grain_crate,,,solid,,,,
FALSE,westeros_food_blocks_tab,FALSE,,,Grain Flour Sack,grain_flour_sack,WesterosBlocks,,slab,,,,
FALSE,westeros_grasses_shrubs_tab,FALSE,Dirt/Path Update,In Progress,Grass,grass,"WesterosBlocks, Conquest Reforged",,plant,,,,
TRUE,westeros_grass_dirt_tab,FALSE,Dirt/Path Update,In Progress,Grassy Dirt,grassy_dirt,"WesterosBlocks, Conquest Reforged",,solid,grassy_dirt,,,
TRUE,westeros_grass_dirt_tab,FALSE,Dirt/Path Update,In Progress,Grassy Dirt Path,grassy_dirt_path,"WesterosBlocks, Conquest Reforged",,cuboid,grassy_dirt,,,
TRUE,westeros_grass_dirt_tab,FALSE,Dirt/Path Update,In Progress,Grassy Dirt Slab,grassy_dirt_slab,"WesterosBlocks, Conquest Reforged",,slab,grassy_dirt,,,
TRUE,westeros_sand_gravel_tab,FALSE,Dirt/Path Update,In Progress,Grassy Sand,grassy_sand,"WesterosBlocks, Conquest Reforged",,solid,grassy_sand,,,
TRUE,westeros_sand_gravel_tab,FALSE,Dirt/Path Update,In Progress,Grassy Sand Layer,grassy_sand_layer,"WesterosBlocks, Conquest Reforged",,layer,grassy_sand,,,
TRUE,westeros_sand_gravel_tab,FALSE,Dirt/Path Update,In Progress,Grassy Sand Slab,grassy_sand_slab,"WesterosBlocks, Conquest Reforged",,slab,grassy_sand,,,
TRUE,westeros_grass_dirt_tab,FALSE,Dirt/Path Update,In Progress,Gravel,gravel,"WesterosBlocks, Conquest Reforged",,solid,gravel,,,
TRUE,westeros_grass_dirt_tab,FALSE,Dirt/Path Update,In Progress,Gravel Slab,gravel_slab,"WesterosBlocks, Conquest Reforged",,slab,gravel,,,
FALSE,westeros_banners_tab,FALSE,,,Embroidered Green Banner,green_banner,WesterosBlocks,,cuboid-nsew-stack,,,,
FALSE,westeros_panelling_carvings_tab,FALSE,,,Ashlar Engraved Green Grey,green_grey_brick_engraved,,,solid,,,,
FALSE,westeros_panelling_carvings_tab,FALSE,,,Ashlar Engraved Green Grey Wall,green_grey_brick_engraved_wall,,,wall,,,,
TRUE,westeros_cobblestone_tab,FALSE,Cobblestone Update,Ready For Work,Cobblestone Green Grey,green_grey_cobblestone,,,solid,green_grey_cobblestone,,,
TRUE,westeros_cobblestone_tab,FALSE,Cobblestone Update,Ready For Work,Cobblestone Green Grey Fence,green_grey_cobblestone_fence,,,fence,green_grey_cobblestone,,,
TRUE,westeros_cobblestone_tab,FALSE,Cobblestone Update,Ready For Work,Cobblestone Green Grey Hopper,green_grey_cobblestone_hopper,,,cuboid,green_grey_cobblestone,,,
TRUE,westeros_cobblestone_tab,FALSE,Cobblestone Update,Ready For Work,Cobblestone Green Grey Slab,green_grey_cobblestone_slab,,,slab,green_grey_cobblestone,,,
TRUE,westeros_cobblestone_tab,FALSE,Cobblestone Update,Ready For Work,Cobblestone Green Grey Stairs,green_grey_cobblestone_stairs,,,stair,green_grey_cobblestone,,,
TRUE,westeros_cobblestone_tab,FALSE,Cobblestone Update,Ready For Work,Cobblestone Green Grey Tip,green_grey_cobblestone_tip,,,cuboid,green_grey_cobblestone,,,
TRUE,westeros_cobblestone_tab,FALSE,Cobblestone Update,Ready For Work,Cobblestone Green Grey Wall,green_grey_cobblestone_wall,,,wall,green_grey_cobblestone,,,
TRUE,westeros_medium_ashlar_tab,FALSE,,,Medium Ashlar Green Grey,green_grey_granite,,,solid,green_grey_granite,,,
TRUE,westeros_medium_ashlar_tab,FALSE,,,Medium Ashlar Green Grey Arrow_slit,green_grey_granite_arrow_slit,,,solid,green_grey_granite,,,
TRUE,westeros_medium_ashlar_tab,FALSE,,,Medium Ashlar Green Grey Arrow_slit_ornate,green_grey_granite_arrow_slit_ornate,,,solid,green_grey_granite,,,
TRUE,westeros_medium_ashlar_tab,FALSE,,,Medium Ashlar Green Grey Arrow_slit_window,green_grey_granite_arrow_slit_window,,,solid,green_grey_granite,,,
TRUE,westeros_medium_ashlar_tab,FALSE,,,Medium Ashlar Green Grey Fence,green_grey_granite_fence,,,fence,green_grey_granite,,,
TRUE,westeros_medium_ashlar_tab,FALSE,,,Medium Ashlar Green Grey Hopper,green_grey_granite_hopper,,,cuboid,green_grey_granite,,,
TRUE,westeros_polished_stone_tab,FALSE,,,Polished Stone Green Grey,green_grey_granite_polished,Doku,,solid,green_grey_granite_polished,,,
TRUE,westeros_polished_stone_tab,FALSE,,,Polished Stone Green Grey Slab,green_grey_granite_polished_slab,Doku,,slab,green_grey_granite_polished,,,
TRUE,westeros_polished_stone_tab,FALSE,,,Polished Stone Green Grey Stairs,green_grey_granite_polished_stairs,Doku,,stair,green_grey_granite_polished,,,
TRUE,westeros_polished_stone_tab,FALSE,,,Polished Stone Green Grey Wall,green_grey_granite_polished_wall,Doku,,wall,green_grey_granite_polished,,,
TRUE,westeros_medium_ashlar_tab,FALSE,,,Medium Ashlar Green Grey Slab,green_grey_granite_slab,,,slab,green_grey_granite,,,
TRUE,westeros_medium_ashlar_tab,FALSE,,,Medium Ashlar Green Grey Stairs,green_grey_granite_stairs,,,stair,green_grey_granite,,,
TRUE,westeros_medium_ashlar_tab,FALSE,,,Medium Ashlar Green Grey Tip,green_grey_granite_tip,,,cuboid,green_grey_granite,,,
TRUE,westeros_medium_ashlar_tab,FALSE,,,Medium Ashlar Green Grey Wall,green_grey_granite_wall,,,wall,green_grey_granite,,,
TRUE,westeros_half_ashlar_tab,FALSE,,,Half Ashlar Green Grey,green_grey_large_brick,Doku,,solid,green_grey_large_brick,,,
TRUE,westeros_half_ashlar_tab,FALSE,,,Half Ashlar Green Grey Arrow_slit,green_grey_large_brick_arrow_slit,Doku,,solid,green_grey_large_brick,,,
TRUE,westeros_half_ashlar_tab,FALSE,,,Half Ashlar Green Grey Arrow_slit_ornate,green_grey_large_brick_arrow_slit_ornate,Doku,,solid,green_grey_large_brick,,,
TRUE,westeros_half_ashlar_tab,FALSE,,,Half Ashlar Green Grey Arrow_slit_window,green_grey_large_brick_arrow_slit_window,Doku,,solid,green_grey_large_brick,,,
TRUE,westeros_half_ashlar_tab,FALSE,,,Half Ashlar Green Grey Fence,green_grey_large_brick_fence,Doku,,fence,green_grey_large_brick,,,
TRUE,westeros_half_ashlar_tab,FALSE,,,Half Ashlar Green Grey Hopper,green_grey_large_brick_hopper,Doku,,cuboid,green_grey_large_brick,,,
TRUE,westeros_half_ashlar_tab,FALSE,,,Half Ashlar Green Grey Slab,green_grey_large_brick_slab,Doku,,slab,green_grey_large_brick,,,
TRUE,westeros_half_ashlar_tab,FALSE,,,Half Ashlar Green Grey Stairs,green_grey_large_brick_stairs,Doku,,stair,green_grey_large_brick,,,
TRUE,westeros_half_ashlar_tab,FALSE,,,Half Ashlar Green Grey Tip,green_grey_large_brick_tip,Doku,,cuboid,green_grey_large_brick,,,
TRUE,westeros_half_ashlar_tab,FALSE,,,Half Ashlar Green Grey Wall,green_grey_large_brick_wall,Doku,,wall,green_grey_large_brick,,,
FALSE,westeros_windows_glass_tab,FALSE,,,Green Lannisport Window Shutters,green_lannisport_window_shutters,,,halfdoor,,,,
FALSE,westeros_grasses_shrubs_tab,FALSE,,,Green Leafy Herb,green_leafy_herb,,,plant,,,,
TRUE,westeros_marble_plaster_tab,FALSE,,,Green Plaster Smooth,green_plaster,,,solid,green_plaster,,,
TRUE,westeros_marble_plaster_tab,FALSE,,,Green Plaster Smooth Fence,green_plaster_fence,,,fence,green_plaster,,,
TRUE,westeros_marble_plaster_tab,FALSE,,,Green Plaster Smooth Hopper,green_plaster_hopper,,,cuboid,green_plaster,,,
TRUE,westeros_marble_plaster_tab,FALSE,,,Green Plaster Rough,green_plaster_rough,,,solid,green_plaster_rough,,,
TRUE,westeros_marble_plaster_tab,FALSE,,,Green Plaster Rough Fence,green_plaster_rough_fence,,,fence,green_plaster_rough,,,
TRUE,westeros_marble_plaster_tab,FALSE,,,Green Plaster Rough Hopper,green_plaster_rough_hopper,,,cuboid,green_plaster_rough,,,
TRUE,westeros_marble_plaster_tab,FALSE,,,Green Plaster Rough Slab,green_plaster_rough_slab,,,slab,green_plaster_rough,,,
TRUE,westeros_marble_plaster_tab,FALSE,,,Green Plaster Rough Stairs,green_plaster_rough_stairs,,,stair,green_plaster_rough,,,
TRUE,westeros_marble_plaster_tab,FALSE,,,Green Plaster Rough Tip,green_plaster_rough_tip,,,cuboid,green_plaster_rough,,,
TRUE,westeros_marble_plaster_tab,FALSE,,,Green Plaster Rough Wall,green_plaster_rough_wall,,,wall,green_plaster_rough,,,
TRUE,westeros_marble_plaster_tab,FALSE,,,Green Plaster Smooth Slab,green_plaster_slab,,,slab,green_plaster,,,
TRUE,westeros_marble_plaster_tab,FALSE,,,Green Plaster Smooth Stairs,green_plaster_stairs,,,stair,green_plaster,,,
TRUE,westeros_marble_plaster_tab,FALSE,,,Green Plaster Smooth Tip,green_plaster_tip,,,cuboid,green_plaster,,,
TRUE,westeros_marble_plaster_tab,FALSE,,,Green Plaster Smooth Wall,green_plaster_wall,,,wall,green_plaster,,,
FALSE,westeros_grasses_shrubs_tab,FALSE,,,Green Scrub Grass,green_scrub_grass,,,plant,,,,
TRUE,westeros_roofing_tab,FALSE,Roofing Update,,Green Slate,green_slate,,,solid,green_slate,,,
TRUE,westeros_roofing_tab,FALSE,Roofing Update,,Green Slate Fence,green_slate_fence,,,fence,green_slate,,,
TRUE,westeros_roofing_tab,FALSE,Roofing Update,,Green Slate Hopper,green_slate_hopper,,,cuboid,green_slate,,,
TRUE,westeros_roofing_tab,FALSE,Roofing Update,,Green Slate Slab,green_slate_slab,,,slab,green_slate,,,
TRUE,westeros_roofing_tab,FALSE,Roofing Update,,Green Slate Stairs,green_slate_stairs,,,stair,green_slate,,,
TRUE,westeros_roofing_tab,FALSE,Roofing Update,,Green Slate Tip,green_slate_tip,,,cuboid,green_slate,,,
TRUE,westeros_roofing_tab,FALSE,Roofing Update,,Green Slate Wall,green_slate_wall,,,wall,green_slate,,,
FALSE,westeros_grasses_shrubs_tab,FALSE,,,Green Spiny Herb,green_spiny_herb,,,plant,,,,
TRUE,westeros_wood_planks_tab,FALSE,Wood Update,Complete,Green Wood Window_frame,green_timber_window_frame,Doku,,solid,green_wood,,,
TRUE,westeros_wood_planks_tab,FALSE,Wood Update,Complete,Green Wood Window_frame_mullion,green_timber_window_frame_mullion,Doku,,solid,green_wood,,,
TRUE,westeros_wood_planks_tab,FALSE,Wood Update,Complete,Green Wood,green_wood,Doku,,solid,green_wood,,,
TRUE,westeros_wood_planks_tab,FALSE,Wood Update,Complete,Green Wood Carpet,green_wood_carpet,Doku,,cuboid,green_wood,,,
TRUE,westeros_wood_planks_tab,FALSE,Wood Update,Complete,Green Wood Fence,green_wood_fence,Doku,,fence,green_wood,,,
TRUE,westeros_wood_planks_tab,FALSE,Wood Update,Complete,Green Wood Vertical Planks Half_door,green_wood_half_door,Doku,,cuboid-nsew,green_wood_vertical_planks,,,
TRUE,westeros_wood_planks_tab,FALSE,Wood Update,Complete,Green Wood Hopper,green_wood_hopper,Doku,,cuboid,green_wood,,,
TRUE,westeros_wood_planks_tab,FALSE,Wood Update,Complete,Green Wood Slab,green_wood_slab,Doku,,slab,green_wood,,,
TRUE,westeros_wood_planks_tab,FALSE,Wood Update,Complete,Green Wood Stairs,green_wood_stairs,Doku,,stair,green_wood,,,
TRUE,westeros_wood_planks_tab,FALSE,Wood Update,Complete,Green Wood Tip,green_wood_tip,Doku,,cuboid,green_wood,,,
TRUE,westeros_wood_planks_tab,FALSE,Wood Update,Complete,Green Wood Vertical Planks,green_wood_vertical_planks,Doku,,solid,green_wood_vertical_planks,,,
TRUE,westeros_wood_planks_tab,FALSE,Wood Update,Complete,Green Wood Vertical Planks Carpet,green_wood_vertical_planks_carpet,Doku,,cuboid,green_wood_vertical_planks,,,
TRUE,westeros_wood_planks_tab,FALSE,Wood Update,Complete,Green Wood Vertical Planks Fence,green_wood_vertical_planks_fence,Doku,,fence,green_wood_vertical_planks,,,
TRUE,westeros_wood_planks_tab,FALSE,Wood Update,Complete,Green Wood Vertical Planks Hopper,green_wood_vertical_planks_hopper,Doku,,cuboid,green_wood_vertical_planks,,,
TRUE,westeros_wood_planks_tab,FALSE,Wood Update,Complete,Green Wood Vertical Planks Slab,green_wood_vertical_planks_slab,Doku,,slab,green_wood_vertical_planks,,,
TRUE,westeros_wood_planks_tab,FALSE,Wood Update,Complete,Green Wood Vertical Planks Stairs,green_wood_vertical_planks_stairs,Doku,,stair,green_wood_vertical_planks,,,
TRUE,westeros_wood_planks_tab,FALSE,Wood Update,Complete,Green Wood Vertical Planks Tip,green_wood_vertical_planks_tip,Doku,,cuboid,green_wood_vertical_planks,,,
TRUE,westeros_wood_planks_tab,FALSE,Wood Update,Complete,Green Wood Vertical Planks Wall,green_wood_vertical_planks_wall,Doku,,wall,green_wood_vertical_planks,,,
TRUE,westeros_wood_planks_tab,FALSE,Wood Update,Complete,Green Wood Wall,green_wood_wall,Doku,,wall,green_wood,,,
TRUE,westeros_cloth_fibers_tab,FALSE,,,Green Wool,green_wool,Doku,,solid,green_wool,,,
FALSE,westeros_banners_tab,FALSE,,,Green Wool Banner,green_wool_banner,WesterosBlocks,,cuboid-nsew-stack,,,,
TRUE,westeros_cloth_fibers_tab,FALSE,,,Green Wool Carpet,green_wool_carpet,Doku,,cuboid,green_wool,,,
TRUE,westeros_cloth_fibers_tab,FALSE,,,Green Wool Fence,green_wool_fence,Doku,,fence,green_wool,,,
TRUE,westeros_cloth_fibers_tab,FALSE,,,Green Wool Slab,green_wool_slab,Doku,,slab,green_wool,,,
TRUE,westeros_cloth_fibers_tab,FALSE,,,Green Wool Stairs,green_wool_stairs,Doku,,stair,green_wool,,,
TRUE,westeros_cloth_fibers_tab,FALSE,,,Green Wool Tip,green_wool_tip,Doku,,cuboid,green_wool,,,
TRUE,westeros_cloth_fibers_tab,FALSE,,,Green Wool Wall,green_wool_wall,Doku,,wall,green_wool,,,
FALSE,westeros_banners_tab,FALSE,,,Embroidered Grey Banner,grey_banner,WesterosBlocks,,cuboid-nsew-stack,,,,
FALSE,westeros_panelling_carvings_tab,FALSE,,,Ashlar Engraved Normal Grey,grey_brick_engraved,,,solid,,,,
FALSE,westeros_panelling_carvings_tab,FALSE,,,Ashlar Engraved Normal Grey Wall,grey_brick_engraved_wall,,,wall,,,,
TRUE,westeros_cobblestone_tab,FALSE,Cobblestone Update,Ready For Work,Dark Cobblestone Normal Grey,grey_dark_cobblestone,,,solid,grey_dark_cobblestone,,,
TRUE,westeros_cobblestone_tab,FALSE,Cobblestone Update,Ready For Work,Dark Cobblestone Normal Grey Fence,grey_dark_cobblestone_fence,,,fence,grey_dark_cobblestone,,,
TRUE,westeros_cobblestone_tab,FALSE,Cobblestone Update,Ready For Work,Dark Cobblestone Normal Grey Hopper,grey_dark_cobblestone_hopper,,,cuboid,grey_dark_cobblestone,,,
TRUE,westeros_cobblestone_tab,FALSE,Cobblestone Update,Ready For Work,Dark Cobblestone Normal Grey Slab,grey_dark_cobblestone_slab,,,slab,grey_dark_cobblestone,,,
TRUE,westeros_cobblestone_tab,FALSE,Cobblestone Update,Ready For Work,Dark Cobblestone Normal Grey Stairs,grey_dark_cobblestone_stairs,,,stair,grey_dark_cobblestone,,,
TRUE,westeros_cobblestone_tab,FALSE,Cobblestone Update,Ready For Work,Dark Cobblestone Normal Grey Tip,grey_dark_cobblestone_tip,,,cuboid,grey_dark_cobblestone,,,
TRUE,westeros_cobblestone_tab,FALSE,Cobblestone Update,Ready For Work,Dark Cobblestone Normal Grey Wall,grey_dark_cobblestone_wall,,,wall,grey_dark_cobblestone,,,
TRUE,westeros_medium_ashlar_tab,FALSE,,,Medium Ashlar Normal Grey,grey_granite,,,solid,grey_granite,,,
TRUE,westeros_medium_ashlar_tab,FALSE,,,Medium Ashlar Normal Grey Arrow_slit,grey_granite_arrow_slit,,,solid,grey_granite,,,
TRUE,westeros_medium_ashlar_tab,FALSE,,,Medium Ashlar Normal Grey Arrow_slit_ornate,grey_granite_arrow_slit_ornate,,,solid,grey_granite,,,
TRUE,westeros_medium_ashlar_tab,FALSE,,,Medium Ashlar Normal Grey Arrow_slit_window,grey_granite_arrow_slit_window,,,solid,grey_granite,,,
TRUE,westeros_medium_ashlar_tab,FALSE,,,Medium Ashlar Normal Grey Fence,grey_granite_fence,,,fence,grey_granite,,,
TRUE,westeros_medium_ashlar_tab,FALSE,,,Medium Ashlar Normal Grey Hopper,grey_granite_hopper,,,cuboid,grey_granite,,,
TRUE,westeros_polished_stone_tab,FALSE,,,Polished Stone Normal Grey,grey_granite_polished,Doku,,solid,grey_granite_polished,,,
TRUE,westeros_polished_stone_tab,FALSE,,,Polished Stone Normal Grey Slab,grey_granite_polished_slab,Doku,,slab,grey_granite_polished,,,
TRUE,westeros_polished_stone_tab,FALSE,,,Polished Stone Normal Grey Stairs,grey_granite_polished_stairs,Doku,,stair,grey_granite_polished,,,
TRUE,westeros_polished_stone_tab,FALSE,,,Polished Stone Normal Grey Wall,grey_granite_polished_wall,Doku,,wall,grey_granite_polished,,,
TRUE,westeros_medium_ashlar_tab,FALSE,,,Medium Ashlar Normal Grey Slab,grey_granite_slab,,,slab,grey_granite,,,
TRUE,westeros_medium_ashlar_tab,FALSE,,,Medium Ashlar Normal Grey Stairs,grey_granite_stairs,,,stair,grey_granite,,,
TRUE,westeros_medium_ashlar_tab,FALSE,,,Medium Ashlar Normal Grey Tip,grey_granite_tip,,,cuboid,grey_granite,,,
TRUE,westeros_medium_ashlar_tab,FALSE,,,Medium Ashlar Normal Grey Wall,grey_granite_wall,,,wall,grey_granite,,,
FALSE,westeros_panelling_carvings_tab,FALSE,,,Grey Keystone,grey_keystone,,,solid,,,,
TRUE,westeros_smooth_ashlar_tab,FALSE,,,Smooth Ashlar Normal Grey,grey_light_stone,,,solid,grey_light_stone,,,
TRUE,westeros_smooth_ashlar_tab,FALSE,,,Smooth Ashlar Normal Grey Arrow_slit,grey_light_stone_arrow_slit,,,solid,grey_light_stone,,,
TRUE,westeros_smooth_ashlar_tab,FALSE,,,Smooth Ashlar Normal Grey Arrow_slit_ornate,grey_light_stone_arrow_slit_ornate,,,solid,grey_light_stone,,,
TRUE,westeros_smooth_ashlar_tab,FALSE,,,Smooth Ashlar Normal Grey Arrow_slit_window,grey_light_stone_arrow_slit_window,,,solid,grey_light_stone,,,
TRUE,westeros_smooth_ashlar_tab,FALSE,,,Smooth Ashlar Normal Grey Fence,grey_light_stone_fence,,,fence,grey_light_stone,,,
TRUE,westeros_smooth_ashlar_tab,FALSE,,,Smooth Ashlar Normal Grey Hopper,grey_light_stone_hopper,,,cuboid,grey_light_stone,,,
TRUE,westeros_smooth_ashlar_tab,FALSE,,,Smooth Ashlar Normal Grey Slab,grey_light_stone_slab,,,slab,grey_light_stone,,,
TRUE,westeros_smooth_ashlar_tab,FALSE,,,Smooth Ashlar Normal Grey Stairs,grey_light_stone_stairs,,,stair,grey_light_stone,,,
TRUE,westeros_smooth_ashlar_tab,FALSE,,,Smooth Ashlar Normal Grey Tip,grey_light_stone_tip,,,cuboid,grey_light_stone,,,
TRUE,westeros_smooth_ashlar_tab,FALSE,,,Smooth Ashlar Normal Grey Wall,grey_light_stone_wall,,,wall,grey_light_stone,,,
TRUE,westeros_marble_plaster_tab,FALSE,,,Grey Plaster Smooth,grey_plaster,,,solid,grey_plaster,,,
TRUE,westeros_marble_plaster_tab,FALSE,,,Grey Plaster Smooth Fence,grey_plaster_fence,,,fence,grey_plaster,,,
TRUE,westeros_marble_plaster_tab,FALSE,,,Grey Plaster Smooth Hopper,grey_plaster_hopper,,,cuboid,grey_plaster,,,
TRUE,westeros_marble_plaster_tab,FALSE,,,Grey Plaster Rough,grey_plaster_rough,,,solid,grey_plaster_rough,,,
TRUE,westeros_marble_plaster_tab,FALSE,,,Grey Plaster Rough Fence,grey_plaster_rough_fence,,,fence,grey_plaster_rough,,,
TRUE,westeros_marble_plaster_tab,FALSE,,,Grey Plaster Rough Hopper,grey_plaster_rough_hopper,,,cuboid,grey_plaster_rough,,,
TRUE,westeros_marble_plaster_tab,FALSE,,,Grey Plaster Rough Slab,grey_plaster_rough_slab,,,slab,grey_plaster_rough,,,
TRUE,westeros_marble_plaster_tab,FALSE,,,Grey Plaster Rough Stairs,grey_plaster_rough_stairs,,,stair,grey_plaster_rough,,,
TRUE,westeros_marble_plaster_tab,FALSE,,,Grey Plaster Rough Tip,grey_plaster_rough_tip,,,cuboid,grey_plaster_rough,,,
TRUE,westeros_marble_plaster_tab,FALSE,,,Grey Plaster Rough Wall,grey_plaster_rough_wall,,,wall,grey_plaster_rough,,,
TRUE,westeros_marble_plaster_tab,FALSE,,,Grey Plaster Smooth Slab,grey_plaster_slab,,,slab,grey_plaster,,,
TRUE,westeros_marble_plaster_tab,FALSE,,,Grey Plaster Smooth Stairs,grey_plaster_stairs,,,stair,grey_plaster,,,
TRUE,westeros_marble_plaster_tab,FALSE,,,Grey Plaster Smooth Tip,grey_plaster_tip,,,cuboid,grey_plaster,,,
TRUE,westeros_marble_plaster_tab,FALSE,,,Grey Plaster Smooth Wall,grey_plaster_wall,,,wall,grey_plaster,,,
TRUE,westeros_wood_planks_tab,FALSE,Wood Update,Complete,Grey Wood Window_frame,grey_timber_window_frame,Doku,,solid,grey_wood,,,
TRUE,westeros_wood_planks_tab,FALSE,Wood Update,Complete,Grey Wood Window_frame_mullion,grey_timber_window_frame_mullion,Doku,,solid,grey_wood,,,
TRUE,westeros_wood_planks_tab,FALSE,Wood Update,Complete,Grey Wood,grey_wood,Doku,,solid,grey_wood,,,
TRUE,westeros_wood_planks_tab,FALSE,Wood Update,Complete,Grey Wood Carpet,grey_wood_carpet,Doku,,cuboid,grey_wood,,,
FALSE,westeros_wood_planks_tab,FALSE,Wood Update,Complete,Grey Wood Door,grey_wood_door,Doku,,door,,,,
TRUE,westeros_wood_planks_tab,FALSE,Wood Update,Complete,Grey Wood Fence,grey_wood_fence,Doku,,fence,grey_wood,,,
TRUE,westeros_wood_planks_tab,FALSE,Wood Update,Complete,Grey Wood Vertical Planks Half_door,grey_wood_half_door,Doku,,cuboid-nsew,grey_wood_vertical_planks,,,
TRUE,westeros_wood_planks_tab,FALSE,Wood Update,Complete,Grey Wood Hopper,grey_wood_hopper,Doku,,cuboid,grey_wood,,,
TRUE,westeros_wood_planks_tab,FALSE,Wood Update,Complete,Grey Wood Slab,grey_wood_slab,Doku,,slab,grey_wood,,,
TRUE,westeros_wood_planks_tab,FALSE,Wood Update,Complete,Grey Wood Stairs,grey_wood_stairs,Doku,,stair,grey_wood,,,
TRUE,westeros_wood_planks_tab,FALSE,Wood Update,Complete,Grey Wood Tip,grey_wood_tip,Doku,,cuboid,grey_wood,,,
TRUE,westeros_wood_planks_tab,FALSE,Wood Update,Complete,Grey Wood Vertical Planks,grey_wood_vertical_planks,Doku,,solid,grey_wood_vertical_planks,,,
TRUE,westeros_wood_planks_tab,FALSE,Wood Update,Complete,Grey Wood Vertical Planks Carpet,grey_wood_vertical_planks_carpet,Doku,,cuboid,grey_wood_vertical_planks,,,
TRUE,westeros_wood_planks_tab,FALSE,Wood Update,Complete,Grey Wood Vertical Planks Fence,grey_wood_vertical_planks_fence,Doku,,fence,grey_wood_vertical_planks,,,
TRUE,westeros_wood_planks_tab,FALSE,Wood Update,Complete,Grey Wood Vertical Planks Hopper,grey_wood_vertical_planks_hopper,Doku,,cuboid,grey_wood_vertical_planks,,,
TRUE,westeros_wood_planks_tab,FALSE,Wood Update,Complete,Grey Wood Vertical Planks Slab,grey_wood_vertical_planks_slab,Doku,,slab,grey_wood_vertical_planks,,,
TRUE,westeros_wood_planks_tab,FALSE,Wood Update,Complete,Grey Wood Vertical Planks Stairs,grey_wood_vertical_planks_stairs,Doku,,stair,grey_wood_vertical_planks,,,
TRUE,westeros_wood_planks_tab,FALSE,Wood Update,Complete,Grey Wood Vertical Planks Tip,grey_wood_vertical_planks_tip,Doku,,cuboid,grey_wood_vertical_planks,,,
TRUE,westeros_wood_planks_tab,FALSE,Wood Update,Complete,Grey Wood Vertical Planks Wall,grey_wood_vertical_planks_wall,Doku,,wall,grey_wood_vertical_planks,,,
TRUE,westeros_wood_planks_tab,FALSE,Wood Update,Complete,Grey Wood Wall,grey_wood_wall,Doku,,wall,grey_wood,,,
FALSE,westeros_windows_glass_tab,FALSE,Wood Update,Complete,Grey Wood Window Shutters,grey_wood_window_shutters,Doku,,halfdoor,,,,
TRUE,westeros_cloth_fibers_tab,FALSE,,,Grey Wool,grey_wool,Doku,,solid,grey_wool,,,
FALSE,westeros_banners_tab,FALSE,,,Grey Wool Banner,grey_wool_banner,WesterosBlocks,,cuboid-nsew-stack,,,,
TRUE,westeros_cloth_fibers_tab,FALSE,,,Grey Wool Carpet,grey_wool_carpet,Doku,,cuboid,grey_wool,,,
TRUE,westeros_cloth_fibers_tab,FALSE,,,Grey Wool Fence,grey_wool_fence,Doku,,fence,grey_wool,,,
TRUE,westeros_cloth_fibers_tab,FALSE,,,Grey Wool Slab,grey_wool_slab,Doku,,slab,grey_wool,,,
TRUE,westeros_cloth_fibers_tab,FALSE,,,Grey Wool Stairs,grey_wool_stairs,Doku,,stair,grey_wool,,,
TRUE,westeros_cloth_fibers_tab,FALSE,,,Grey Wool Tip,grey_wool_tip,Doku,,cuboid,grey_wool,,,
TRUE,westeros_cloth_fibers_tab,FALSE,,,Grey Wool Wall,grey_wool_wall,Doku,,wall,grey_wool,,,
TRUE,westeros_marble_plaster_tab,FALSE,,,Greyish White Plaster Smooth,greyish_white_plaster,,,solid,greyish_white_plaster,,,
TRUE,westeros_marble_plaster_tab,FALSE,,,Greyish White Plaster Smooth Fence,greyish_white_plaster_fence,,,fence,greyish_white_plaster,,,
TRUE,westeros_marble_plaster_tab,FALSE,,,Greyish White Plaster Smooth Hopper,greyish_white_plaster_hopper,,,cuboid,greyish_white_plaster,,,
TRUE,westeros_marble_plaster_tab,FALSE,,,Greyish White Plaster Rough,greyish_white_plaster_rough,,,solid,greyish_white_plaster_rough,,,
TRUE,westeros_marble_plaster_tab,FALSE,,,Greyish White Plaster Rough Fence,greyish_white_plaster_rough_fence,,,fence,greyish_white_plaster_rough,,,
TRUE,westeros_marble_plaster_tab,FALSE,,,Greyish White Plaster Rough Hopper,greyish_white_plaster_rough_hopper,,,cuboid,greyish_white_plaster_rough,,,
TRUE,westeros_marble_plaster_tab,FALSE,,,Greyish White Plaster Rough Slab,greyish_white_plaster_rough_slab,,,slab,greyish_white_plaster_rough,,,
TRUE,westeros_marble_plaster_tab,FALSE,,,Greyish White Plaster Rough Stairs,greyish_white_plaster_rough_stairs,,,stair,greyish_white_plaster_rough,,,
TRUE,westeros_marble_plaster_tab,FALSE,,,Greyish White Plaster Rough Tip,greyish_white_plaster_rough_tip,,,cuboid,greyish_white_plaster_rough,,,
TRUE,westeros_marble_plaster_tab,FALSE,,,Greyish White Plaster Rough Wall,greyish_white_plaster_rough_wall,,,wall,greyish_white_plaster_rough,,,
TRUE,westeros_marble_plaster_tab,FALSE,,,Greyish White Plaster Smooth Slab,greyish_white_plaster_slab,,,slab,greyish_white_plaster,,,
TRUE,westeros_marble_plaster_tab,FALSE,,,Greyish White Plaster Smooth Stairs,greyish_white_plaster_stairs,,,stair,greyish_white_plaster,,,
TRUE,westeros_marble_plaster_tab,FALSE,,,Greyish White Plaster Smooth Tip,greyish_white_plaster_tip,,,cuboid,greyish_white_plaster,,,
TRUE,westeros_marble_plaster_tab,FALSE,,,Greyish White Plaster Smooth Wall,greyish_white_plaster_wall,,,wall,greyish_white_plaster,,,
FALSE,westeros_banners_tab,FALSE,,,Greyjoy Banner,greyjoy_banner,WesterosBlocks,,cuboid-nsew-stack,,,,
TRUE,westeros_marble_plaster_tab,FALSE,,,Gulltown Blue Plaster Smooth,gulltown_blue_plaster,,,solid,gulltown_blue_plaster,,,
TRUE,westeros_marble_plaster_tab,FALSE,,,Gulltown Blue Plaster Smooth Fence,gulltown_blue_plaster_fence,,,fence,gulltown_blue_plaster,,,
TRUE,westeros_marble_plaster_tab,FALSE,,,Gulltown Blue Plaster Smooth Hopper,gulltown_blue_plaster_hopper,,,cuboid,gulltown_blue_plaster,,,
TRUE,westeros_marble_plaster_tab,FALSE,,,Gulltown Blue Plaster Rough,gulltown_blue_plaster_rough,,,solid,gulltown_blue_plaster_rough,,,
TRUE,westeros_marble_plaster_tab,FALSE,,,Gulltown Blue Plaster Rough Fence,gulltown_blue_plaster_rough_fence,,,fence,gulltown_blue_plaster_rough,,,
TRUE,westeros_marble_plaster_tab,FALSE,,,Gulltown Blue Plaster Rough Hopper,gulltown_blue_plaster_rough_hopper,,,cuboid,gulltown_blue_plaster_rough,,,
TRUE,westeros_marble_plaster_tab,FALSE,,,Gulltown Blue Plaster Rough Slab,gulltown_blue_plaster_rough_slab,,,slab,gulltown_blue_plaster_rough,,,
TRUE,westeros_marble_plaster_tab,FALSE,,,Gulltown Blue Plaster Rough Stairs,gulltown_blue_plaster_rough_stairs,,,stair,gulltown_blue_plaster_rough,,,
TRUE,westeros_marble_plaster_tab,FALSE,,,Gulltown Blue Plaster Rough Tip,gulltown_blue_plaster_rough_tip,,,cuboid,gulltown_blue_plaster_rough,,,
TRUE,westeros_marble_plaster_tab,FALSE,,,Gulltown Blue Plaster Rough Wall,gulltown_blue_plaster_rough_wall,,,wall,gulltown_blue_plaster_rough,,,
TRUE,westeros_marble_plaster_tab,FALSE,,,Gulltown Blue Plaster Smooth Slab,gulltown_blue_plaster_slab,,,slab,gulltown_blue_plaster,,,
TRUE,westeros_marble_plaster_tab,FALSE,,,Gulltown Blue Plaster Smooth Stairs,gulltown_blue_plaster_stairs,,,stair,gulltown_blue_plaster,,,
TRUE,westeros_marble_plaster_tab,FALSE,,,Gulltown Blue Plaster Smooth Tip,gulltown_blue_plaster_tip,,,cuboid,gulltown_blue_plaster,,,
TRUE,westeros_marble_plaster_tab,FALSE,,,Gulltown Blue Plaster Smooth Wall,gulltown_blue_plaster_wall,,,wall,gulltown_blue_plaster,,,
TRUE,westeros_marble_plaster_tab,FALSE,,,Gulltown Green Plaster Smooth,gulltown_green_plaster,,,solid,gulltown_green_plaster,,,
TRUE,westeros_marble_plaster_tab,FALSE,,,Gulltown Green Plaster Smooth Fence,gulltown_green_plaster_fence,,,fence,gulltown_green_plaster,,,
TRUE,westeros_marble_plaster_tab,FALSE,,,Gulltown Green Plaster Smooth Hopper,gulltown_green_plaster_hopper,,,cuboid,gulltown_green_plaster,,,
TRUE,westeros_marble_plaster_tab,FALSE,,,Gulltown Green Plaster Rough,gulltown_green_plaster_rough,,,solid,gulltown_green_plaster_rough,,,
TRUE,westeros_marble_plaster_tab,FALSE,,,Gulltown Green Plaster Rough Fence,gulltown_green_plaster_rough_fence,,,fence,gulltown_green_plaster_rough,,,
TRUE,westeros_marble_plaster_tab,FALSE,,,Gulltown Green Plaster Rough Hopper,gulltown_green_plaster_rough_hopper,,,cuboid,gulltown_green_plaster_rough,,,
TRUE,westeros_marble_plaster_tab,FALSE,,,Gulltown Green Plaster Rough Slab,gulltown_green_plaster_rough_slab,,,slab,gulltown_green_plaster_rough,,,
TRUE,westeros_marble_plaster_tab,FALSE,,,Gulltown Green Plaster Rough Stairs,gulltown_green_plaster_rough_stairs,,,stair,gulltown_green_plaster_rough,,,
TRUE,westeros_marble_plaster_tab,FALSE,,,Gulltown Green Plaster Rough Tip,gulltown_green_plaster_rough_tip,,,cuboid,gulltown_green_plaster_rough,,,
TRUE,westeros_marble_plaster_tab,FALSE,,,Gulltown Green Plaster Rough Wall,gulltown_green_plaster_rough_wall,,,wall,gulltown_green_plaster_rough,,,
TRUE,westeros_marble_plaster_tab,FALSE,,,Gulltown Green Plaster Smooth Slab,gulltown_green_plaster_slab,,,slab,gulltown_green_plaster,,,
TRUE,westeros_marble_plaster_tab,FALSE,,,Gulltown Green Plaster Smooth Stairs,gulltown_green_plaster_stairs,,,stair,gulltown_green_plaster,,,
TRUE,westeros_marble_plaster_tab,FALSE,,,Gulltown Green Plaster Smooth Tip,gulltown_green_plaster_tip,,,cuboid,gulltown_green_plaster,,,
TRUE,westeros_marble_plaster_tab,FALSE,,,Gulltown Green Plaster Smooth Wall,gulltown_green_plaster_wall,,,wall,gulltown_green_plaster,,,
FALSE,westeros_furniture_tab,FALSE,,,Hammock,hammock,,,bed,,,,
FALSE,westeros_banners_tab,FALSE,,,Harlaw Banner,harlaw_banner,WesterosBlocks,,cuboid-nsew-stack,,,,
TRUE,westeros_marble_plaster_tab,FALSE,,,Harrenhal Marble,harrenhal_marble,,,solid,harrenhal_marble,,,
TRUE,westeros_marble_plaster_tab,FALSE,,,Harrenhal Marble Fence,harrenhal_marble_fence,,,fence,harrenhal_marble,,,
TRUE,westeros_marble_plaster_tab,FALSE,,,Harrenhal Marble Hopper,harrenhal_marble_hopper,,,cuboid,harrenhal_marble,,,
TRUE,westeros_marble_plaster_tab,FALSE,,,Harrenhal Marble Slab,harrenhal_marble_slab,,,slab,harrenhal_marble,,,
TRUE,westeros_marble_plaster_tab,FALSE,,,Harrenhal Marble Stairs,harrenhal_marble_stairs,,,stair,harrenhal_marble,,,
TRUE,westeros_marble_plaster_tab,FALSE,,,Harrenhal Marble Tip,harrenhal_marble_tip,,,cuboid,harrenhal_marble,,,
TRUE,westeros_marble_plaster_tab,FALSE,,,Harrenhal Marble Wall,harrenhal_marble_wall,,,wall,harrenhal_marble,,,
FALSE,westeros_misc_tab,FALSE,,,Harrenhal Secret Door,harrenhal_secret_door,,,door,,,,
FALSE,westeros_banners_tab,FALSE,,,Harte Banner,harte_banner,WesterosBlocks,,cuboid-nsew-stack,,,,
FALSE,westeros_sounds_tab,FALSE,,,Heart Tree Large,heart_tree_large,,,sound,,,,
FALSE,westeros_sounds_tab,FALSE,,,Heart Tree Small,heart_tree_small,,,sound,,,,
FALSE,westeros_grasses_shrubs_tab,FALSE,,,Heather,heather,,,plant,,,,
FALSE,westeros_decor_tab,FALSE,,,Helmet,helmet,,,cuboid-16way,,,,
FALSE,westeros_crops_herbs_tab,FALSE,,,Hemp Dense,hemp_dense,,,cuboid,,,,
FALSE,westeros_crops_herbs_tab,FALSE,,,Hemp Short,hemp_short,,,cuboid,,,,
FALSE,westeros_crops_herbs_tab,FALSE,,,Hemp Tall,hemp_tall,,,cuboid,,,,
FALSE,westeros_banners_tab,FALSE,,,Hersy Banner,hersy_banner,WesterosBlocks,,cuboid-nsew-stack,,,,
FALSE,westeros_banners_tab,FALSE,,,Hewett Banner,hewett_banner,WesterosBlocks,,cuboid-nsew-stack,,,,
FALSE,westeros_utility_tab,FALSE,,,High Class' Utility Block,high_class_utility_block,,,solid,,,,
TRUE,westeros_marble_plaster_tab,FALSE,,,Highgarden Green Plaster Smooth,highgarden_green_plaster,,,solid,highgarden_green_plaster,,,
TRUE,westeros_marble_plaster_tab,FALSE,,,Highgarden Green Plaster Smooth Fence,highgarden_green_plaster_fence,,,fence,highgarden_green_plaster,,,
TRUE,westeros_marble_plaster_tab,FALSE,,,Highgarden Green Plaster Smooth Hopper,highgarden_green_plaster_hopper,,,cuboid,highgarden_green_plaster,,,
TRUE,westeros_marble_plaster_tab,FALSE,,,Highgarden Green Plaster Rough,highgarden_green_plaster_rough,,,solid,highgarden_green_plaster_rough,,,
TRUE,westeros_marble_plaster_tab,FALSE,,,Highgarden Green Plaster Rough Fence,highgarden_green_plaster_rough_fence,,,fence,highgarden_green_plaster_rough,,,
TRUE,westeros_marble_plaster_tab,FALSE,,,Highgarden Green Plaster Rough Hopper,highgarden_green_plaster_rough_hopper,,,cuboid,highgarden_green_plaster_rough,,,
TRUE,westeros_marble_plaster_tab,FALSE,,,Highgarden Green Plaster Rough Slab,highgarden_green_plaster_rough_slab,,,slab,highgarden_green_plaster_rough,,,
TRUE,westeros_marble_plaster_tab,FALSE,,,Highgarden Green Plaster Rough Stairs,highgarden_green_plaster_rough_stairs,,,stair,highgarden_green_plaster_rough,,,
TRUE,westeros_marble_plaster_tab,FALSE,,,Highgarden Green Plaster Rough Tip,highgarden_green_plaster_rough_tip,,,cuboid,highgarden_green_plaster_rough,,,
TRUE,westeros_marble_plaster_tab,FALSE,,,Highgarden Green Plaster Rough Wall,highgarden_green_plaster_rough_wall,,,wall,highgarden_green_plaster_rough,,,
TRUE,westeros_marble_plaster_tab,FALSE,,,Highgarden Green Plaster Smooth Slab,highgarden_green_plaster_slab,,,slab,highgarden_green_plaster,,,
TRUE,westeros_marble_plaster_tab,FALSE,,,Highgarden Green Plaster Smooth Stairs,highgarden_green_plaster_stairs,,,stair,highgarden_green_plaster,,,
TRUE,westeros_marble_plaster_tab,FALSE,,,Highgarden Green Plaster Smooth Tip,highgarden_green_plaster_tip,,,cuboid,highgarden_green_plaster,,,
TRUE,westeros_marble_plaster_tab,FALSE,,,Highgarden Green Plaster Smooth Wall,highgarden_green_plaster_wall,,,wall,highgarden_green_plaster,,,
TRUE,westeros_marble_plaster_tab,FALSE,,,Highgarden Pink Marble,highgarden_pink_marble,,,solid,highgarden_pink_marble,,,
TRUE,westeros_marble_plaster_tab,FALSE,,,Highgarden Pink Marble Fence,highgarden_pink_marble_fence,,,fence,highgarden_pink_marble,,,
TRUE,westeros_marble_plaster_tab,FALSE,,,Highgarden Pink Marble Hopper,highgarden_pink_marble_hopper,,,cuboid,highgarden_pink_marble,,,
TRUE,westeros_marble_plaster_tab,FALSE,,,Highgarden Pink Marble Slab,highgarden_pink_marble_slab,,,slab,highgarden_pink_marble,,,
TRUE,westeros_marble_plaster_tab,FALSE,,,Highgarden Pink Marble Stairs,highgarden_pink_marble_stairs,,,stair,highgarden_pink_marble,,,
TRUE,westeros_marble_plaster_tab,FALSE,,,Highgarden Pink Marble Tip,highgarden_pink_marble_tip,,,cuboid,highgarden_pink_marble,,,
TRUE,westeros_marble_plaster_tab,FALSE,,,Highgarden Pink Marble Wall,highgarden_pink_marble_wall,,,wall,highgarden_pink_marble,,,
TRUE,westeros_marble_plaster_tab,FALSE,,,Highgarden Pink Plaster Smooth,highgarden_pink_plaster,,,solid,highgarden_pink_plaster,,,
TRUE,westeros_marble_plaster_tab,FALSE,,,Highgarden Pink Plaster Smooth Fence,highgarden_pink_plaster_fence,,,fence,highgarden_pink_plaster,,,
TRUE,westeros_marble_plaster_tab,FALSE,,,Highgarden Pink Plaster Smooth Hopper,highgarden_pink_plaster_hopper,,,cuboid,highgarden_pink_plaster,,,
TRUE,westeros_marble_plaster_tab,FALSE,,,Highgarden Pink Plaster Rough,highgarden_pink_plaster_rough,,,solid,highgarden_pink_plaster_rough,,,
TRUE,westeros_marble_plaster_tab,FALSE,,,Highgarden Pink Plaster Rough Fence,highgarden_pink_plaster_rough_fence,,,fence,highgarden_pink_plaster_rough,,,
TRUE,westeros_marble_plaster_tab,FALSE,,,Highgarden Pink Plaster Rough Hopper,highgarden_pink_plaster_rough_hopper,,,cuboid,highgarden_pink_plaster_rough,,,
TRUE,westeros_marble_plaster_tab,FALSE,,,Highgarden Pink Plaster Rough Slab,highgarden_pink_plaster_rough_slab,,,slab,highgarden_pink_plaster_rough,,,
TRUE,westeros_marble_plaster_tab,FALSE,,,Highgarden Pink Plaster Rough Stairs,highgarden_pink_plaster_rough_stairs,,,stair,highgarden_pink_plaster_rough,,,
TRUE,westeros_marble_plaster_tab,FALSE,,,Highgarden Pink Plaster Rough Tip,highgarden_pink_plaster_rough_tip,,,cuboid,highgarden_pink_plaster_rough,,,
TRUE,westeros_marble_plaster_tab,FALSE,,,Highgarden Pink Plaster Rough Wall,highgarden_pink_plaster_rough_wall,,,wall,highgarden_pink_plaster_rough,,,
TRUE,westeros_marble_plaster_tab,FALSE,,,Highgarden Pink Plaster Smooth Slab,highgarden_pink_plaster_slab,,,slab,highgarden_pink_plaster,,,
TRUE,westeros_marble_plaster_tab,FALSE,,,Highgarden Pink Plaster Smooth Stairs,highgarden_pink_plaster_stairs,,,stair,highgarden_pink_plaster,,,
TRUE,westeros_marble_plaster_tab,FALSE,,,Highgarden Pink Plaster Smooth Tip,highgarden_pink_plaster_tip,,,cuboid,highgarden_pink_plaster,,,
TRUE,westeros_marble_plaster_tab,FALSE,,,Highgarden Pink Plaster Smooth Wall,highgarden_pink_plaster_wall,,,wall,highgarden_pink_plaster,,,
TRUE,westeros_marble_plaster_tab,FALSE,,,Highgarden Pink Veined Marble,highgarden_pink_veined_marble,,,solid,highgarden_pink_veined_marble,,,
TRUE,westeros_marble_plaster_tab,FALSE,,,Highgarden Pink Veined Marble Fence,highgarden_pink_veined_marble_fence,,,fence,highgarden_pink_veined_marble,,,
TRUE,westeros_marble_plaster_tab,FALSE,,,Highgarden Pink Veined Marble Hopper,highgarden_pink_veined_marble_hopper,,,cuboid,highgarden_pink_veined_marble,,,
TRUE,westeros_marble_plaster_tab,FALSE,,,Highgarden Pink Veined Marble Slab,highgarden_pink_veined_marble_slab,,,slab,highgarden_pink_veined_marble,,,
TRUE,westeros_marble_plaster_tab,FALSE,,,Highgarden Pink Veined Marble Stairs,highgarden_pink_veined_marble_stairs,,,stair,highgarden_pink_veined_marble,,,
TRUE,westeros_marble_plaster_tab,FALSE,,,Highgarden Pink Veined Marble Tip,highgarden_pink_veined_marble_tip,,,cuboid,highgarden_pink_veined_marble,,,
TRUE,westeros_marble_plaster_tab,FALSE,,,Highgarden Pink Veined Marble Wall,highgarden_pink_veined_marble_wall,,,wall,highgarden_pink_veined_marble,,,
FALSE,westeros_banners_tab,FALSE,,,Hightower Banner,hightower_banner,WesterosBlocks,,cuboid-nsew-stack,,,,
FALSE,westeros_banners_tab,FALSE,,,Hoare Banner,hoare_banner,WesterosBlocks,,cuboid-nsew-stack,,,,
FALSE,westeros_banners_tab,FALSE,,,Hoare Old Banner,hoare_old_banner,WesterosBlocks,,cuboid-nsew-stack,,,,
TRUE,westeros_wood_planks_tab,FALSE,Wood Update,Complete,Birch Wood Hollow_hopper,hollow_birch_hopper,Doku,,cuboid,birch,,,
TRUE,westeros_wood_planks_tab,FALSE,Wood Update,Complete,Dark Northern Wood Hollow_hopper,hollow_dark_northern_wood_hopper,Doku,,cuboid,dark_northern_wood,,,
TRUE,westeros_wood_planks_tab,FALSE,Wood Update,Complete,Jungle Wood Hollow_hopper,hollow_jungle_hopper,Doku,,cuboid,jungle,,,
TRUE,westeros_wood_planks_tab,FALSE,Wood Update,Complete,Oak Wood Hollow_hopper,hollow_oak_hopper,Doku,,cuboid,oak,,,
TRUE,westeros_wood_planks_tab,FALSE,Wood Update,Complete,Spruce Wood Hollow_hopper,hollow_spruce_hopper,Doku,,cuboid,spruce,,,
FALSE,westeros_food_blocks_tab,FALSE,,,Hop Basket,hop_basket,,,solid,,,,
FALSE,westeros_food_blocks_tab,FALSE,,,Hop Basket Slab,hop_basket_slab,,,slab,,,,
FALSE,westeros_food_blocks_tab,FALSE,Wood Update,Ready For Work,Hop Crate,hop_crate,,,solid,,,,
FALSE,westeros_foliage_tab,FALSE,,,Hop Fruit Leaves,hop_fruit_leaves,,,leaves,,,,
FALSE,westeros_metal_tab,FALSE,,,Horizontal Chain,horizontal_chain,,,rail,,,,
FALSE,westeros_cloth_fibers_tab,FALSE,,,Horizontal Net,horizontal_net,,,rail,,,,
FALSE,westeros_decor_tab,FALSE,,,Horizontal Paper,horizontal_paper,,,cuboid-nsew,,,,
FALSE,westeros_cloth_fibers_tab,FALSE,,,Horizontal Rope,horizontal_rope,,,rail,,,,
FALSE,westeros_decor_tab,FALSE,,,Horizontal Scroll,horizontal_scroll,,,cuboid-nsew,,,,
FALSE,westeros_banners_tab,FALSE,,,Hornwood Banner,hornwood_banner,WesterosBlocks,,cuboid-nsew-stack,,,,
FALSE,westeros_decor_tab,FALSE,,,Horse Shoes,horse_shoes,,,cuboid-ne,,,,
FALSE,westeros_utility_tab,FALSE,,,House Count' Utility Block,house_count_utility_block,,,solid,,,,
FALSE,westeros_banners_tab,FALSE,,,Hunter Banner,hunter_banner,WesterosBlocks,,cuboid-nsew-stack,,,,
TRUE,westeros_water_air_tab,FALSE,Ice & Snow Update,Not Started,Ice,ice,,,solid,ice,,,
TRUE,westeros_water_air_tab,FALSE,Ice & Snow Update,Not Started,Ice Fence,ice_fence,,,fence,ice,,,
TRUE,westeros_water_air_tab,FALSE,Ice & Snow Update,Not Started,Ice Slab,ice_slab,,,slab,ice,,,
TRUE,westeros_water_air_tab,FALSE,Ice & Snow Update,Not Started,Ice Stairs,ice_stairs,,,stair,ice,,,
TRUE,westeros_water_air_tab,FALSE,Ice & Snow Update,Not Started,Ice Wall,ice_wall,,,wall,ice,,,
FALSE,westeros_water_air_tab,FALSE,Ice & Snow Update,Not Started,Icicle,icicle,,,web,,,,
TRUE,westeros_cobblestone_tab,FALSE,Cobblestone Update,Ready For Work,Icy Northern Rubble,icy_northern_cobble,WesterosBlocks,,solid,icy_northern_cobble,,,
TRUE,westeros_cobblestone_tab,FALSE,Cobblestone Update,Ready For Work,Icy Northern Rubble Fence,icy_northern_cobble_fence,WesterosBlocks,,fence,icy_northern_cobble,,,
TRUE,westeros_cobblestone_tab,FALSE,Cobblestone Update,Ready For Work,Icy Northern Rubble Hopper,icy_northern_cobble_hopper,WesterosBlocks,,cuboid,icy_northern_cobble,,,
TRUE,westeros_cobblestone_tab,FALSE,Cobblestone Update,Ready For Work,Icy Northern Rubble Slab,icy_northern_cobble_slab,WesterosBlocks,,slab,icy_northern_cobble,,,
TRUE,westeros_cobblestone_tab,FALSE,Cobblestone Update,Ready For Work,Icy Northern Rubble Stairs,icy_northern_cobble_stairs,WesterosBlocks,,stair,icy_northern_cobble,,,
TRUE,westeros_cobblestone_tab,FALSE,Cobblestone Update,Ready For Work,Icy Northern Rubble Tip,icy_northern_cobble_tip,WesterosBlocks,,cuboid,icy_northern_cobble,,,
TRUE,westeros_cobblestone_tab,FALSE,Cobblestone Update,Ready For Work,Icy Northern Rubble Wall,icy_northern_cobble_wall,WesterosBlocks,,wall,icy_northern_cobble,,,
FALSE,westeros_utility_tab,FALSE,,,Industry' Utility Block,industry_utility_block,,,solid,,,,
FALSE,westeros_metal_tab,FALSE,,,Iron Bars,iron_bars,,,pane,,,,
TRUE,westeros_metal_tab,FALSE,,,Iron,iron_block,,,solid,iron,,,
FALSE,westeros_decor_tab,FALSE,Wood Update,Ready For Work,Iron Crate,iron_crate,,,solid,,,,
FALSE,westeros_metal_tab,FALSE,,,Iron Crossbar,iron_crossbar,,,pane,,,,
TRUE,westeros_metal_tab,FALSE,,,Iron Fence,iron_fence,,,fence,iron,,,
TRUE,westeros_metal_tab,FALSE,,,Iron Hopper,iron_hopper,,,cuboid,iron,,,
FALSE,westeros_sounds_tab,FALSE,,,Iron Mine Large,iron_mine_large,,,sound,,,,
FALSE,westeros_sounds_tab,FALSE,,,Iron Mine Small,iron_mine_small,,,sound,,,,
TRUE,westeros_terrain_sets_tab,FALSE,,,Iron Ore,iron_ore,,,solid,iron_ore,,,
TRUE,westeros_terrain_sets_tab,FALSE,,,Iron Ore Slab,iron_ore_slab,,,slab,iron_ore,,,
TRUE,westeros_terrain_sets_tab,FALSE,,,Iron Ore Stairs,iron_ore_stairs,,,stair,iron_ore,,,
TRUE,westeros_terrain_sets_tab,FALSE,,,Iron Ore Wall,iron_ore_wall,,,wall,iron_ore,,,
FALSE,westeros_metal_tab,FALSE,,,Iron Rungs,iron_rungs,,,ladder,,,,
FALSE,westeros_metal_tab,FALSE,,,Iron Rungs Broken,iron_rungs_broken,,,ladder,,,,
TRUE,westeros_metal_tab,FALSE,,,Iron Slab,iron_slab,,,slab,iron,,,
TRUE,westeros_metal_tab,FALSE,,,Iron Stairs,iron_stairs,,,stair,iron,,,
TRUE,westeros_metal_tab,FALSE,,,Iron Throne Blade,iron_throne_blade_block,,,solid,iron_throne_blade,,,
TRUE,westeros_metal_tab,FALSE,,,Iron Throne Blade Fence,iron_throne_blade_fence,,,fence,iron_throne_blade,,,
TRUE,westeros_metal_tab,FALSE,,,Iron Throne Blade Slab,iron_throne_blade_slab,,,slab,iron_throne_blade,,,
TRUE,westeros_metal_tab,FALSE,,,Iron Throne Blade Stairs,iron_throne_blade_stairs,,,stair,iron_throne_blade,,,
TRUE,westeros_metal_tab,FALSE,,,Iron Throne Blade Wall,iron_throne_blade_wall,,,wall,iron_throne_blade,,,
FALSE,westeros_metal_tab,FALSE,,,Iron Throne Random Blades,iron_throne_random_blades,,,web,,,,
TRUE,westeros_metal_tab,FALSE,,,Iron Tip,iron_tip,,,cuboid,iron,,,
TRUE,westeros_metal_tab,FALSE,,,Iron Wall,iron_wall,,,wall,iron,,,
FALSE,westeros_furniture_tab,FALSE,,,Itchy Straw Bed,itchy_straw_bed,,,bed,,,,
FALSE,westeros_foliage_tab,FALSE,,,Jasmine Vines,jasmine_vines,,,vines,,,,
FALSE,westeros_sounds_tab,FALSE,,,Jenny of Oldstones,jenny_of_oldstones,,,sound,,,,
FALSE,westeros_banners_tab,FALSE,,,Jordayne Banner,jordayne_banner,WesterosBlocks,,cuboid-nsew-stack,,,,
FALSE,westeros_logs_tab,FALSE,Wood Update,Complete,Jungle Bark Fence,jungle_bark_fence,,,fence,,,,
TRUE,westeros_wood_planks_tab,FALSE,Wood Update,Complete,Jungle Wood Carpet,jungle_carpet,Doku,,cuboid,jungle,,,
TRUE,westeros_wood_planks_tab,FALSE,Wood Update,Complete,Jungle Wood Cover,jungle_cover,Doku,,rail,jungle,,,
FALSE,westeros_wood_planks_tab,FALSE,Wood Update,Complete,Jungle Door,jungle_door,,,door,,,,
TRUE,westeros_wood_planks_tab,FALSE,Wood Update,Complete,Jungle Wood Fence,jungle_fence,Doku,,fence,jungle,,,
FALSE,westeros_wood_planks_tab,FALSE,Wood Update,Complete,Jungle Fence with Grapes,jungle_fence_with_grapes,,,fence,,,,
FALSE,westeros_wood_planks_tab,FALSE,Wood Update,Complete,Jungle Fence with Vines,jungle_fence_with_vines,,,fence,,,,
TRUE,westeros_wood_planks_tab,FALSE,Wood Update,Complete,Jungle Vertical Planks Half_door,jungle_half_door,,,cuboid-nsew,jungle_vertical_planks,,,
TRUE,westeros_wood_planks_tab,FALSE,Wood Update,Complete,Jungle Wood Hopper,jungle_hopper,Doku,,cuboid,jungle,,,
FALSE,westeros_logs_tab,FALSE,Wood Update,Complete,Jungle Log Chain,jungle_log_chain,,,log,,,,
FALSE,westeros_logs_tab,FALSE,Wood Update,Complete,Jungle Log Rope,jungle_log_rope,,,log,,,,
TRUE,westeros_wood_planks_tab,FALSE,Wood Update,Complete,Jungle Wood,jungle_planks,Doku,,solid,jungle,,,
TRUE,westeros_wood_planks_tab,FALSE,Wood Update,Complete,Jungle Wood Slab,jungle_slab,Doku,,slab,jungle,,,
TRUE,westeros_wood_planks_tab,FALSE,Wood Update,Complete,Jungle Wood Stairs,jungle_stairs,Doku,,stair,jungle,,,
FALSE,westeros_grasses_shrubs_tab,FALSE,,,Jungle Tall Fern,jungle_tall_fern,,,web,,,,
FALSE,westeros_grasses_shrubs_tab,FALSE,,,Jungle Tall Grass,jungle_tall_grass,,,web,,,,
TRUE,westeros_wood_planks_tab,FALSE,Wood Update,Complete,Jungle Wood Window_frame,jungle_timber_window_frame,Doku,,solid,jungle,,,
TRUE,westeros_wood_planks_tab,FALSE,Wood Update,Complete,Jungle Wood Window_frame_mullion,jungle_timber_window_frame_mullion,Doku,,solid,jungle,,,
TRUE,westeros_wood_planks_tab,FALSE,Wood Update,Complete,Jungle Wood Tip,jungle_tip,Doku,,cuboid,jungle,,,
TRUE,westeros_wood_planks_tab,FALSE,Wood Update,Complete,Jungle Vertical Planks,jungle_vertical_planks,,,solid,jungle_vertical_planks,,,
TRUE,westeros_wood_planks_tab,FALSE,Wood Update,Complete,Jungle Vertical Planks Carpet,jungle_vertical_planks_carpet,,,cuboid,jungle_vertical_planks,,,
TRUE,westeros_wood_planks_tab,FALSE,Wood Update,Complete,Jungle Vertical Planks Fence,jungle_vertical_planks_fence,,,fence,jungle_vertical_planks,,,
TRUE,westeros_wood_planks_tab,FALSE,Wood Update,Complete,Jungle Vertical Planks Hopper,jungle_vertical_planks_hopper,,,cuboid,jungle_vertical_planks,,,
TRUE,westeros_wood_planks_tab,FALSE,Wood Update,Complete,Jungle Vertical Planks Slab,jungle_vertical_planks_slab,,,slab,jungle_vertical_planks,,,
TRUE,westeros_wood_planks_tab,FALSE,Wood Update,Complete,Jungle Vertical Planks Stairs,jungle_vertical_planks_stairs,,,stair,jungle_vertical_planks,,,
TRUE,westeros_wood_planks_tab,FALSE,Wood Update,Complete,Jungle Vertical Planks Tip,jungle_vertical_planks_tip,,,cuboid,jungle_vertical_planks,,,
TRUE,westeros_wood_planks_tab,FALSE,Wood Update,Complete,Jungle Vertical Planks Wall,jungle_vertical_planks_wall,,,wall,jungle_vertical_planks,,,
TRUE,westeros_wood_planks_tab,FALSE,Wood Update,Complete,Jungle Wood Wall,jungle_wall,Doku,,wall,jungle,,,
FALSE,westeros_windows_glass_tab,FALSE,Wood Update,Complete,Jungle Window Shutters,jungle_window_shutters,,,halfdoor,,,,
FALSE,westeros_foliage_tab,FALSE,,,Juniper Bush,juniper_bush,,,leaves,,,,
FALSE,westeros_banners_tab,FALSE,,,Karstark Banner,karstark_banner,WesterosBlocks,,cuboid-nsew-stack,,,,
FALSE,westeros_water_air_tab,FALSE,,,Kelp,kelp,,,plant,,,,
FALSE,westeros_decor_tab,FALSE,,,King's Landing Sewer Manhole,kings_landing_sewer_manhole,,,trapdoor,,,,
FALSE,westeros_misc_tab,FALSE,,,King's Road Marker,kings_road_marker,,,cuboid-nsew,,,,
TRUE,westeros_medium_ashlar_tab,FALSE,,,Medium Ashlar Dun,kl_dun_brick,,,solid,kl_dun_brick,,,
TRUE,westeros_medium_ashlar_tab,FALSE,,,Medium Ashlar Dun Arrow_slit,kl_dun_brick_arrow_slit,,,solid,kl_dun_brick,,,
TRUE,westeros_medium_ashlar_tab,FALSE,,,Medium Ashlar Dun Arrow_slit_ornate,kl_dun_brick_arrow_slit_ornate,,,solid,kl_dun_brick,,,
TRUE,westeros_medium_ashlar_tab,FALSE,,,Medium Ashlar Dun Arrow_slit_window,kl_dun_brick_arrow_slit_window,,,solid,kl_dun_brick,,,
TRUE,westeros_medium_ashlar_tab,FALSE,,,Medium Ashlar Dun Fence,kl_dun_brick_fence,,,fence,kl_dun_brick,,,
TRUE,westeros_medium_ashlar_tab,FALSE,,,Medium Ashlar Dun Hopper,kl_dun_brick_hopper,,,cuboid,kl_dun_brick,,,
TRUE,westeros_polished_stone_tab,FALSE,,,Polished Stone Dun,kl_dun_brick_polished,Doku,,solid,kl_dun_brick_polished,,,
TRUE,westeros_polished_stone_tab,FALSE,,,Polished Stone Dun Slab,kl_dun_brick_polished_slab,Doku,,slab,kl_dun_brick_polished,,,
TRUE,westeros_polished_stone_tab,FALSE,,,Polished Stone Dun Stairs,kl_dun_brick_polished_stairs,Doku,,stair,kl_dun_brick_polished,,,
TRUE,westeros_polished_stone_tab,FALSE,,,Polished Stone Dun Wall,kl_dun_brick_polished_wall,Doku,,wall,kl_dun_brick_polished,,,
TRUE,westeros_medium_ashlar_tab,FALSE,,,Medium Ashlar Dun Slab,kl_dun_brick_slab,,,slab,kl_dun_brick,,,
TRUE,westeros_medium_ashlar_tab,FALSE,,,Medium Ashlar Dun Stairs,kl_dun_brick_stairs,,,stair,kl_dun_brick,,,
TRUE,westeros_medium_ashlar_tab,FALSE,,,Medium Ashlar Dun Tip,kl_dun_brick_tip,,,cuboid,kl_dun_brick,,,
TRUE,westeros_medium_ashlar_tab,FALSE,,,Medium Ashlar Dun Wall,kl_dun_brick_wall,,,wall,kl_dun_brick,,,
FALSE,westeros_panelling_carvings_tab,FALSE,,,Ashlar Engraved Dun,kl_dun_carved_brick,,,solid,,,,
FALSE,westeros_panelling_carvings_tab,FALSE,,,Ashlar Engraved Dun Wall,kl_dun_carved_brick_wall,,,wall,,,,
TRUE,westeros_cobblestone_tab,FALSE,Cobblestone Update,Ready For Work,Dark Cobblestone Dun,kl_dun_cobble,,,solid,kl_dun_cobble,,,
TRUE,westeros_cobblestone_tab,FALSE,Cobblestone Update,Ready For Work,Dark Cobblestone Dun Fence,kl_dun_cobble_fence,,,fence,kl_dun_cobble,,,
TRUE,westeros_cobblestone_tab,FALSE,Cobblestone Update,Ready For Work,Dark Cobblestone Dun Hopper,kl_dun_cobble_hopper,,,cuboid,kl_dun_cobble,,,
TRUE,westeros_cobblestone_tab,FALSE,Cobblestone Update,Ready For Work,Dark Cobblestone Dun Slab,kl_dun_cobble_slab,,,slab,kl_dun_cobble,,,
TRUE,westeros_cobblestone_tab,FALSE,Cobblestone Update,Ready For Work,Dark Cobblestone Dun Stairs,kl_dun_cobble_stairs,,,stair,kl_dun_cobble,,,
TRUE,westeros_cobblestone_tab,FALSE,Cobblestone Update,Ready For Work,Dark Cobblestone Dun Tip,kl_dun_cobble_tip,,,cuboid,kl_dun_cobble,,,
TRUE,westeros_cobblestone_tab,FALSE,Cobblestone Update,Ready For Work,Dark Cobblestone Dun Wall,kl_dun_cobble_wall,,,wall,kl_dun_cobble,,,
TRUE,westeros_half_ashlar_tab,FALSE,,,Half Ashlar Dun,kl_dun_large_brick,Doku,,solid,kl_dun_large_brick,,,
TRUE,westeros_half_ashlar_tab,FALSE,,,Half Ashlar Dun Arrow_slit,kl_dun_large_brick_arrow_slit,Doku,,solid,kl_dun_large_brick,,,
TRUE,westeros_half_ashlar_tab,FALSE,,,Half Ashlar Dun Arrow_slit_ornate,kl_dun_large_brick_arrow_slit_ornate,Doku,,solid,kl_dun_large_brick,,,
TRUE,westeros_half_ashlar_tab,FALSE,,,Half Ashlar Dun Arrow_slit_window,kl_dun_large_brick_arrow_slit_window,Doku,,solid,kl_dun_large_brick,,,
TRUE,westeros_half_ashlar_tab,FALSE,,,Half Ashlar Dun Fence,kl_dun_large_brick_fence,Doku,,fence,kl_dun_large_brick,,,
TRUE,westeros_half_ashlar_tab,FALSE,,,Half Ashlar Dun Hopper,kl_dun_large_brick_hopper,Doku,,cuboid,kl_dun_large_brick,,,
TRUE,westeros_half_ashlar_tab,FALSE,,,Half Ashlar Dun Slab,kl_dun_large_brick_slab,Doku,,slab,kl_dun_large_brick,,,
TRUE,westeros_half_ashlar_tab,FALSE,,,Half Ashlar Dun Stairs,kl_dun_large_brick_stairs,Doku,,stair,kl_dun_large_brick,,,
TRUE,westeros_half_ashlar_tab,FALSE,,,Half Ashlar Dun Tip,kl_dun_large_brick_tip,Doku,,cuboid,kl_dun_large_brick,,,
TRUE,westeros_half_ashlar_tab,FALSE,,,Half Ashlar Dun Wall,kl_dun_large_brick_wall,Doku,,wall,kl_dun_large_brick,,,
FALSE,westeros_grasses_shrubs_tab,FALSE,,,Lady Fern,lady_fern,,,plant,,,,
TRUE,westeros_cobblestone_tab,FALSE,Cobblestone Update,Ready For Work,Cobblestone Westerlands,lannisport_cobblestone,,,solid,lannisport_cobblestone,,,
TRUE,westeros_cobblestone_tab,FALSE,Cobblestone Update,Ready For Work,Cobblestone Westerlands Fence,lannisport_cobblestone_fence,,,fence,lannisport_cobblestone,,,
TRUE,westeros_cobblestone_tab,FALSE,Cobblestone Update,Ready For Work,Cobblestone Westerlands Hopper,lannisport_cobblestone_hopper,,,cuboid,lannisport_cobblestone,,,
TRUE,westeros_cobblestone_tab,FALSE,Cobblestone Update,Ready For Work,Cobblestone Westerlands Slab,lannisport_cobblestone_slab,,,slab,lannisport_cobblestone,,,
TRUE,westeros_cobblestone_tab,FALSE,Cobblestone Update,Ready For Work,Cobblestone Westerlands Stairs,lannisport_cobblestone_stairs,,,stair,lannisport_cobblestone,,,
TRUE,westeros_cobblestone_tab,FALSE,Cobblestone Update,Ready For Work,Cobblestone Westerlands Tip,lannisport_cobblestone_tip,,,cuboid,lannisport_cobblestone,,,
TRUE,westeros_cobblestone_tab,FALSE,Cobblestone Update,Ready For Work,Cobblestone Westerlands Wall,lannisport_cobblestone_wall,,,wall,lannisport_cobblestone,,,
TRUE,westeros_cobblestone_tab,FALSE,Cobblestone Update,Ready For Work,Dark Cobblestone Westerlands,lannisport_dark_cobblestone,,,solid,lannisport_dark_cobblestone,,,
TRUE,westeros_cobblestone_tab,FALSE,Cobblestone Update,Ready For Work,Dark Cobblestone Westerlands Fence,lannisport_dark_cobblestone_fence,,,fence,lannisport_dark_cobblestone,,,
TRUE,westeros_cobblestone_tab,FALSE,Cobblestone Update,Ready For Work,Dark Cobblestone Westerlands Hopper,lannisport_dark_cobblestone_hopper,,,cuboid,lannisport_dark_cobblestone,,,
TRUE,westeros_cobblestone_tab,FALSE,Cobblestone Update,Ready For Work,Dark Cobblestone Westerlands Slab,lannisport_dark_cobblestone_slab,,,slab,lannisport_dark_cobblestone,,,
TRUE,westeros_cobblestone_tab,FALSE,Cobblestone Update,Ready For Work,Dark Cobblestone Westerlands Stairs,lannisport_dark_cobblestone_stairs,,,stair,lannisport_dark_cobblestone,,,
TRUE,westeros_cobblestone_tab,FALSE,Cobblestone Update,Ready For Work,Dark Cobblestone Westerlands Tip,lannisport_dark_cobblestone_tip,,,cuboid,lannisport_dark_cobblestone,,,
TRUE,westeros_cobblestone_tab,FALSE,Cobblestone Update,Ready For Work,Dark Cobblestone Westerlands Wall,lannisport_dark_cobblestone_wall,,,wall,lannisport_dark_cobblestone,,,
FALSE,westeros_marble_plaster_tab,FALSE,,,Lannisport Keystone Orange Plaster,lannisport_keystone_orange_plaster,,,solid,,,,
FALSE,westeros_marble_plaster_tab,FALSE,,,Lannisport Keystone Yellow Plaster,lannisport_keystone_yellow_plaster,,,solid,,,,
TRUE,westeros_fieldstone_tab,FALSE,,,Fieldstone Westerlands,lannisport_light_brick,Doku,,solid,lannisport_light_brick,,,
TRUE,westeros_fieldstone_tab,FALSE,,,Fieldstone Westerlands Arrow_slit,lannisport_light_brick_arrow_slit,Doku,,solid,lannisport_light_brick,,,
TRUE,westeros_fieldstone_tab,FALSE,,,Fieldstone Westerlands Arrow_slit_ornate,lannisport_light_brick_arrow_slit_ornate,Doku,,solid,lannisport_light_brick,,,
TRUE,westeros_fieldstone_tab,FALSE,,,Fieldstone Westerlands Arrow_slit_window,lannisport_light_brick_arrow_slit_window,Doku,,solid,lannisport_light_brick,,,
TRUE,westeros_fieldstone_tab,FALSE,,,Fieldstone Westerlands Fence,lannisport_light_brick_fence,Doku,,fence,lannisport_light_brick,,,
TRUE,westeros_fieldstone_tab,FALSE,,,Fieldstone Westerlands Hopper,lannisport_light_brick_hopper,Doku,,cuboid,lannisport_light_brick,,,
TRUE,westeros_fieldstone_tab,FALSE,,,Fieldstone Westerlands Slab,lannisport_light_brick_slab,Doku,,slab,lannisport_light_brick,,,
TRUE,westeros_fieldstone_tab,FALSE,,,Fieldstone Westerlands Stairs,lannisport_light_brick_stairs,Doku,,stair,lannisport_light_brick,,,
TRUE,westeros_fieldstone_tab,FALSE,,,Fieldstone Westerlands Tip,lannisport_light_brick_tip,Doku,,cuboid,lannisport_light_brick,,,
TRUE,westeros_fieldstone_tab,FALSE,,,Fieldstone Westerlands Wall,lannisport_light_brick_wall,Doku,,wall,lannisport_light_brick,,,
TRUE,westeros_smooth_ashlar_tab,FALSE,,,Smooth Ashlar Westerlands,lannisport_light_stone,,,solid,lannisport_light_stone,,,
TRUE,westeros_smooth_ashlar_tab,FALSE,,,Smooth Ashlar Westerlands Arrow_slit,lannisport_light_stone_arrow_slit,,,solid,lannisport_light_stone,,,
TRUE,westeros_smooth_ashlar_tab,FALSE,,,Smooth Ashlar Westerlands Arrow_slit_ornate,lannisport_light_stone_arrow_slit_ornate,,,solid,lannisport_light_stone,,,
TRUE,westeros_smooth_ashlar_tab,FALSE,,,Smooth Ashlar Westerlands Arrow_slit_window,lannisport_light_stone_arrow_slit_window,,,solid,lannisport_light_stone,,,
TRUE,westeros_smooth_ashlar_tab,FALSE,,,Smooth Ashlar Westerlands Fence,lannisport_light_stone_fence,,,fence,lannisport_light_stone,,,
TRUE,westeros_smooth_ashlar_tab,FALSE,,,Smooth Ashlar Westerlands Hopper,lannisport_light_stone_hopper,,,cuboid,lannisport_light_stone,,,
TRUE,westeros_smooth_ashlar_tab,FALSE,,,Smooth Ashlar Westerlands Slab,lannisport_light_stone_slab,,,slab,lannisport_light_stone,,,
TRUE,westeros_smooth_ashlar_tab,FALSE,,,Smooth Ashlar Westerlands Stairs,lannisport_light_stone_stairs,,,stair,lannisport_light_stone,,,
TRUE,westeros_smooth_ashlar_tab,FALSE,,,Smooth Ashlar Westerlands Tip,lannisport_light_stone_tip,,,cuboid,lannisport_light_stone,,,
TRUE,westeros_smooth_ashlar_tab,FALSE,,,Smooth Ashlar Westerlands Wall,lannisport_light_stone_wall,,,wall,lannisport_light_stone,,,
TRUE,westeros_marble_plaster_tab,FALSE,,,Lannisport Orange Plaster Smooth,lannisport_orange_plaster,,,solid,lannisport_orange_plaster,,,
TRUE,westeros_marble_plaster_tab,FALSE,,,Lannisport Orange Plaster Smooth Fence,lannisport_orange_plaster_fence,,,fence,lannisport_orange_plaster,,,
TRUE,westeros_marble_plaster_tab,FALSE,,,Lannisport Orange Plaster Smooth Hopper,lannisport_orange_plaster_hopper,,,cuboid,lannisport_orange_plaster,,,
TRUE,westeros_marble_plaster_tab,FALSE,,,Lannisport Orange Plaster Rough,lannisport_orange_plaster_rough,,,solid,lannisport_orange_plaster_rough,,,
TRUE,westeros_marble_plaster_tab,FALSE,,,Lannisport Orange Plaster Rough Fence,lannisport_orange_plaster_rough_fence,,,fence,lannisport_orange_plaster_rough,,,
TRUE,westeros_marble_plaster_tab,FALSE,,,Lannisport Orange Plaster Rough Hopper,lannisport_orange_plaster_rough_hopper,,,cuboid,lannisport_orange_plaster_rough,,,
TRUE,westeros_marble_plaster_tab,FALSE,,,Lannisport Orange Plaster Rough Slab,lannisport_orange_plaster_rough_slab,,,slab,lannisport_orange_plaster_rough,,,
TRUE,westeros_marble_plaster_tab,FALSE,,,Lannisport Orange Plaster Rough Stairs,lannisport_orange_plaster_rough_stairs,,,stair,lannisport_orange_plaster_rough,,,
TRUE,westeros_marble_plaster_tab,FALSE,,,Lannisport Orange Plaster Rough Tip,lannisport_orange_plaster_rough_tip,,,cuboid,lannisport_orange_plaster_rough,,,
TRUE,westeros_marble_plaster_tab,FALSE,,,Lannisport Orange Plaster Rough Wall,lannisport_orange_plaster_rough_wall,,,wall,lannisport_orange_plaster_rough,,,
TRUE,westeros_marble_plaster_tab,FALSE,,,Lannisport Orange Plaster Smooth Slab,lannisport_orange_plaster_slab,,,slab,lannisport_orange_plaster,,,
TRUE,westeros_marble_plaster_tab,FALSE,,,Lannisport Orange Plaster Smooth Stairs,lannisport_orange_plaster_stairs,,,stair,lannisport_orange_plaster,,,
TRUE,westeros_marble_plaster_tab,FALSE,,,Lannisport Orange Plaster Smooth Tip,lannisport_orange_plaster_tip,,,cuboid,lannisport_orange_plaster,,,
TRUE,westeros_marble_plaster_tab,FALSE,,,Lannisport Orange Plaster Smooth Wall,lannisport_orange_plaster_wall,,,wall,lannisport_orange_plaster,,,
TRUE,westeros_marble_plaster_tab,FALSE,,,Lannisport Yellow Plaster Smooth,lannisport_yellow_plaster,,,solid,lannisport_yellow_plaster,,,
TRUE,westeros_marble_plaster_tab,FALSE,,,Lannisport Yellow Plaster Smooth Fence,lannisport_yellow_plaster_fence,,,fence,lannisport_yellow_plaster,,,
TRUE,westeros_marble_plaster_tab,FALSE,,,Lannisport Yellow Plaster Smooth Hopper,lannisport_yellow_plaster_hopper,,,cuboid,lannisport_yellow_plaster,,,
TRUE,westeros_marble_plaster_tab,FALSE,,,Lannisport Yellow Plaster Rough,lannisport_yellow_plaster_rough,,,solid,lannisport_yellow_plaster_rough,,,
TRUE,westeros_marble_plaster_tab,FALSE,,,Lannisport Yellow Plaster Rough Fence,lannisport_yellow_plaster_rough_fence,,,fence,lannisport_yellow_plaster_rough,,,
TRUE,westeros_marble_plaster_tab,FALSE,,,Lannisport Yellow Plaster Rough Hopper,lannisport_yellow_plaster_rough_hopper,,,cuboid,lannisport_yellow_plaster_rough,,,
TRUE,westeros_marble_plaster_tab,FALSE,,,Lannisport Yellow Plaster Rough Slab,lannisport_yellow_plaster_rough_slab,,,slab,lannisport_yellow_plaster_rough,,,
TRUE,westeros_marble_plaster_tab,FALSE,,,Lannisport Yellow Plaster Rough Stairs,lannisport_yellow_plaster_rough_stairs,,,stair,lannisport_yellow_plaster_rough,,,
TRUE,westeros_marble_plaster_tab,FALSE,,,Lannisport Yellow Plaster Rough Tip,lannisport_yellow_plaster_rough_tip,,,cuboid,lannisport_yellow_plaster_rough,,,
TRUE,westeros_marble_plaster_tab,FALSE,,,Lannisport Yellow Plaster Rough Wall,lannisport_yellow_plaster_rough_wall,,,wall,lannisport_yellow_plaster_rough,,,
TRUE,westeros_marble_plaster_tab,FALSE,,,Lannisport Yellow Plaster Smooth Slab,lannisport_yellow_plaster_slab,,,slab,lannisport_yellow_plaster,,,
TRUE,westeros_marble_plaster_tab,FALSE,,,Lannisport Yellow Plaster Smooth Stairs,lannisport_yellow_plaster_stairs,,,stair,lannisport_yellow_plaster,,,
TRUE,westeros_marble_plaster_tab,FALSE,,,Lannisport Yellow Plaster Smooth Tip,lannisport_yellow_plaster_tip,,,cuboid,lannisport_yellow_plaster,,,
TRUE,westeros_marble_plaster_tab,FALSE,,,Lannisport Yellow Plaster Smooth Wall,lannisport_yellow_plaster_wall,,,wall,lannisport_yellow_plaster,,,
FALSE,westeros_banners_tab,FALSE,,,Lannister Banner,lannister_banner,WesterosBlocks,,cuboid-nsew-stack,,,,
FALSE,westeros_banners_tab,FALSE,,,Lannister Damaged Banner,lannister_damaged_banner,WesterosBlocks,,cuboid-nsew-stack,,,,
FALSE,westeros_lighting_tab,FALSE,,,Lantern,lantern,,,cuboid,,,,
TRUE,westeros_half_ashlar_tab,FALSE,,,Half Ashlar Westerlands,large_brick_sandstone,Doku,,solid,large_brick_sandstone,,,
TRUE,westeros_half_ashlar_tab,FALSE,,,Half Ashlar Westerlands Arrow_slit,large_brick_sandstone_arrow_slit,Doku,,solid,large_brick_sandstone,,,
TRUE,westeros_half_ashlar_tab,FALSE,,,Half Ashlar Westerlands Arrow_slit_ornate,large_brick_sandstone_arrow_slit_ornate,Doku,,solid,large_brick_sandstone,,,
TRUE,westeros_half_ashlar_tab,FALSE,,,Half Ashlar Westerlands Arrow_slit_window,large_brick_sandstone_arrow_slit_window,Doku,,solid,large_brick_sandstone,,,
TRUE,westeros_half_ashlar_tab,FALSE,,,Half Ashlar Westerlands Fence,large_brick_sandstone_fence,Doku,,fence,large_brick_sandstone,,,
TRUE,westeros_half_ashlar_tab,FALSE,,,Half Ashlar Westerlands Hopper,large_brick_sandstone_hopper,Doku,,cuboid,large_brick_sandstone,,,
TRUE,westeros_half_ashlar_tab,FALSE,,,Half Ashlar Westerlands Slab,large_brick_sandstone_slab,Doku,,slab,large_brick_sandstone,,,
TRUE,westeros_half_ashlar_tab,FALSE,,,Half Ashlar Westerlands Stairs,large_brick_sandstone_stairs,Doku,,stair,large_brick_sandstone,,,
TRUE,westeros_half_ashlar_tab,FALSE,,,Half Ashlar Westerlands Tip,large_brick_sandstone_tip,Doku,,cuboid,large_brick_sandstone,,,
TRUE,westeros_half_ashlar_tab,FALSE,,,Half Ashlar Westerlands Wall,large_brick_sandstone_wall,Doku,,wall,large_brick_sandstone,,,
FALSE,westeros_decor_tab,FALSE,,,Large Clay Pot,large_clay_pot,,,cuboid,,,,
FALSE,westeros_decor_tab,FALSE,,,Large Clay Pot (Empty),large_clay_pot_empty,,,cuboid,,,,
FALSE,westeros_decor_tab,FALSE,,,Large Clay Pot Solid,large_clay_pot_solid,,,solid,,,,
FALSE,westeros_food_blocks_tab,FALSE,,,Lavender Basket,lavender_basket,,,solid,,,,
FALSE,westeros_food_blocks_tab,FALSE,,,Lavender Basket Slab,lavender_basket_slab,,,slab,,,,
FALSE,westeros_food_blocks_tab,FALSE,Wood Update,Ready For Work,Lavender Crate,lavender_crate,,,solid,,,,
TRUE,westeros_cloth_fibers_tab,FALSE,,,Leather,leather,,,solid,leather,,,
TRUE,westeros_cloth_fibers_tab,FALSE,,,Leather Slab,leather_slab,,,slab,leather,,,
TRUE,westeros_cloth_fibers_tab,FALSE,,,Leather Stairs,leather_stairs,,,stair,leather,,,
TRUE,westeros_cloth_fibers_tab,FALSE,,,Leather Wall,leather_wall,,,wall,leather,,,
FALSE,westeros_banners_tab,FALSE,,,Lefford Banner,lefford_banner,WesterosBlocks,,cuboid-nsew-stack,,,,
FALSE,westeros_food_blocks_tab,FALSE,,,Lemon Basket,lemon_basket,,,solid,,,,
FALSE,westeros_food_blocks_tab,FALSE,,,Lemon Basket Slab,lemon_basket_slab,,,slab,,,,
FALSE,westeros_foliage_tab,FALSE,,,Lemon Fruit Leaves,lemon_fruit_leaves,,,leaves,,,,
TRUE,westeros_marble_plaster_tab,FALSE,,,Light Blue Plaster Smooth,light_blue_plaster,,,solid,light_blue_plaster,,,
TRUE,westeros_marble_plaster_tab,FALSE,,,Light Blue Plaster Smooth Fence,light_blue_plaster_fence,,,fence,light_blue_plaster,,,
TRUE,westeros_marble_plaster_tab,FALSE,,,Light Blue Plaster Smooth Hopper,light_blue_plaster_hopper,,,cuboid,light_blue_plaster,,,
TRUE,westeros_marble_plaster_tab,FALSE,,,Light Blue Plaster Rough,light_blue_plaster_rough,,,solid,light_blue_plaster_rough,,,
TRUE,westeros_marble_plaster_tab,FALSE,,,Light Blue Plaster Rough Fence,light_blue_plaster_rough_fence,,,fence,light_blue_plaster_rough,,,
TRUE,westeros_marble_plaster_tab,FALSE,,,Light Blue Plaster Rough Hopper,light_blue_plaster_rough_hopper,,,cuboid,light_blue_plaster_rough,,,
TRUE,westeros_marble_plaster_tab,FALSE,,,Light Blue Plaster Rough Slab,light_blue_plaster_rough_slab,,,slab,light_blue_plaster_rough,,,
TRUE,westeros_marble_plaster_tab,FALSE,,,Light Blue Plaster Rough Stairs,light_blue_plaster_rough_stairs,,,stair,light_blue_plaster_rough,,,
TRUE,westeros_marble_plaster_tab,FALSE,,,Light Blue Plaster Rough Tip,light_blue_plaster_rough_tip,,,cuboid,light_blue_plaster_rough,,,
TRUE,westeros_marble_plaster_tab,FALSE,,,Light Blue Plaster Rough Wall,light_blue_plaster_rough_wall,,,wall,light_blue_plaster_rough,,,
TRUE,westeros_marble_plaster_tab,FALSE,,,Light Blue Plaster Smooth Slab,light_blue_plaster_slab,,,slab,light_blue_plaster,,,
TRUE,westeros_marble_plaster_tab,FALSE,,,Light Blue Plaster Smooth Stairs,light_blue_plaster_stairs,,,stair,light_blue_plaster,,,
TRUE,westeros_marble_plaster_tab,FALSE,,,Light Blue Plaster Smooth Tip,light_blue_plaster_tip,,,cuboid,light_blue_plaster,,,
TRUE,westeros_marble_plaster_tab,FALSE,,,Light Blue Plaster Smooth Wall,light_blue_plaster_wall,,,wall,light_blue_plaster,,,
TRUE,westeros_cloth_fibers_tab,FALSE,,,Light Blue Wool,light_blue_wool,Doku,,solid,light_blue_wool,,,
FALSE,westeros_banners_tab,FALSE,,,Light Blue Wool Banner,light_blue_wool_banner,WesterosBlocks,,cuboid-nsew-stack,,,,
TRUE,westeros_cloth_fibers_tab,FALSE,,,Light Blue Wool Carpet,light_blue_wool_carpet,Doku,,cuboid,light_blue_wool,,,
TRUE,westeros_cloth_fibers_tab,FALSE,,,Light Blue Wool Fence,light_blue_wool_fence,Doku,,fence,light_blue_wool,,,
TRUE,westeros_cloth_fibers_tab,FALSE,,,Light Blue Wool Slab,light_blue_wool_slab,Doku,,slab,light_blue_wool,,,
TRUE,westeros_cloth_fibers_tab,FALSE,,,Light Blue Wool Stairs,light_blue_wool_stairs,Doku,,stair,light_blue_wool,,,
TRUE,westeros_cloth_fibers_tab,FALSE,,,Light Blue Wool Tip,light_blue_wool_tip,Doku,,cuboid,light_blue_wool,,,
TRUE,westeros_cloth_fibers_tab,FALSE,,,Light Blue Wool Wall,light_blue_wool_wall,Doku,,wall,light_blue_wool,,,
TRUE,westeros_cloth_fibers_tab,FALSE,,,Light Brown Wool,light_brown_wool,Doku,,solid,light_brown_wool,,,
FALSE,westeros_banners_tab,FALSE,,,Light Brown Wool Banner,light_brown_wool_banner,WesterosBlocks,,cuboid-nsew-stack,,,,
TRUE,westeros_cloth_fibers_tab,FALSE,,,Light Brown Wool Carpet,light_brown_wool_carpet,Doku,,cuboid,light_brown_wool,,,
TRUE,westeros_cloth_fibers_tab,FALSE,,,Light Brown Wool Fence,light_brown_wool_fence,Doku,,fence,light_brown_wool,,,
TRUE,westeros_cloth_fibers_tab,FALSE,,,Light Brown Wool Slab,light_brown_wool_slab,Doku,,slab,light_brown_wool,,,
TRUE,westeros_cloth_fibers_tab,FALSE,,,Light Brown Wool Stairs,light_brown_wool_stairs,Doku,,stair,light_brown_wool,,,
TRUE,westeros_cloth_fibers_tab,FALSE,,,Light Brown Wool Tip,light_brown_wool_tip,Doku,,cuboid,light_brown_wool,,,
TRUE,westeros_cloth_fibers_tab,FALSE,,,Light Brown Wool Wall,light_brown_wool_wall,Doku,,wall,light_brown_wool,,,
TRUE,westeros_fieldstone_tab,FALSE,,,Fieldstone Normal Grey,light_grey_brick,Doku,,solid,light_grey_brick,,,
TRUE,westeros_fieldstone_tab,FALSE,,,Fieldstone Normal Grey Arrow_slit,light_grey_brick_arrow_slit,Doku,,solid,light_grey_brick,,,
TRUE,westeros_fieldstone_tab,FALSE,,,Fieldstone Normal Grey Arrow_slit_ornate,light_grey_brick_arrow_slit_ornate,Doku,,solid,light_grey_brick,,,
TRUE,westeros_fieldstone_tab,FALSE,,,Fieldstone Normal Grey Arrow_slit_window,light_grey_brick_arrow_slit_window,Doku,,solid,light_grey_brick,,,
FALSE,westeros_panelling_carvings_tab,FALSE,,,Ashlar Engraved Light Grey,light_grey_brick_engraved,,,solid,,,,
FALSE,westeros_panelling_carvings_tab,FALSE,,,Ashlar Engraved Light Grey Wall,light_grey_brick_engraved_wall,,,wall,,,,
TRUE,westeros_fieldstone_tab,FALSE,,,Fieldstone Normal Grey Fence,light_grey_brick_fence,Doku,,fence,light_grey_brick,,,
FALSE,westeros_furniture_tab,FALSE,,,Ashlar Furnace Light Grey,light_grey_brick_furnace,,,furnace,,,,
TRUE,westeros_fieldstone_tab,FALSE,,,Fieldstone Normal Grey Hopper,light_grey_brick_hopper,Doku,,cuboid,light_grey_brick,,,
TRUE,westeros_fieldstone_tab,FALSE,,,Fieldstone Normal Grey Slab,light_grey_brick_slab,Doku,,slab,light_grey_brick,,,
TRUE,westeros_fieldstone_tab,FALSE,,,Fieldstone Normal Grey Stairs,light_grey_brick_stairs,Doku,,stair,light_grey_brick,,,
TRUE,westeros_fieldstone_tab,FALSE,,,Fieldstone Normal Grey Tip,light_grey_brick_tip,Doku,,cuboid,light_grey_brick,,,
TRUE,westeros_fieldstone_tab,FALSE,,,Fieldstone Normal Grey Wall,light_grey_brick_wall,Doku,,wall,light_grey_brick,,,
TRUE,westeros_polished_stone_tab,FALSE,,,Polished Stone Light Grey,light_grey_granite_polished,Doku,,solid,light_grey_granite_polished,,,
TRUE,westeros_polished_stone_tab,FALSE,,,Polished Stone Light Grey Slab,light_grey_granite_polished_slab,Doku,,slab,light_grey_granite_polished,,,
TRUE,westeros_polished_stone_tab,FALSE,,,Polished Stone Light Grey Stairs,light_grey_granite_polished_stairs,Doku,,stair,light_grey_granite_polished,,,
TRUE,westeros_polished_stone_tab,FALSE,,,Polished Stone Light Grey Wall,light_grey_granite_polished_wall,Doku,,wall,light_grey_granite_polished,,,
TRUE,westeros_marble_plaster_tab,FALSE,,,Light Grey Plaster Smooth,light_grey_plaster,,,solid,light_grey_plaster,,,
TRUE,westeros_marble_plaster_tab,FALSE,,,Light Grey Plaster Smooth Fence,light_grey_plaster_fence,,,fence,light_grey_plaster,,,
TRUE,westeros_marble_plaster_tab,FALSE,,,Light Grey Plaster Smooth Hopper,light_grey_plaster_hopper,,,cuboid,light_grey_plaster,,,
TRUE,westeros_marble_plaster_tab,FALSE,,,Light Grey Plaster Rough,light_grey_plaster_rough,,,solid,light_grey_plaster_rough,,,
TRUE,westeros_marble_plaster_tab,FALSE,,,Light Grey Plaster Rough Fence,light_grey_plaster_rough_fence,,,fence,light_grey_plaster_rough,,,
TRUE,westeros_marble_plaster_tab,FALSE,,,Light Grey Plaster Rough Hopper,light_grey_plaster_rough_hopper,,,cuboid,light_grey_plaster_rough,,,
TRUE,westeros_marble_plaster_tab,FALSE,,,Light Grey Plaster Rough Slab,light_grey_plaster_rough_slab,,,slab,light_grey_plaster_rough,,,
TRUE,westeros_marble_plaster_tab,FALSE,,,Light Grey Plaster Rough Stairs,light_grey_plaster_rough_stairs,,,stair,light_grey_plaster_rough,,,
TRUE,westeros_marble_plaster_tab,FALSE,,,Light Grey Plaster Rough Tip,light_grey_plaster_rough_tip,,,cuboid,light_grey_plaster_rough,,,
TRUE,westeros_marble_plaster_tab,FALSE,,,Light Grey Plaster Rough Wall,light_grey_plaster_rough_wall,,,wall,light_grey_plaster_rough,,,
TRUE,westeros_marble_plaster_tab,FALSE,,,Light Grey Plaster Smooth Slab,light_grey_plaster_slab,,,slab,light_grey_plaster,,,
TRUE,westeros_marble_plaster_tab,FALSE,,,Light Grey Plaster Smooth Stairs,light_grey_plaster_stairs,,,stair,light_grey_plaster,,,
TRUE,westeros_marble_plaster_tab,FALSE,,,Light Grey Plaster Smooth Tip,light_grey_plaster_tip,,,cuboid,light_grey_plaster,,,
TRUE,westeros_marble_plaster_tab,FALSE,,,Light Grey Plaster Smooth Wall,light_grey_plaster_wall,,,wall,light_grey_plaster,,,
FALSE,westeros_marble_plaster_tab,FALSE,,,Light Grey Brick Keystone White Plaster,light_grey_stone_white_plaster,,,solid,,,,
TRUE,westeros_cloth_fibers_tab,FALSE,,,Light Grey Wool,light_grey_wool,Doku,,solid,light_grey_wool,,,
FALSE,westeros_banners_tab,FALSE,,,Light Grey Wool Banner,light_grey_wool_banner,WesterosBlocks,,cuboid-nsew-stack,,,,
TRUE,westeros_cloth_fibers_tab,FALSE,,,Light Grey Wool Carpet,light_grey_wool_carpet,Doku,,cuboid,light_grey_wool,,,
TRUE,westeros_cloth_fibers_tab,FALSE,,,Light Grey Wool Fence,light_grey_wool_fence,Doku,,fence,light_grey_wool,,,
TRUE,westeros_cloth_fibers_tab,FALSE,,,Light Grey Wool Slab,light_grey_wool_slab,Doku,,slab,light_grey_wool,,,
TRUE,westeros_cloth_fibers_tab,FALSE,,,Light Grey Wool Stairs,light_grey_wool_stairs,Doku,,stair,light_grey_wool,,,
TRUE,westeros_cloth_fibers_tab,FALSE,,,Light Grey Wool Tip,light_grey_wool_tip,Doku,,cuboid,light_grey_wool,,,
TRUE,westeros_cloth_fibers_tab,FALSE,,,Light Grey Wool Wall,light_grey_wool_wall,Doku,,wall,light_grey_wool,,,
TRUE,westeros_fieldstone_tab,FALSE,,,Fieldstone Light Oldtown,light_oldtown_brick,Doku,,solid,light_oldtown_brick,,,
TRUE,westeros_fieldstone_tab,FALSE,,,Fieldstone Light Oldtown Arrow_slit,light_oldtown_brick_arrow_slit,Doku,,solid,light_oldtown_brick,,,
TRUE,westeros_fieldstone_tab,FALSE,,,Fieldstone Light Oldtown Arrow_slit_ornate,light_oldtown_brick_arrow_slit_ornate,Doku,,solid,light_oldtown_brick,,,
TRUE,westeros_fieldstone_tab,FALSE,,,Fieldstone Light Oldtown Arrow_slit_window,light_oldtown_brick_arrow_slit_window,Doku,,solid,light_oldtown_brick,,,
FALSE,westeros_panelling_carvings_tab,FALSE,,,Ashlar Engraved Light Oldtown,light_oldtown_brick_engraved,,,solid,,,,
FALSE,westeros_panelling_carvings_tab,FALSE,,,Ashlar Engraved Light Oldtown Wall,light_oldtown_brick_engraved_wall,,,wall,,,,
TRUE,westeros_fieldstone_tab,FALSE,,,Fieldstone Light Oldtown Fence,light_oldtown_brick_fence,Doku,,fence,light_oldtown_brick,,,
TRUE,westeros_fieldstone_tab,FALSE,,,Fieldstone Light Oldtown Hopper,light_oldtown_brick_hopper,Doku,,cuboid,light_oldtown_brick,,,
TRUE,westeros_fieldstone_tab,FALSE,,,Fieldstone Light Oldtown Slab,light_oldtown_brick_slab,Doku,,slab,light_oldtown_brick,,,
TRUE,westeros_fieldstone_tab,FALSE,,,Fieldstone Light Oldtown Stairs,light_oldtown_brick_stairs,Doku,,stair,light_oldtown_brick,,,
TRUE,westeros_fieldstone_tab,FALSE,,,Fieldstone Light Oldtown Tip,light_oldtown_brick_tip,Doku,,cuboid,light_oldtown_brick,,,
TRUE,westeros_fieldstone_tab,FALSE,,,Fieldstone Light Oldtown Wall,light_oldtown_brick_wall,Doku,,wall,light_oldtown_brick,,,
TRUE,westeros_marble_plaster_tab,FALSE,,,Light Purple Plaster Smooth,light_purple_plaster,,,solid,light_purple_plaster,,,
TRUE,westeros_marble_plaster_tab,FALSE,,,Light Purple Plaster Smooth Fence,light_purple_plaster_fence,,,fence,light_purple_plaster,,,
TRUE,westeros_marble_plaster_tab,FALSE,,,Light Purple Plaster Smooth Hopper,light_purple_plaster_hopper,,,cuboid,light_purple_plaster,,,
TRUE,westeros_marble_plaster_tab,FALSE,,,Light Purple Plaster Rough,light_purple_plaster_rough,,,solid,light_purple_plaster_rough,,,
TRUE,westeros_marble_plaster_tab,FALSE,,,Light Purple Plaster Rough Fence,light_purple_plaster_rough_fence,,,fence,light_purple_plaster_rough,,,
TRUE,westeros_marble_plaster_tab,FALSE,,,Light Purple Plaster Rough Hopper,light_purple_plaster_rough_hopper,,,cuboid,light_purple_plaster_rough,,,
TRUE,westeros_marble_plaster_tab,FALSE,,,Light Purple Plaster Rough Slab,light_purple_plaster_rough_slab,,,slab,light_purple_plaster_rough,,,
TRUE,westeros_marble_plaster_tab,FALSE,,,Light Purple Plaster Rough Stairs,light_purple_plaster_rough_stairs,,,stair,light_purple_plaster_rough,,,
TRUE,westeros_marble_plaster_tab,FALSE,,,Light Purple Plaster Rough Tip,light_purple_plaster_rough_tip,,,cuboid,light_purple_plaster_rough,,,
TRUE,westeros_marble_plaster_tab,FALSE,,,Light Purple Plaster Rough Wall,light_purple_plaster_rough_wall,,,wall,light_purple_plaster_rough,,,
TRUE,westeros_marble_plaster_tab,FALSE,,,Light Purple Plaster Smooth Slab,light_purple_plaster_slab,,,slab,light_purple_plaster,,,
TRUE,westeros_marble_plaster_tab,FALSE,,,Light Purple Plaster Smooth Stairs,light_purple_plaster_stairs,,,stair,light_purple_plaster,,,
TRUE,westeros_marble_plaster_tab,FALSE,,,Light Purple Plaster Smooth Tip,light_purple_plaster_tip,,,cuboid,light_purple_plaster,,,
TRUE,westeros_marble_plaster_tab,FALSE,,,Light Purple Plaster Smooth Wall,light_purple_plaster_wall,,,wall,light_purple_plaster,,,
TRUE,westeros_marble_plaster_tab,FALSE,,,Light Red Plaster Smooth,light_red_plaster,,,solid,light_red_plaster,,,
TRUE,westeros_marble_plaster_tab,FALSE,,,Light Red Plaster Smooth Fence,light_red_plaster_fence,,,fence,light_red_plaster,,,
TRUE,westeros_marble_plaster_tab,FALSE,,,Light Red Plaster Smooth Hopper,light_red_plaster_hopper,,,cuboid,light_red_plaster,,,
TRUE,westeros_marble_plaster_tab,FALSE,,,Light Red Plaster Rough,light_red_plaster_rough,,,solid,light_red_plaster_rough,,,
TRUE,westeros_marble_plaster_tab,FALSE,,,Light Red Plaster Rough Fence,light_red_plaster_rough_fence,,,fence,light_red_plaster_rough,,,
TRUE,westeros_marble_plaster_tab,FALSE,,,Light Red Plaster Rough Hopper,light_red_plaster_rough_hopper,,,cuboid,light_red_plaster_rough,,,
TRUE,westeros_marble_plaster_tab,FALSE,,,Light Red Plaster Rough Slab,light_red_plaster_rough_slab,,,slab,light_red_plaster_rough,,,
TRUE,westeros_marble_plaster_tab,FALSE,,,Light Red Plaster Rough Stairs,light_red_plaster_rough_stairs,,,stair,light_red_plaster_rough,,,
TRUE,westeros_marble_plaster_tab,FALSE,,,Light Red Plaster Rough Tip,light_red_plaster_rough_tip,,,cuboid,light_red_plaster_rough,,,
TRUE,westeros_marble_plaster_tab,FALSE,,,Light Red Plaster Rough Wall,light_red_plaster_rough_wall,,,wall,light_red_plaster_rough,,,
TRUE,westeros_marble_plaster_tab,FALSE,,,Light Red Plaster Smooth Slab,light_red_plaster_slab,,,slab,light_red_plaster,,,
TRUE,westeros_marble_plaster_tab,FALSE,,,Light Red Plaster Smooth Stairs,light_red_plaster_stairs,,,stair,light_red_plaster,,,
TRUE,westeros_marble_plaster_tab,FALSE,,,Light Red Plaster Smooth Tip,light_red_plaster_tip,,,cuboid,light_red_plaster,,,
TRUE,westeros_marble_plaster_tab,FALSE,,,Light Red Plaster Smooth Wall,light_red_plaster_wall,,,wall,light_red_plaster,,,
TRUE,westeros_smooth_ashlar_tab,FALSE,,,Smooth Ashlar Reach,light_stone,,,solid,light_stone,,,
TRUE,westeros_smooth_ashlar_tab,FALSE,,,Smooth Ashlar Reach Arrow_slit,light_stone_arrow_slit,,,solid,light_stone,,,
TRUE,westeros_smooth_ashlar_tab,FALSE,,,Smooth Ashlar Reach Arrow_slit_ornate,light_stone_arrow_slit_ornate,,,solid,light_stone,,,
TRUE,westeros_smooth_ashlar_tab,FALSE,,,Smooth Ashlar Reach Arrow_slit_window,light_stone_arrow_slit_window,,,solid,light_stone,,,
TRUE,westeros_smooth_ashlar_tab,FALSE,,,Smooth Ashlar Reach Fence,light_stone_fence,,,fence,light_stone,,,
TRUE,westeros_smooth_ashlar_tab,FALSE,,,Smooth Ashlar Reach Hopper,light_stone_hopper,,,cuboid,light_stone,,,
TRUE,westeros_smooth_ashlar_tab,FALSE,,,Smooth Ashlar Reach Slab,light_stone_slab,,,slab,light_stone,,,
TRUE,westeros_smooth_ashlar_tab,FALSE,,,Smooth Ashlar Reach Stairs,light_stone_stairs,,,stair,light_stone,,,
TRUE,westeros_smooth_ashlar_tab,FALSE,,,Smooth Ashlar Reach Tip,light_stone_tip,,,cuboid,light_stone,,,
TRUE,westeros_smooth_ashlar_tab,FALSE,,,Smooth Ashlar Reach Wall,light_stone_wall,,,wall,light_stone,,,
TRUE,westeros_marble_plaster_tab,FALSE,,,Light Umber Plaster Smooth,light_umber_plaster,,,solid,light_umber_plaster,,,
TRUE,westeros_marble_plaster_tab,FALSE,,,Light Umber Plaster Smooth Fence,light_umber_plaster_fence,,,fence,light_umber_plaster,,,
TRUE,westeros_marble_plaster_tab,FALSE,,,Light Umber Plaster Smooth Hopper,light_umber_plaster_hopper,,,cuboid,light_umber_plaster,,,
TRUE,westeros_marble_plaster_tab,FALSE,,,Light Umber Plaster Rough,light_umber_plaster_rough,,,solid,light_umber_plaster_rough,,,
TRUE,westeros_marble_plaster_tab,FALSE,,,Light Umber Plaster Rough Fence,light_umber_plaster_rough_fence,,,fence,light_umber_plaster_rough,,,
TRUE,westeros_marble_plaster_tab,FALSE,,,Light Umber Plaster Rough Hopper,light_umber_plaster_rough_hopper,,,cuboid,light_umber_plaster_rough,,,
TRUE,westeros_marble_plaster_tab,FALSE,,,Light Umber Plaster Rough Slab,light_umber_plaster_rough_slab,,,slab,light_umber_plaster_rough,,,
TRUE,westeros_marble_plaster_tab,FALSE,,,Light Umber Plaster Rough Stairs,light_umber_plaster_rough_stairs,,,stair,light_umber_plaster_rough,,,
TRUE,westeros_marble_plaster_tab,FALSE,,,Light Umber Plaster Rough Tip,light_umber_plaster_rough_tip,,,cuboid,light_umber_plaster_rough,,,
TRUE,westeros_marble_plaster_tab,FALSE,,,Light Umber Plaster Rough Wall,light_umber_plaster_rough_wall,,,wall,light_umber_plaster_rough,,,
TRUE,westeros_marble_plaster_tab,FALSE,,,Light Umber Plaster Smooth Slab,light_umber_plaster_slab,,,slab,light_umber_plaster,,,
TRUE,westeros_marble_plaster_tab,FALSE,,,Light Umber Plaster Smooth Stairs,light_umber_plaster_stairs,,,stair,light_umber_plaster,,,
TRUE,westeros_marble_plaster_tab,FALSE,,,Light Umber Plaster Smooth Tip,light_umber_plaster_tip,,,cuboid,light_umber_plaster,,,
TRUE,westeros_marble_plaster_tab,FALSE,,,Light Umber Plaster Smooth Wall,light_umber_plaster_wall,,,wall,light_umber_plaster,,,
FALSE,westeros_wood_planks_tab,FALSE,,,Light Wattle Fence,light_wattle_fence,,,cuboid-nsew,,,,
FALSE,westeros_wood_planks_tab,FALSE,,,Light Wattle Fence Short,light_wattle_fence_short,,,cuboid-nsew,,,,
FALSE,westeros_foliage_tab,FALSE,,,Lily Pad,lily_pad,,,cuboid,,,,
FALSE,westeros_food_blocks_tab,FALSE,,,Lime Basket,lime_basket,,,solid,,,,
FALSE,westeros_food_blocks_tab,FALSE,,,Lime Basket Slab,lime_basket_slab,,,slab,,,,
FALSE,westeros_foliage_tab,FALSE,,,Lime Fruit Leaves,lime_fruit_leaves,,,leaves,,,,
FALSE,westeros_banners_tab,FALSE,,,Locke Banner,locke_banner,WesterosBlocks,,cuboid-nsew-stack,,,,
FALSE,westeros_logs_tab,FALSE,Wood Update,Complete,Locked Birch Bark Fence Gate,locked_birch_bark_fence_gate,,,fencegate,,,,
FALSE,westeros_wood_planks_tab,FALSE,Wood Update,Complete,Locked Birch Door,locked_birch_door,,,door,,,,
TRUE,westeros_wood_planks_tab,FALSE,Wood Update,Complete,Birch Wood Fence_gate,locked_birch_fence_gate,Doku,,fencegate,birch,,,
TRUE,westeros_wood_planks_tab,FALSE,Wood Update,Complete,Black Wood Fence_gate,locked_black_wood_fence_gate,Doku,,fencegate,black_wood,,,
TRUE,westeros_wood_planks_tab,FALSE,Wood Update,Complete,Blue Wood Fence_gate,locked_blue_wood_fence_gate,Doku,,fencegate,blue_wood,,,
FALSE,westeros_wood_planks_tab,FALSE,Wood Update,Complete,Locked Dark Northern Wood Door,locked_dark_northern_wood_door,Doku,,door,,,,
TRUE,westeros_wood_planks_tab,FALSE,Wood Update,Complete,Dark Northern Wood Fence_gate,locked_dark_northern_wood_fence_gate,Doku,,fencegate,dark_northern_wood,,,
TRUE,westeros_wood_planks_tab,FALSE,Wood Update,Complete,Green Wood Fence_gate,locked_green_wood_fence_gate,Doku,,fencegate,green_wood,,,
FALSE,westeros_wood_planks_tab,FALSE,Wood Update,Complete,Locked Grey Wood Door,locked_grey_wood_door,Doku,,door,,,,
TRUE,westeros_wood_planks_tab,FALSE,Wood Update,Complete,Grey Wood Fence_gate,locked_grey_wood_fence_gate,Doku,,fencegate,grey_wood,,,
FALSE,westeros_logs_tab,FALSE,Wood Update,Complete,Locked Jungle Bark Fence Gate,locked_jungle_bark_fence_gate,,,fencegate,,,,
FALSE,westeros_wood_planks_tab,FALSE,Wood Update,Complete,Locked Jungle Door,locked_jungle_door,,,door,,,,
TRUE,westeros_wood_planks_tab,FALSE,Wood Update,Complete,Jungle Wood Fence_gate,locked_jungle_fence_gate,Doku,,fencegate,jungle,,,
FALSE,westeros_logs_tab,FALSE,Wood Update,Complete,Locked Oak Bark Fence Gate,locked_oak_bark_fence_gate,,,fencegate,,,,
FALSE,westeros_wood_planks_tab,FALSE,Wood Update,Complete,Locked Oak Door,locked_oak_door,,,door,,,,
TRUE,westeros_wood_planks_tab,FALSE,Wood Update,Complete,Oak Wood Fence_gate,locked_oak_fence_gate,Doku,,fencegate,oak,,,
TRUE,westeros_wood_planks_tab,FALSE,Wood Update,Complete,Orange Wood Fence_gate,locked_orange_wood_fence_gate,Doku,,fencegate,orange_wood,,,
TRUE,westeros_wood_planks_tab,FALSE,Wood Update,Complete,Purple Wood Fence_gate,locked_purple_wood_fence_gate,Doku,,fencegate,purple_wood,,,
TRUE,westeros_wood_planks_tab,FALSE,Wood Update,Complete,Red Wood Fence_gate,locked_red_wood_fence_gate,Doku,,fencegate,red_wood,,,
FALSE,westeros_logs_tab,FALSE,Wood Update,Complete,Locked Spruce Bark Fence Gate,locked_spruce_bark_fence_gate,,,fencegate,,,,
FALSE,westeros_wood_planks_tab,FALSE,Wood Update,Complete,Locked Spruce Door,locked_spruce_door,,,door,,,,
TRUE,westeros_wood_planks_tab,FALSE,Wood Update,Complete,Spruce Wood Fence_gate,locked_spruce_fence_gate,Doku,,fencegate,spruce,,,
FALSE,westeros_wood_planks_tab,FALSE,Wood Update,Complete,Locked White Wood Door,locked_white_wood_door,Doku,,door,,,,
TRUE,westeros_wood_planks_tab,FALSE,Wood Update,Complete,White Wood Fence_gate,locked_white_wood_fence_gate,Doku,,fencegate,white_wood,,,
TRUE,westeros_wood_planks_tab,FALSE,Wood Update,Complete,Yellow Wood Fence_gate,locked_yellow_wood_fence_gate,Doku,,fencegate,yellow_wood,,,
FALSE,westeros_banners_tab,FALSE,,,Lord Of Light Rhllor Banner,lord_of_light_rhllor_banner,WesterosBlocks,,cuboid-nsew-stack,,,,
FALSE,westeros_banners_tab,FALSE,,,Lothston Banner,lothston_banner,WesterosBlocks,,cuboid-nsew-stack,,,,
FALSE,westeros_utility_tab,FALSE,,,Low Class' Utility Block,low_class_utility_block,,,solid,,,,
FALSE,westeros_banners_tab,FALSE,,,Lydden Banner,lydden_banner,WesterosBlocks,,cuboid-nsew-stack,,,,
FALSE,westeros_flowers_tab,FALSE,,,Magenta Roses,magenta_roses,,,plant,,,,
FALSE,westeros_banners_tab,FALSE,,,Mallister Banner,mallister_banner,WesterosBlocks,,cuboid-nsew-stack,,,,
TRUE,westeros_cloth_fibers_tab,FALSE,,,Mance's Camp Common Tent 1 Directional,mances_camp_common_tent_1,,,cuboid-nsew,mances_camp_common_tent_1,,,
TRUE,westeros_cloth_fibers_tab,FALSE,,,Mance's Camp Common Tent 1 Slab,mances_camp_common_tent_1_slab,,,slab,mances_camp_common_tent_1,,,
TRUE,westeros_cloth_fibers_tab,FALSE,,,Mance's Camp Common Tent 1 Stairs,mances_camp_common_tent_1_stairs,,,stair,mances_camp_common_tent_1,,,
TRUE,westeros_cloth_fibers_tab,FALSE,,,Mance's Camp Common Tent 1 Wall,mances_camp_common_tent_1_wall,,,wall,mances_camp_common_tent_1,,,
TRUE,westeros_cloth_fibers_tab,FALSE,,,Mance's Camp Common Tent 2 Directional,mances_camp_common_tent_2,,,cuboid-nsew,mances_camp_common_tent_2,,,
TRUE,westeros_cloth_fibers_tab,FALSE,,,Mance's Camp Common Tent 1,mances_camp_common_tent_block_1,,,solid,mances_camp_common_tent_1,,,
TRUE,westeros_cloth_fibers_tab,FALSE,,,Mance's Camp Common Tent 2,mances_camp_common_tent_block_2,,,solid,mances_camp_common_tent_2,,,
TRUE,westeros_cloth_fibers_tab,FALSE,,,Mance's Camp Common Tent 2 Slab,mances_camp_common_tent_slab,,,slab,mances_camp_common_tent_2,,,
TRUE,westeros_cloth_fibers_tab,FALSE,,,Mance's Camp Common Tent 2 Stairs,mances_camp_common_tent_stairs,,,stair,mances_camp_common_tent_2,,,
TRUE,westeros_cloth_fibers_tab,FALSE,,,Mance's Camp Common Tent 2 Wall,mances_camp_common_tent_wall,,,wall,mances_camp_common_tent_2,,,
TRUE,westeros_cloth_fibers_tab,FALSE,,,Mance's Camp Mance's Tent Directional,mances_camp_mances_tent,,,cuboid-nsew,mances_camp_mances_tent,,,
FALSE,westeros_decor_tab,FALSE,,,Mance's Camp Mance's Tent Antlers,mances_camp_mances_tent_antlers,,,cuboid-nsew,,,,
TRUE,westeros_cloth_fibers_tab,FALSE,,,Mance's Camp Mance's Tent,mances_camp_mances_tent_block,,,solid,mances_camp_mances_tent,,,
TRUE,westeros_cloth_fibers_tab,FALSE,,,Mance's Camp Mance's Tent Slab,mances_camp_mances_tent_slab,,,slab,mances_camp_mances_tent,,,
TRUE,westeros_cloth_fibers_tab,FALSE,,,Mance's Camp Mance's Tent Stairs,mances_camp_mances_tent_stairs,,,stair,mances_camp_mances_tent,,,
TRUE,westeros_cloth_fibers_tab,FALSE,,,Mance's Camp Mance's Tent Wall,mances_camp_mances_tent_wall,,,wall,mances_camp_mances_tent,,,
FALSE,westeros_banners_tab,FALSE,,,Manderly Banner,manderly_banner,WesterosBlocks,,cuboid-nsew-stack,,,,
FALSE,westeros_marble_plaster_tab,FALSE,,,Marble Column Fence,marble_column_fence,,,fence,,,,
FALSE,westeros_marble_plaster_tab,FALSE,,,Marble Pillar,marble_pillar,,,log,,,,
FALSE,westeros_marble_plaster_tab,FALSE,,,Marble Pillar Vertical,marble_pillar_vertical_ctm,,,log,,,,
FALSE,westeros_marble_plaster_tab,FALSE,,,Marble Wall,marble_wall,,,wall,,,,
FALSE,westeros_banners_tab,FALSE,,,Marbrand Banner,marbrand_banner,WesterosBlocks,,cuboid-nsew-stack,,,,
FALSE,westeros_sounds_tab,FALSE,,,Market Large,market_large,,,sound,,,,
FALSE,westeros_sounds_tab,FALSE,,,Market Small,market_small,,,sound,,,,
FALSE,westeros_banners_tab,FALSE,,,Martell Banner,martell_banner,WesterosBlocks,,cuboid-nsew-stack,,,,
FALSE,westeros_banners_tab,FALSE,,,Massey Banner,massey_banner,WesterosBlocks,,cuboid-nsew-stack,,,,
FALSE,westeros_grasses_shrubs_tab,FALSE,,,Meadow Fescue,meadow_fescue,,,plant,,,,
FALSE,westeros_banners_tab,FALSE,,,Melcolm Banner,melcolm_banner,WesterosBlocks,,cuboid-nsew-stack,,,,
FALSE,westeros_banners_tab,FALSE,,,Merlyn Banner,merlyn_banner,WesterosBlocks,,cuboid-nsew-stack,,,,
FALSE,westeros_banners_tab,FALSE,,,Merryweather Banner,merryweather_banner,WesterosBlocks,,cuboid-nsew-stack,,,,
FALSE,westeros_banners_tab,FALSE,,,Mertyns Banner,mertyns_banner,WesterosBlocks,,cuboid-nsew-stack,,,,
FALSE,westeros_utility_tab,FALSE,,,Middle Class' Utility Block,middle_class_utility_block,,,solid,,,,
FALSE,westeros_furniture_tab,FALSE,,,Mirror Block,mirror_block,,,solid,,,,
FALSE,westeros_decor_tab,FALSE,,,Mist Particle Emitter,mist_particle_emitter,,,particle,,,,
TRUE,westeros_medium_ashlar_tab,FALSE,,,Medium Ashlar Light Brown,monochrome_dark_sandstone,,,solid,monochrome_dark_sandstone,,,
TRUE,westeros_medium_ashlar_tab,FALSE,,,Medium Ashlar Light Brown Arrow_slit,monochrome_dark_sandstone_arrow_slit,,,solid,monochrome_dark_sandstone,,,
TRUE,westeros_medium_ashlar_tab,FALSE,,,Medium Ashlar Light Brown Arrow_slit_ornate,monochrome_dark_sandstone_arrow_slit_ornate,,,solid,monochrome_dark_sandstone,,,
TRUE,westeros_medium_ashlar_tab,FALSE,,,Medium Ashlar Light Brown Arrow_slit_window,monochrome_dark_sandstone_arrow_slit_window,,,solid,monochrome_dark_sandstone,,,
FALSE,westeros_panelling_carvings_tab,FALSE,,,Ashlar Engraved Light Brown,monochrome_dark_sandstone_engraved,,,solid,,,,
FALSE,westeros_panelling_carvings_tab,FALSE,,,Ashlar Engraved Light Brown Wall,monochrome_dark_sandstone_engraved_wall,,,wall,,,,
TRUE,westeros_medium_ashlar_tab,FALSE,,,Medium Ashlar Light Brown Fence,monochrome_dark_sandstone_fence,,,fence,monochrome_dark_sandstone,,,
TRUE,westeros_medium_ashlar_tab,FALSE,,,Medium Ashlar Light Brown Hopper,monochrome_dark_sandstone_hopper,,,cuboid,monochrome_dark_sandstone,,,
TRUE,westeros_polished_stone_tab,FALSE,,,Polished Stone Light Brown,monochrome_dark_sandstone_polished,Doku,,solid,monochrome_dark_sandstone_polished,,,
TRUE,westeros_polished_stone_tab,FALSE,,,Polished Stone Light Brown Slab,monochrome_dark_sandstone_polished_slab,Doku,,slab,monochrome_dark_sandstone_polished,,,
TRUE,westeros_polished_stone_tab,FALSE,,,Polished Stone Light Brown Stairs,monochrome_dark_sandstone_polished_stairs,Doku,,stair,monochrome_dark_sandstone_polished,,,
TRUE,westeros_polished_stone_tab,FALSE,,,Polished Stone Light Brown Wall,monochrome_dark_sandstone_polished_wall,Doku,,wall,monochrome_dark_sandstone_polished,,,
TRUE,westeros_medium_ashlar_tab,FALSE,,,Medium Ashlar Light Brown Slab,monochrome_dark_sandstone_slab,,,slab,monochrome_dark_sandstone,,,
TRUE,westeros_medium_ashlar_tab,FALSE,,,Medium Ashlar Light Brown Stairs,monochrome_dark_sandstone_stairs,,,stair,monochrome_dark_sandstone,,,
TRUE,westeros_medium_ashlar_tab,FALSE,,,Medium Ashlar Light Brown Tip,monochrome_dark_sandstone_tip,,,cuboid,monochrome_dark_sandstone,,,
TRUE,westeros_medium_ashlar_tab,FALSE,,,Medium Ashlar Light Brown Wall,monochrome_dark_sandstone_wall,,,wall,monochrome_dark_sandstone,,,
TRUE,westeros_medium_ashlar_tab,FALSE,,,Medium Ashlar Westerlands Mossy,monochrome_mossy_sandstone,,,solid,monochrome_mossy_sandstone,,,
TRUE,westeros_medium_ashlar_tab,FALSE,,,Medium Ashlar Westerlands Mossy Fence,monochrome_mossy_sandstone_fence,,,fence,monochrome_mossy_sandstone,,,
TRUE,westeros_medium_ashlar_tab,FALSE,,,Medium Ashlar Westerlands Mossy Hopper,monochrome_mossy_sandstone_hopper,,,cuboid,monochrome_mossy_sandstone,,,
TRUE,westeros_medium_ashlar_tab,FALSE,,,Medium Ashlar Westerlands Mossy Slab,monochrome_mossy_sandstone_slab,,,slab,monochrome_mossy_sandstone,,,
TRUE,westeros_medium_ashlar_tab,FALSE,,,Medium Ashlar Westerlands Mossy Stairs,monochrome_mossy_sandstone_stairs,,,stair,monochrome_mossy_sandstone,,,
TRUE,westeros_medium_ashlar_tab,FALSE,,,Medium Ashlar Westerlands Mossy Tip,monochrome_mossy_sandstone_tip,,,cuboid,monochrome_mossy_sandstone,,,
TRUE,westeros_medium_ashlar_tab,FALSE,,,Medium Ashlar Westerlands Mossy Wall,monochrome_mossy_sandstone_wall,,,wall,monochrome_mossy_sandstone,,,
TRUE,westeros_medium_ashlar_tab,FALSE,,,Medium Ashlar Westerlands,monochrome_sandstone,,,solid,monochrome_sandstone,,,
TRUE,westeros_medium_ashlar_tab,FALSE,,,Medium Ashlar Westerlands Arrow_slit,monochrome_sandstone_arrow_slit,,,solid,monochrome_sandstone,,,
TRUE,westeros_medium_ashlar_tab,FALSE,,,Medium Ashlar Westerlands Arrow_slit_ornate,monochrome_sandstone_arrow_slit_ornate,,,solid,monochrome_sandstone,,,
TRUE,westeros_medium_ashlar_tab,FALSE,,,Medium Ashlar Westerlands Arrow_slit_window,monochrome_sandstone_arrow_slit_window,,,solid,monochrome_sandstone,,,
FALSE,westeros_panelling_carvings_tab,FALSE,,,Ashlar Engraved Westerlands,monochrome_sandstone_engraved,,,solid,,,,
FALSE,westeros_panelling_carvings_tab,FALSE,,,Ashlar Engraved Westerlands Wall,monochrome_sandstone_engraved_wall,,,wall,,,,
TRUE,westeros_medium_ashlar_tab,FALSE,,,Medium Ashlar Westerlands Fence,monochrome_sandstone_fence,,,fence,monochrome_sandstone,,,
TRUE,westeros_medium_ashlar_tab,FALSE,,,Medium Ashlar Westerlands Hopper,monochrome_sandstone_hopper,,,cuboid,monochrome_sandstone,,,
TRUE,westeros_polished_stone_tab,FALSE,,,Polished Stone Westerlands,monochrome_sandstone_polished,Doku,,solid,monochrome_sandstone_polished,,,
TRUE,westeros_polished_stone_tab,FALSE,,,Polished Stone Westerlands Slab,monochrome_sandstone_polished_slab,Doku,,slab,monochrome_sandstone_polished,,,
TRUE,westeros_polished_stone_tab,FALSE,,,Polished Stone Westerlands Stairs,monochrome_sandstone_polished_stairs,Doku,,stair,monochrome_sandstone_polished,,,
TRUE,westeros_polished_stone_tab,FALSE,,,Polished Stone Westerlands Wall,monochrome_sandstone_polished_wall,Doku,,wall,monochrome_sandstone_polished,,,
TRUE,westeros_medium_ashlar_tab,FALSE,,,Medium Ashlar Westerlands Slab,monochrome_sandstone_slab,,,slab,monochrome_sandstone,,,
TRUE,westeros_medium_ashlar_tab,FALSE,,,Medium Ashlar Westerlands Stairs,monochrome_sandstone_stairs,,,stair,monochrome_sandstone,,,
TRUE,westeros_medium_ashlar_tab,FALSE,,,Medium Ashlar Westerlands Tip,monochrome_sandstone_tip,,,cuboid,monochrome_sandstone,,,
TRUE,westeros_medium_ashlar_tab,FALSE,,,Medium Ashlar Westerlands Wall,monochrome_sandstone_wall,,,wall,monochrome_sandstone,,,
FALSE,westeros_banners_tab,FALSE,,,Mooton Banner,mooton_banner,WesterosBlocks,,cuboid-nsew-stack,,,,
FALSE,westeros_banners_tab,FALSE,,,Mormont Banner,mormont_banner,WesterosBlocks,,cuboid-nsew-stack,,,,
FALSE,westeros_logs_tab,FALSE,Wood Update,Complete,Mossy Birch Log,mossy_birch_log,,,log,,,,
TRUE,westeros_cobblestone_tab,FALSE,Cobblestone Update,Ready For Work,Cobblestone Normal Grey Mossy,mossy_cobblestone,,,solid,mossy_cobblestone,,,
TRUE,westeros_cobblestone_tab,FALSE,Cobblestone Update,Ready For Work,Cobblestone Normal Grey Mossy Fence,mossy_cobblestone_fence,,,fence,mossy_cobblestone,,,
TRUE,westeros_cobblestone_tab,FALSE,Cobblestone Update,Ready For Work,Cobblestone Normal Grey Mossy Hopper,mossy_cobblestone_hopper,,,cuboid,mossy_cobblestone,,,
TRUE,westeros_cobblestone_tab,FALSE,Cobblestone Update,Ready For Work,Cobblestone Normal Grey Mossy Slab,mossy_cobblestone_slab,,,slab,mossy_cobblestone,,,
TRUE,westeros_cobblestone_tab,FALSE,Cobblestone Update,Ready For Work,Cobblestone Normal Grey Mossy Stairs,mossy_cobblestone_stairs,,,stair,mossy_cobblestone,,,
TRUE,westeros_cobblestone_tab,FALSE,Cobblestone Update,Ready For Work,Cobblestone Normal Grey Mossy Tip,mossy_cobblestone_tip,,,cuboid,mossy_cobblestone,,,
TRUE,westeros_cobblestone_tab,FALSE,Cobblestone Update,Ready For Work,Cobblestone Normal Grey Mossy Wall,mossy_cobblestone_wall,,,wall,mossy_cobblestone,,,
FALSE,westeros_logs_tab,FALSE,Wood Update,Complete,Mossy Jungle Log,mossy_jungle_log,,,log,,,,
FALSE,westeros_logs_tab,FALSE,Wood Update,Complete,Mossy Oak Log,mossy_oak_log,,,log,,,,
TRUE,westeros_quarter_ashlar_tab,FALSE,,,Quarter Ashlar Green Grey Mossy,mossy_small_stone_brick,,,solid,mossy_small_stone_brick,,,
TRUE,westeros_quarter_ashlar_tab,FALSE,,,Quarter Ashlar Green Grey Mossy Fence,mossy_small_stone_brick_fence,,,fence,mossy_small_stone_brick,,,
TRUE,westeros_quarter_ashlar_tab,FALSE,,,Quarter Ashlar Green Grey Mossy Hopper,mossy_small_stone_brick_hopper,,,cuboid,mossy_small_stone_brick,,,
TRUE,westeros_quarter_ashlar_tab,FALSE,,,Quarter Ashlar Green Grey Mossy Slab,mossy_small_stone_brick_slab,,,slab,mossy_small_stone_brick,,,
TRUE,westeros_quarter_ashlar_tab,FALSE,,,Quarter Ashlar Green Grey Mossy Stairs,mossy_small_stone_brick_stairs,,,stair,mossy_small_stone_brick,,,
TRUE,westeros_quarter_ashlar_tab,FALSE,,,Quarter Ashlar Green Grey Mossy Tip,mossy_small_stone_brick_tip,,,cuboid,mossy_small_stone_brick,,,
TRUE,westeros_quarter_ashlar_tab,FALSE,,,Quarter Ashlar Green Grey Mossy Wall,mossy_small_stone_brick_wall,,,wall,mossy_small_stone_brick,,,
FALSE,westeros_logs_tab,FALSE,Wood Update,Complete,Mossy Spruce Log,mossy_spruce_log,,,log,,,,
TRUE,westeros_half_ashlar_tab,FALSE,,,Half Ashlar Normal Grey Mossy,mossy_stone_brick,Doku,,solid,mossy_stone_brick,,,
TRUE,westeros_half_ashlar_tab,FALSE,,,Half Ashlar Normal Grey Mossy Arrow_slit,mossy_stone_brick_arrow_slit,Doku,,solid,mossy_stone_brick,,,
TRUE,westeros_half_ashlar_tab,FALSE,,,Half Ashlar Normal Grey Mossy Arrow_slit_ornate,mossy_stone_brick_arrow_slit_ornate,Doku,,solid,mossy_stone_brick,,,
TRUE,westeros_half_ashlar_tab,FALSE,,,Half Ashlar Normal Grey Mossy Arrow_slit_window,mossy_stone_brick_arrow_slit_window,Doku,,solid,mossy_stone_brick,,,
TRUE,westeros_half_ashlar_tab,FALSE,,,Half Ashlar Normal Grey Mossy Fence,mossy_stone_brick_fence,Doku,,fence,mossy_stone_brick,,,
TRUE,westeros_half_ashlar_tab,FALSE,,,Half Ashlar Normal Grey Mossy Hopper,mossy_stone_brick_hopper,Doku,,cuboid,mossy_stone_brick,,,
TRUE,westeros_half_ashlar_tab,FALSE,,,Half Ashlar Normal Grey Mossy Slab,mossy_stone_brick_slab,Doku,,slab,mossy_stone_brick,,,
TRUE,westeros_half_ashlar_tab,FALSE,,,Half Ashlar Normal Grey Mossy Stairs,mossy_stone_brick_stairs,Doku,,stair,mossy_stone_brick,,,
TRUE,westeros_half_ashlar_tab,FALSE,,,Half Ashlar Normal Grey Mossy Tip,mossy_stone_brick_tip,Doku,,cuboid,mossy_stone_brick,,,
TRUE,westeros_half_ashlar_tab,FALSE,,,Half Ashlar Normal Grey Mossy Wall,mossy_stone_brick_wall,Doku,,wall,mossy_stone_brick,,,
FALSE,westeros_misc_tab,FALSE,,,Mountain Road Marker,mountain_road_marker,,,cuboid-nsew,,,,
TRUE,westeros_grass_dirt_tab,FALSE,Dirt/Path Update,In Progress,Mud,mud,,,solid,mud,,,
TRUE,westeros_grass_dirt_tab,FALSE,Dirt/Path Update,In Progress,Mud Slab,mud_slab,,,slab,mud,,,
TRUE,westeros_sand_gravel_tab,FALSE,Dirt/Path Update,In Progress,Muddy Sand,muddy_sand,,,solid,muddy_sand,,,
TRUE,westeros_sand_gravel_tab,FALSE,Dirt/Path Update,In Progress,Muddy Sand Layer,muddy_sand_layer,,,layer,muddy_sand,,,
TRUE,westeros_sand_gravel_tab,FALSE,Dirt/Path Update,In Progress,Muddy Sand Slab,muddy_sand_slab,,,slab,muddy_sand,,,
TRUE,westeros_grass_dirt_tab,FALSE,Ice & Snow Update,In Progress,Muddy Snow,muddy_snow,,,solid,muddy_snow,,,
TRUE,westeros_grass_dirt_tab,FALSE,Ice & Snow Update,In Progress,Muddy Snow Slab,muddy_snow_slab,,,slab,muddy_snow,,,
FALSE,westeros_banners_tab,FALSE,,,Mullendore Banner,mullendore_banner,WesterosBlocks,,cuboid-nsew-stack,,,,
FALSE,westeros_banners_tab,FALSE,,,Musgood Banner,musgood_banner,WesterosBlocks,,cuboid-nsew-stack,,,,
TRUE,westeros_half_ashlar_tab,FALSE,,,Half Ashlar Black,nether_brick,Doku,,solid,nether_brick,,,
TRUE,westeros_half_ashlar_tab,FALSE,,,Half Ashlar Black Arrow_slit,nether_brick_arrow_slit,Doku,,solid,nether_brick,,,
TRUE,westeros_half_ashlar_tab,FALSE,,,Half Ashlar Black Arrow_slit_ornate,nether_brick_arrow_slit_ornate,Doku,,solid,nether_brick,,,
TRUE,westeros_half_ashlar_tab,FALSE,,,Half Ashlar Black Arrow_slit_window,nether_brick_arrow_slit_window,Doku,,solid,nether_brick,,,
TRUE,westeros_half_ashlar_tab,FALSE,,,Half Ashlar Black Fence,nether_brick_fence,Doku,,fence,nether_brick,,,
TRUE,westeros_half_ashlar_tab,FALSE,,,Half Ashlar Black Hopper,nether_brick_hopper,Doku,,cuboid,nether_brick,,,
FALSE,westeros_panelling_carvings_tab,FALSE,,,Ashlar Embellished Black,nether_brick_keystone,,,solid,,,,
TRUE,westeros_half_ashlar_tab,FALSE,,,Half Ashlar Black Slab,nether_brick_slab,Doku,,slab,nether_brick,,,
TRUE,westeros_half_ashlar_tab,FALSE,,,Half Ashlar Black Stairs,nether_brick_stairs,Doku,,stair,nether_brick,,,
TRUE,westeros_half_ashlar_tab,FALSE,,,Half Ashlar Black Tip,nether_brick_tip,Doku,,cuboid,nether_brick,,,
TRUE,westeros_half_ashlar_tab,FALSE,,,Half Ashlar Black Wall,nether_brick_wall,Doku,,wall,nether_brick,,,
FALSE,westeros_grasses_shrubs_tab,FALSE,,,Nettle,nettle,,,plant,,,,
FALSE,westeros_banners_tab,FALSE,,,Nights Watch Banner,nights_watch_banner,WesterosBlocks,,cuboid-nsew-stack,,,,
FALSE,westeros_furniture_tab,FALSE,,,Nights Watch Bed,nights_watch_bed,,,bed,,,,
FALSE,westeros_furniture_tab,FALSE,,,Noble Blue Bed,noble_blue_bed,,,bed,,,,
FALSE,westeros_furniture_tab,FALSE,,,Noble Red Bed,noble_red_bed,,,bed,,,,
FALSE,westeros_furniture_tab,FALSE,,,Northern Bed,northern_bed,,,bed,,,,
FALSE,westeros_panelling_carvings_tab,FALSE,,,Northern Carvings,northern_carvings,,,solid,,,,
TRUE,westeros_cobblestone_tab,FALSE,Cobblestone Update,Ready For Work,Northern Rubble,northern_cobble,WesterosBlocks,,solid,northern_cobble,,,
TRUE,westeros_cobblestone_tab,FALSE,Cobblestone Update,Ready For Work,Northern Rubble Fence,northern_cobble_fence,WesterosBlocks,,fence,northern_cobble,,,
TRUE,westeros_cobblestone_tab,FALSE,Cobblestone Update,Ready For Work,Northern Rubble Hopper,northern_cobble_hopper,WesterosBlocks,,cuboid,northern_cobble,,,
TRUE,westeros_cobblestone_tab,FALSE,Cobblestone Update,Ready For Work,Northern Rubble Slab,northern_cobble_slab,WesterosBlocks,,slab,northern_cobble,,,
TRUE,westeros_cobblestone_tab,FALSE,Cobblestone Update,Ready For Work,Northern Rubble Stairs,northern_cobble_stairs,WesterosBlocks,,stair,northern_cobble,,,
TRUE,westeros_cobblestone_tab,FALSE,Cobblestone Update,Ready For Work,Northern Rubble Tip,northern_cobble_tip,WesterosBlocks,,cuboid,northern_cobble,,,
TRUE,westeros_cobblestone_tab,FALSE,Cobblestone Update,Ready For Work,Northern Rubble Wall,northern_cobble_wall,WesterosBlocks,,wall,northern_cobble,,,
TRUE,westeros_wood_planks_tab,FALSE,Wood Update,Complete,Dark Northern Wood Window_frame,northern_timber_window_frame,Doku,,solid,dark_northern_wood,,,
TRUE,westeros_wood_planks_tab,FALSE,Wood Update,Complete,Dark Northern Wood Window_frame_mullion,northern_timber_window_frame_mullion,Doku,,solid,dark_northern_wood,,,
TRUE,westeros_wood_planks_tab,FALSE,Wood Update,Ready For Work,Dark Northern Wood Cover,northern_wood_cover,Doku,,rail,dark_northern_wood,,,
FALSE,westeros_wood_planks_tab,FALSE,Wood Update,Complete,Northern Wood Door,northern_wood_door,Doku,,door,,,,
FALSE,westeros_windows_glass_tab,FALSE,Wood Update,Complete,Northern Wood Window Shutters,northern_wood_window_shutters,Doku,,halfdoor,,,,
FALSE,westeros_utility_tab,FALSE,,,Note' Utility Block,note_utility_block,,,solid,,,,
FALSE,westeros_logs_tab,FALSE,Wood Update,Complete,Oak Bark Fence,oak_bark_fence,,,fence,,,,
TRUE,westeros_wood_planks_tab,FALSE,Wood Update,Complete,Oak Wood Carpet,oak_carpet,Doku,,cuboid,oak,,,
TRUE,westeros_wood_planks_tab,FALSE,Wood Update,Complete,Oak Wood Cover,oak_cover,Doku,,rail,oak,,,
FALSE,westeros_wood_planks_tab,FALSE,Wood Update,Complete,Oak Door,oak_door,,,door,,,,
TRUE,westeros_wood_planks_tab,FALSE,Wood Update,Complete,Oak Wood Fence,oak_fence,Doku,,fence,oak,,,
FALSE,westeros_wood_planks_tab,FALSE,Wood Update,Ready For Work,Oak Fence with Grapes,oak_fence_with_grapes,,,fence,,,,
FALSE,westeros_wood_planks_tab,FALSE,Wood Update,Ready For Work,Oak Fence with Vines,oak_fence_with_vines,,,fence,,,,
TRUE,westeros_wood_planks_tab,FALSE,Wood Update,Complete,Oak Vertical Planks Half_door,oak_half_door,,,cuboid-nsew,oak_vertical_planks,,,
TRUE,westeros_wood_planks_tab,FALSE,Wood Update,Complete,Oak Wood Hopper,oak_hopper,Doku,,cuboid,oak,,,
FALSE,westeros_logs_tab,FALSE,Wood Update,Ready For Work,Oak Log Chain,oak_log_chain,,,log,,,,
FALSE,westeros_logs_tab,FALSE,Wood Update,Ready For Work,Oak Log Rope,oak_log_rope,,,log,,,,
TRUE,westeros_wood_planks_tab,FALSE,Wood Update,Complete,Oak Wood,oak_planks,Doku,,solid,oak,,,
TRUE,westeros_wood_planks_tab,FALSE,Wood Update,Complete,Oak Wood Slab,oak_slab,Doku,,slab,oak,,,
TRUE,westeros_wood_planks_tab,FALSE,Wood Update,Complete,Oak Wood Stairs,oak_stairs,Doku,,stair,oak,,,
TRUE,westeros_wood_planks_tab,FALSE,Wood Update,Complete,Oak Wood Window_frame,oak_timber_window_frame,Doku,,solid,oak,,,
TRUE,westeros_wood_planks_tab,FALSE,Wood Update,Complete,Oak Wood Window_frame_mullion,oak_timber_window_frame_mullion,Doku,,solid,oak,,,
TRUE,westeros_wood_planks_tab,FALSE,Wood Update,Complete,Oak Wood Tip,oak_tip,Doku,,cuboid,oak,,,
TRUE,westeros_wood_planks_tab,FALSE,Wood Update,Complete,Oak Vertical Planks,oak_vertical_planks,,,solid,oak_vertical_planks,,,
TRUE,westeros_wood_planks_tab,FALSE,Wood Update,Complete,Oak Vertical Planks Carpet,oak_vertical_planks_carpet,,,cuboid,oak_vertical_planks,,,
TRUE,westeros_wood_planks_tab,FALSE,Wood Update,Complete,Oak Vertical Planks Fence,oak_vertical_planks_fence,,,fence,oak_vertical_planks,,,
TRUE,westeros_wood_planks_tab,FALSE,Wood Update,Complete,Oak Vertical Planks Hopper,oak_vertical_planks_hopper,,,cuboid,oak_vertical_planks,,,
TRUE,westeros_wood_planks_tab,FALSE,Wood Update,Complete,Oak Vertical Planks Slab,oak_vertical_planks_slab,,,slab,oak_vertical_planks,,,
TRUE,westeros_wood_planks_tab,FALSE,Wood Update,Complete,Oak Vertical Planks Stairs,oak_vertical_planks_stairs,,,stair,oak_vertical_planks,,,
TRUE,westeros_wood_planks_tab,FALSE,Wood Update,Complete,Oak Vertical Planks Tip,oak_vertical_planks_tip,,,cuboid,oak_vertical_planks,,,
TRUE,westeros_wood_planks_tab,FALSE,Wood Update,Complete,Oak Vertical Planks Wall,oak_vertical_planks_wall,,,wall,oak_vertical_planks,,,
TRUE,westeros_wood_planks_tab,FALSE,Wood Update,Complete,Oak Wood Wall,oak_wall,Doku,,wall,oak,,,
FALSE,westeros_windows_glass_tab,FALSE,Wood Update,Complete,Oak Window Shutters,oak_window_shutters,,,halfdoor,,,,
FALSE,westeros_banners_tab,FALSE,,,Oakheart Banner,oakheart_banner,WesterosBlocks,,cuboid-nsew-stack,,,,
FALSE,westeros_misc_tab,FALSE,,,Ocean Road Marker,ocean_road_marker,,,cuboid-nsew,,,,
TRUE,westeros_fieldstone_tab,FALSE,,,Fieldstone Oldtown,oldtown_brick,Doku,,solid,oldtown_brick,,,
TRUE,westeros_fieldstone_tab,FALSE,,,Fieldstone Oldtown Arrow_slit,oldtown_brick_arrow_slit,Doku,,solid,oldtown_brick,,,
TRUE,westeros_fieldstone_tab,FALSE,,,Fieldstone Oldtown Arrow_slit_ornate,oldtown_brick_arrow_slit_ornate,Doku,,solid,oldtown_brick,,,
TRUE,westeros_fieldstone_tab,FALSE,,,Fieldstone Oldtown Arrow_slit_window,oldtown_brick_arrow_slit_window,Doku,,solid,oldtown_brick,,,
TRUE,westeros_fieldstone_tab,FALSE,,,Fieldstone Oldtown Fence,oldtown_brick_fence,Doku,,fence,oldtown_brick,,,
FALSE,westeros_furniture_tab,FALSE,,,Ashlar Furnace Oldtown,oldtown_brick_furnace,,,furnace,,,,
TRUE,westeros_fieldstone_tab,FALSE,,,Fieldstone Oldtown Hopper,oldtown_brick_hopper,Doku,,cuboid,oldtown_brick,,,
TRUE,westeros_polished_stone_tab,FALSE,,,Polished Stone Oldtown,oldtown_brick_polished,Doku,,solid,oldtown_brick_polished,,,
TRUE,westeros_polished_stone_tab,FALSE,,,Polished Stone Oldtown Slab,oldtown_brick_polished_slab,Doku,,slab,oldtown_brick_polished,,,
TRUE,westeros_polished_stone_tab,FALSE,,,Polished Stone Oldtown Stairs,oldtown_brick_polished_stairs,Doku,,stair,oldtown_brick_polished,,,
TRUE,westeros_polished_stone_tab,FALSE,,,Polished Stone Oldtown Wall,oldtown_brick_polished_wall,Doku,,wall,oldtown_brick_polished,,,
TRUE,westeros_fieldstone_tab,FALSE,,,Fieldstone Oldtown Slab,oldtown_brick_slab,Doku,,slab,oldtown_brick,,,
TRUE,westeros_fieldstone_tab,FALSE,,,Fieldstone Oldtown Stairs,oldtown_brick_stairs,Doku,,stair,oldtown_brick,,,
TRUE,westeros_fieldstone_tab,FALSE,,,Fieldstone Oldtown Tip,oldtown_brick_tip,Doku,,cuboid,oldtown_brick,,,
TRUE,westeros_fieldstone_tab,FALSE,,,Fieldstone Oldtown Wall,oldtown_brick_wall,Doku,,wall,oldtown_brick,,,
TRUE,westeros_cobblestone_tab,FALSE,Cobblestone Update,Ready For Work,Cobblestone Oldtown,oldtown_cobblestone,,,solid,oldtown_cobblestone,,,
TRUE,westeros_cobblestone_tab,FALSE,Cobblestone Update,Ready For Work,Cobblestone Oldtown Fence,oldtown_cobblestone_fence,,,fence,oldtown_cobblestone,,,
TRUE,westeros_cobblestone_tab,FALSE,Cobblestone Update,Ready For Work,Cobblestone Oldtown Hopper,oldtown_cobblestone_hopper,,,cuboid,oldtown_cobblestone,,,
TRUE,westeros_cobblestone_tab,FALSE,Cobblestone Update,Ready For Work,Cobblestone Oldtown Slab,oldtown_cobblestone_slab,,,slab,oldtown_cobblestone,,,
TRUE,westeros_cobblestone_tab,FALSE,Cobblestone Update,Ready For Work,Cobblestone Oldtown Stairs,oldtown_cobblestone_stairs,,,stair,oldtown_cobblestone,,,
TRUE,westeros_cobblestone_tab,FALSE,Cobblestone Update,Ready For Work,Cobblestone Oldtown Tip,oldtown_cobblestone_tip,,,cuboid,oldtown_cobblestone,,,
TRUE,westeros_cobblestone_tab,FALSE,Cobblestone Update,Ready For Work,Cobblestone Oldtown Wall,oldtown_cobblestone_wall,,,wall,oldtown_cobblestone,,,
TRUE,westeros_cobblestone_tab,FALSE,Cobblestone Update,Ready For Work,Dark Cobblestone Oldtown,oldtown_dark_cobblestone,,,solid,oldtown_dark_cobblestone,,,
TRUE,westeros_cobblestone_tab,FALSE,Cobblestone Update,Ready For Work,Dark Cobblestone Oldtown Fence,oldtown_dark_cobblestone_fence,,,fence,oldtown_dark_cobblestone,,,
TRUE,westeros_cobblestone_tab,FALSE,Cobblestone Update,Ready For Work,Dark Cobblestone Oldtown Hopper,oldtown_dark_cobblestone_hopper,,,cuboid,oldtown_dark_cobblestone,,,
TRUE,westeros_cobblestone_tab,FALSE,Cobblestone Update,Ready For Work,Dark Cobblestone Oldtown Slab,oldtown_dark_cobblestone_slab,,,slab,oldtown_dark_cobblestone,,,
TRUE,westeros_cobblestone_tab,FALSE,Cobblestone Update,Ready For Work,Dark Cobblestone Oldtown Stairs,oldtown_dark_cobblestone_stairs,,,stair,oldtown_dark_cobblestone,,,
TRUE,westeros_cobblestone_tab,FALSE,Cobblestone Update,Ready For Work,Dark Cobblestone Oldtown Tip,oldtown_dark_cobblestone_tip,,,cuboid,oldtown_dark_cobblestone,,,
TRUE,westeros_cobblestone_tab,FALSE,Cobblestone Update,Ready For Work,Dark Cobblestone Oldtown Wall,oldtown_dark_cobblestone_wall,,,wall,oldtown_dark_cobblestone,,,
TRUE,westeros_medium_ashlar_tab,FALSE,,,Medium Ashlar Light Oldtown,oldtown_granite,,,solid,oldtown_granite,,,
TRUE,westeros_medium_ashlar_tab,FALSE,,,Medium Ashlar Light Oldtown Arrow_slit,oldtown_granite_arrow_slit,,,solid,oldtown_granite,,,
TRUE,westeros_medium_ashlar_tab,FALSE,,,Medium Ashlar Light Oldtown Arrow_slit_ornate,oldtown_granite_arrow_slit_ornate,,,solid,oldtown_granite,,,
TRUE,westeros_medium_ashlar_tab,FALSE,,,Medium Ashlar Light Oldtown Arrow_slit_window,oldtown_granite_arrow_slit_window,,,solid,oldtown_granite,,,
TRUE,westeros_medium_ashlar_tab,FALSE,,,Medium Ashlar Light Oldtown Fence,oldtown_granite_fence,,,fence,oldtown_granite,,,
TRUE,westeros_medium_ashlar_tab,FALSE,,,Medium Ashlar Light Oldtown Hopper,oldtown_granite_hopper,,,cuboid,oldtown_granite,,,
TRUE,westeros_polished_stone_tab,FALSE,,,Polished Stone Light Oldtown,oldtown_granite_polished,Doku,,solid,oldtown_granite_polished,,,
TRUE,westeros_polished_stone_tab,FALSE,,,Polished Stone Light Oldtown Slab,oldtown_granite_polished_slab,Doku,,slab,oldtown_granite_polished,,,
TRUE,westeros_polished_stone_tab,FALSE,,,Polished Stone Light Oldtown Stairs,oldtown_granite_polished_stairs,Doku,,stair,oldtown_granite_polished,,,
TRUE,westeros_polished_stone_tab,FALSE,,,Polished Stone Light Oldtown Wall,oldtown_granite_polished_wall,Doku,,wall,oldtown_granite_polished,,,
TRUE,westeros_medium_ashlar_tab,FALSE,,,Medium Ashlar Light Oldtown Slab,oldtown_granite_slab,,,slab,oldtown_granite,,,
TRUE,westeros_medium_ashlar_tab,FALSE,,,Medium Ashlar Light Oldtown Stairs,oldtown_granite_stairs,,,stair,oldtown_granite,,,
TRUE,westeros_medium_ashlar_tab,FALSE,,,Medium Ashlar Light Oldtown Tip,oldtown_granite_tip,,,cuboid,oldtown_granite,,,
TRUE,westeros_medium_ashlar_tab,FALSE,,,Medium Ashlar Light Oldtown Wall,oldtown_granite_wall,,,wall,oldtown_granite,,,
TRUE,westeros_half_ashlar_tab,FALSE,,,Half Ashlar Light Oldtown,oldtown_large_brick,Doku,,solid,oldtown_large_brick,,,
TRUE,westeros_half_ashlar_tab,FALSE,,,Half Ashlar Light Oldtown Arrow_slit,oldtown_large_brick_arrow_slit,Doku,,solid,oldtown_large_brick,,,
TRUE,westeros_half_ashlar_tab,FALSE,,,Half Ashlar Light Oldtown Arrow_slit_ornate,oldtown_large_brick_arrow_slit_ornate,Doku,,solid,oldtown_large_brick,,,
TRUE,westeros_half_ashlar_tab,FALSE,,,Half Ashlar Light Oldtown Arrow_slit_window,oldtown_large_brick_arrow_slit_window,Doku,,solid,oldtown_large_brick,,,
TRUE,westeros_half_ashlar_tab,FALSE,,,Half Ashlar Light Oldtown Fence,oldtown_large_brick_fence,Doku,,fence,oldtown_large_brick,,,
TRUE,westeros_half_ashlar_tab,FALSE,,,Half Ashlar Light Oldtown Hopper,oldtown_large_brick_hopper,Doku,,cuboid,oldtown_large_brick,,,
TRUE,westeros_half_ashlar_tab,FALSE,,,Half Ashlar Light Oldtown Slab,oldtown_large_brick_slab,Doku,,slab,oldtown_large_brick,,,
TRUE,westeros_half_ashlar_tab,FALSE,,,Half Ashlar Light Oldtown Stairs,oldtown_large_brick_stairs,Doku,,stair,oldtown_large_brick,,,
TRUE,westeros_half_ashlar_tab,FALSE,,,Half Ashlar Light Oldtown Tip,oldtown_large_brick_tip,Doku,,cuboid,oldtown_large_brick,,,
TRUE,westeros_half_ashlar_tab,FALSE,,,Half Ashlar Light Oldtown Wall,oldtown_large_brick_wall,Doku,,wall,oldtown_large_brick,,,
TRUE,westeros_smooth_ashlar_tab,FALSE,,,Smooth Ashlar Light Oldtown,oldtown_light_stone,,,solid,oldtown_light_stone,,,
TRUE,westeros_smooth_ashlar_tab,FALSE,,,Smooth Ashlar Light Oldtown Arrow_slit,oldtown_light_stone_arrow_slit,,,solid,oldtown_light_stone,,,
TRUE,westeros_smooth_ashlar_tab,FALSE,,,Smooth Ashlar Light Oldtown Arrow_slit_ornate,oldtown_light_stone_arrow_slit_ornate,,,solid,oldtown_light_stone,,,
TRUE,westeros_smooth_ashlar_tab,FALSE,,,Smooth Ashlar Light Oldtown Arrow_slit_window,oldtown_light_stone_arrow_slit_window,,,solid,oldtown_light_stone,,,
TRUE,westeros_smooth_ashlar_tab,FALSE,,,Smooth Ashlar Light Oldtown Fence,oldtown_light_stone_fence,,,fence,oldtown_light_stone,,,
TRUE,westeros_smooth_ashlar_tab,FALSE,,,Smooth Ashlar Light Oldtown Hopper,oldtown_light_stone_hopper,,,cuboid,oldtown_light_stone,,,
TRUE,westeros_smooth_ashlar_tab,FALSE,,,Smooth Ashlar Light Oldtown Slab,oldtown_light_stone_slab,,,slab,oldtown_light_stone,,,
TRUE,westeros_smooth_ashlar_tab,FALSE,,,Smooth Ashlar Light Oldtown Stairs,oldtown_light_stone_stairs,,,stair,oldtown_light_stone,,,
TRUE,westeros_smooth_ashlar_tab,FALSE,,,Smooth Ashlar Light Oldtown Tip,oldtown_light_stone_tip,,,cuboid,oldtown_light_stone,,,
TRUE,westeros_smooth_ashlar_tab,FALSE,,,Smooth Ashlar Light Oldtown Wall,oldtown_light_stone_wall,,,wall,oldtown_light_stone,,,
FALSE,westeros_decor_tab,FALSE,,,Oldtown Sewer Manhole,oldtown_sewer_manhole,,,trapdoor,,,,
FALSE,westeros_food_blocks_tab,FALSE,,,Olive Basket,olive_basket,,,solid,,,,
FALSE,westeros_food_blocks_tab,FALSE,,,Olive Basket Slab,olive_basket_slab,,,slab,,,,
FALSE,westeros_foliage_tab,FALSE,,,Olive Fruit Leaves,olive_fruit_leaves,,,leaves,,,,
FALSE,westeros_decor_tab,FALSE,,,Open Basket,open_basket,,,solid,,,,
FALSE,westeros_decor_tab,FALSE,,,Open Basket Slab,open_basket_slab,,,slab,,,,
FALSE,westeros_decor_tab,FALSE,Wood Update,Ready For Work,Open Crate,open_crate,,,solid,,,,
FALSE,westeros_banners_tab,FALSE,,,Embroidered Orange Banner,orange_banner,WesterosBlocks,,cuboid-nsew-stack,,,,
FALSE,westeros_food_blocks_tab,FALSE,,,Orange Basket,orange_basket,,,solid,,,,
FALSE,westeros_food_blocks_tab,FALSE,,,Orange Basket Slab,orange_basket_slab,,,slab,,,,
FALSE,westeros_flowers_tab,FALSE,,,Orange Bells,orange_bells,,,plant,,,,
FALSE,westeros_flowers_tab,FALSE,,,Orange Bog Asphodel,orange_bog_asphodel,,,plant,,,,
TRUE,westeros_brick_tab,FALSE,,,Orange Brick Rough,orange_brick,,,solid,orange_brick,,,
FALSE,westeros_brick_tab,FALSE,,,Orange Brick Arch Double,orange_brick_arch_double,,,solid,,,,
FALSE,westeros_brick_tab,FALSE,,,Orange Brick Arch Single,orange_brick_arch_single,,,solid,,,,
FALSE,westeros_brick_tab,FALSE,,,Orange Brick Dentil,orange_brick_dentil,,,solid,,,,
TRUE,westeros_brick_tab,FALSE,,,Orange Brick Rough Fence,orange_brick_fence,,,fence,orange_brick,,,
FALSE,westeros_furniture_tab,FALSE,,,Orange Brick Furnace,orange_brick_furnace,,,furnace,,,,
TRUE,westeros_brick_tab,FALSE,,,Orange Brick Rough Hopper,orange_brick_hopper,,,cuboid,orange_brick,,,
FALSE,westeros_brick_tab,FALSE,,,Orange Brick Rowlock,orange_brick_rowlock,,,solid,,,,
TRUE,westeros_brick_tab,FALSE,,,Orange Brick Rough Slab,orange_brick_slab,,,slab,orange_brick,,,
TRUE,westeros_brick_tab,FALSE,,,Orange Brick Rough Tip,orange_brick_tip,,,cuboid,orange_brick,,,
TRUE,westeros_brick_tab,FALSE,,,Orange Brick Rough Wall,orange_brick_wall,,,wall,orange_brick,,,
FALSE,westeros_foliage_tab,FALSE,,,Orange Fruit Leaves,orange_fruit_leaves,,,leaves,,,,
FALSE,westeros_flowers_tab,FALSE,,,Orange Marigolds,orange_marigolds,,,plant,,,,
TRUE,westeros_marble_plaster_tab,FALSE,,,Orange Plaster Smooth,orange_plaster,,,solid,orange_plaster,,,
TRUE,westeros_marble_plaster_tab,FALSE,,,Orange Plaster Smooth Fence,orange_plaster_fence,,,fence,orange_plaster,,,
TRUE,westeros_marble_plaster_tab,FALSE,,,Orange Plaster Smooth Hopper,orange_plaster_hopper,,,cuboid,orange_plaster,,,
TRUE,westeros_marble_plaster_tab,FALSE,,,Orange Plaster Rough,orange_plaster_rough,,,solid,orange_plaster_rough,,,
TRUE,westeros_marble_plaster_tab,FALSE,,,Orange Plaster Rough Fence,orange_plaster_rough_fence,,,fence,orange_plaster_rough,,,
TRUE,westeros_marble_plaster_tab,FALSE,,,Orange Plaster Rough Hopper,orange_plaster_rough_hopper,,,cuboid,orange_plaster_rough,,,
TRUE,westeros_marble_plaster_tab,FALSE,,,Orange Plaster Rough Slab,orange_plaster_rough_slab,,,slab,orange_plaster_rough,,,
TRUE,westeros_marble_plaster_tab,FALSE,,,Orange Plaster Rough Stairs,orange_plaster_rough_stairs,,,stair,orange_plaster_rough,,,
TRUE,westeros_marble_plaster_tab,FALSE,,,Orange Plaster Rough Tip,orange_plaster_rough_tip,,,cuboid,orange_plaster_rough,,,
TRUE,westeros_marble_plaster_tab,FALSE,,,Orange Plaster Rough Wall,orange_plaster_rough_wall,,,wall,orange_plaster_rough,,,
TRUE,westeros_marble_plaster_tab,FALSE,,,Orange Plaster Smooth Slab,orange_plaster_slab,,,slab,orange_plaster,,,
TRUE,westeros_marble_plaster_tab,FALSE,,,Orange Plaster Smooth Stairs,orange_plaster_stairs,,,stair,orange_plaster,,,
TRUE,westeros_marble_plaster_tab,FALSE,,,Orange Plaster Smooth Tip,orange_plaster_tip,,,cuboid,orange_plaster,,,
TRUE,westeros_marble_plaster_tab,FALSE,,,Orange Plaster Smooth Wall,orange_plaster_wall,,,wall,orange_plaster,,,
TRUE,westeros_roofing_tab,FALSE,Roofing Update,,Orange Slate,orange_slate,,,solid,orange_slate,,,
TRUE,westeros_roofing_tab,FALSE,Roofing Update,,Orange Slate Fence,orange_slate_fence,,,fence,orange_slate,,,
TRUE,westeros_roofing_tab,FALSE,Roofing Update,,Orange Slate Hopper,orange_slate_hopper,,,cuboid,orange_slate,,,
TRUE,westeros_roofing_tab,FALSE,Roofing Update,,Orange Slate Slab,orange_slate_slab,,,slab,orange_slate,,,
TRUE,westeros_roofing_tab,FALSE,Roofing Update,,Orange Slate Stairs,orange_slate_stairs,,,stair,orange_slate,,,
TRUE,westeros_roofing_tab,FALSE,Roofing Update,,Orange Slate Tip,orange_slate_tip,,,cuboid,orange_slate,,,
TRUE,westeros_roofing_tab,FALSE,Roofing Update,,Orange Slate Wall,orange_slate_wall,,,wall,orange_slate,,,
FALSE,westeros_flowers_tab,FALSE,,,Orange Sun Star,orange_sun_star,,,plant,,,,
TRUE,westeros_wood_planks_tab,FALSE,Wood Update,Ready For Work,Orange Wood Window_frame,orange_timber_window_frame,Doku,,solid,orange_wood,,,
TRUE,westeros_wood_planks_tab,FALSE,Wood Update,Ready For Work,Orange Wood Window_frame_mullion,orange_timber_window_frame_mullion,Doku,,solid,orange_wood,,,
FALSE,westeros_flowers_tab,FALSE,,,Orange Trollius,orange_trollius,,,plant,,,,
TRUE,westeros_wood_planks_tab,FALSE,Wood Update,Complete,Orange Wood,orange_wood,Doku,,solid,orange_wood,,,
TRUE,westeros_wood_planks_tab,FALSE,Wood Update,Complete,Orange Wood Carpet,orange_wood_carpet,Doku,,cuboid,orange_wood,,,
TRUE,westeros_wood_planks_tab,FALSE,Wood Update,Complete,Orange Wood Fence,orange_wood_fence,Doku,,fence,orange_wood,,,
TRUE,westeros_wood_planks_tab,FALSE,Wood Update,Complete,Orange Wood Vertical Planks Half_door,orange_wood_half_door,Doku,,cuboid-nsew,orange_wood_vertical_planks,,,
TRUE,westeros_wood_planks_tab,FALSE,Wood Update,Complete,Orange Wood Hopper,orange_wood_hopper,Doku,,cuboid,orange_wood,,,
TRUE,westeros_wood_planks_tab,FALSE,Wood Update,Complete,Orange Wood Slab,orange_wood_slab,Doku,,slab,orange_wood,,,
TRUE,westeros_wood_planks_tab,FALSE,Wood Update,Complete,Orange Wood Stairs,orange_wood_stairs,Doku,,stair,orange_wood,,,
TRUE,westeros_wood_planks_tab,FALSE,Wood Update,Complete,Orange Wood Tip,orange_wood_tip,Doku,,cuboid,orange_wood,,,
TRUE,westeros_wood_planks_tab,FALSE,Wood Update,Complete,Orange Wood Vertical Planks,orange_wood_vertical_planks,Doku,,solid,orange_wood_vertical_planks,,,
TRUE,westeros_wood_planks_tab,FALSE,Wood Update,Complete,Orange Wood Vertical Planks Carpet,orange_wood_vertical_planks_carpet,Doku,,cuboid,orange_wood_vertical_planks,,,
TRUE,westeros_wood_planks_tab,FALSE,Wood Update,Complete,Orange Wood Vertical Planks Fence,orange_wood_vertical_planks_fence,Doku,,fence,orange_wood_vertical_planks,,,
TRUE,westeros_wood_planks_tab,FALSE,Wood Update,Complete,Orange Wood Vertical Planks Hopper,orange_wood_vertical_planks_hopper,Doku,,cuboid,orange_wood_vertical_planks,,,
TRUE,westeros_wood_planks_tab,FALSE,Wood Update,Complete,Orange Wood Vertical Planks Slab,orange_wood_vertical_planks_slab,Doku,,slab,orange_wood_vertical_planks,,,
TRUE,westeros_wood_planks_tab,FALSE,Wood Update,Complete,Orange Wood Vertical Planks Stairs,orange_wood_vertical_planks_stairs,Doku,,stair,orange_wood_vertical_planks,,,
TRUE,westeros_wood_planks_tab,FALSE,Wood Update,Complete,Orange Wood Vertical Planks Tip,orange_wood_vertical_planks_tip,Doku,,cuboid,orange_wood_vertical_planks,,,
TRUE,westeros_wood_planks_tab,FALSE,Wood Update,Complete,Orange Wood Vertical Planks Wall,orange_wood_vertical_planks_wall,Doku,,wall,orange_wood_vertical_planks,,,
TRUE,westeros_wood_planks_tab,FALSE,Wood Update,Complete,Orange Wood Wall,orange_wood_wall,Doku,,wall,orange_wood,,,
TRUE,westeros_cloth_fibers_tab,FALSE,,,Orange Wool,orange_wool,Doku,,solid,orange_wool,,,
FALSE,westeros_banners_tab,FALSE,,,Orange Wool Banner,orange_wool_banner,WesterosBlocks,,cuboid-nsew-stack,,,,
TRUE,westeros_cloth_fibers_tab,FALSE,,,Orange Wool Carpet,orange_wool_carpet,Doku,,cuboid,orange_wool,,,
TRUE,westeros_cloth_fibers_tab,FALSE,,,Orange Wool Fence,orange_wool_fence,Doku,,fence,orange_wool,,,
TRUE,westeros_cloth_fibers_tab,FALSE,,,Orange Wool Slab,orange_wool_slab,Doku,,slab,orange_wool,,,
TRUE,westeros_cloth_fibers_tab,FALSE,,,Orange Wool Stairs,orange_wool_stairs,Doku,,stair,orange_wool,,,
TRUE,westeros_cloth_fibers_tab,FALSE,,,Orange Wool Tip,orange_wool_tip,Doku,,cuboid,orange_wool,,,
TRUE,westeros_cloth_fibers_tab,FALSE,,,Orange Wool Wall,orange_wool_wall,Doku,,wall,orange_wool,,,
FALSE,westeros_panelling_carvings_tab,FALSE,,,Ornate Marble,ornate_marble,,,solid,,,,
FALSE,westeros_panelling_carvings_tab,FALSE,,,Ornate Sandstone,ornate_sandstone,,,solid,,,,
TRUE,westeros_metal_tab,FALSE,,,Oxidized Bronze,oxidized_bronze_block,,,solid,oxidized_bronze,,,
TRUE,westeros_metal_tab,FALSE,,,Oxidized Bronze Fence,oxidized_bronze_fence,,,fence,oxidized_bronze,,,
TRUE,westeros_metal_tab,FALSE,,,Oxidized Bronze Hopper,oxidized_bronze_hopper,,,cuboid,oxidized_bronze,,,
TRUE,westeros_metal_tab,FALSE,,,Oxidized Bronze Slab,oxidized_bronze_slab,,,slab,oxidized_bronze,,,
TRUE,westeros_metal_tab,FALSE,,,Oxidized Bronze Stairs,oxidized_bronze_stairs,,,stair,oxidized_bronze,,,
TRUE,westeros_metal_tab,FALSE,,,Oxidized Bronze Tip,oxidized_bronze_tip,,,cuboid,oxidized_bronze,,,
TRUE,westeros_metal_tab,FALSE,,,Oxidized Bronze Wall,oxidized_bronze_wall,,,wall,oxidized_bronze,,,
FALSE,westeros_metal_tab,FALSE,,,Oxidized Iron Bars,oxidized_iron_bars,,,pane,,,,
TRUE,westeros_metal_tab,FALSE,,,Oxidized Iron,oxidized_iron_block,,,solid,oxidized_iron,,,
FALSE,westeros_metal_tab,FALSE,,,Oxidized Iron Crossbar,oxidized_iron_crossbar,,,pane,,,,
TRUE,westeros_metal_tab,FALSE,,,Oxidized Iron Fence,oxidized_iron_fence,,,fence,oxidized_iron,,,
TRUE,westeros_metal_tab,FALSE,,,Oxidized Iron Hopper,oxidized_iron_hopper,,,cuboid,oxidized_iron,,,
TRUE,westeros_metal_tab,FALSE,,,Oxidized Iron Slab,oxidized_iron_slab,,,slab,oxidized_iron,,,
TRUE,westeros_metal_tab,FALSE,,,Oxidized Iron Stairs,oxidized_iron_stairs,,,stair,oxidized_iron,,,
TRUE,westeros_metal_tab,FALSE,,,Oxidized Iron Tip,oxidized_iron_tip,,,cuboid,oxidized_iron,,,
TRUE,westeros_metal_tab,FALSE,,,Oxidized Iron Wall,oxidized_iron_wall,,,wall,oxidized_iron,,,
TRUE,westeros_metal_tab,FALSE,,,Oxidized Steel,oxidized_steel_block,,,solid,oxidized_steel,,,
TRUE,westeros_metal_tab,FALSE,,,Oxidized Steel Fence,oxidized_steel_fence,,,fence,oxidized_steel,,,
TRUE,westeros_metal_tab,FALSE,,,Oxidized Steel Hopper,oxidized_steel_hopper,,,cuboid,oxidized_steel,,,
TRUE,westeros_metal_tab,FALSE,,,Oxidized Steel Slab,oxidized_steel_slab,,,slab,oxidized_steel,,,
TRUE,westeros_metal_tab,FALSE,,,Oxidized Steel Stairs,oxidized_steel_stairs,,,stair,oxidized_steel,,,
TRUE,westeros_metal_tab,FALSE,,,Oxidized Steel Tip,oxidized_steel_tip,,,cuboid,oxidized_steel,,,
TRUE,westeros_metal_tab,FALSE,,,Oxidized Steel Wall,oxidized_steel_wall,,,wall,oxidized_steel,,,
FALSE,westeros_water_air_tab,FALSE,Ice & Snow Update,In Progress,Packed Snow,packed_snow,,,rail,,,,
FALSE,westeros_furniture_tab,FALSE,,,Pale Green Bed,pale_green_bed,,,bed,,,,
TRUE,westeros_fieldstone_tab,FALSE,,,Fieldstone Light Pale Pink,pale_pink_faint_light_brick,Doku,,solid,pale_pink_faint_light_brick,,,
TRUE,westeros_fieldstone_tab,FALSE,,,Fieldstone Light Pale Pink Arrow_slit,pale_pink_faint_light_brick_arrow_slit,Doku,,solid,pale_pink_faint_light_brick,,,
TRUE,westeros_fieldstone_tab,FALSE,,,Fieldstone Light Pale Pink Arrow_slit_ornate,pale_pink_faint_light_brick_arrow_slit_ornate,Doku,,solid,pale_pink_faint_light_brick,,,
TRUE,westeros_fieldstone_tab,FALSE,,,Fieldstone Light Pale Pink Arrow_slit_window,pale_pink_faint_light_brick_arrow_slit_window,Doku,,solid,pale_pink_faint_light_brick,,,
TRUE,westeros_fieldstone_tab,FALSE,,,Fieldstone Light Pale Pink Fence,pale_pink_faint_light_brick_fence,Doku,,fence,pale_pink_faint_light_brick,,,
TRUE,westeros_fieldstone_tab,FALSE,,,Fieldstone Light Pale Pink Hopper,pale_pink_faint_light_brick_hopper,Doku,,cuboid,pale_pink_faint_light_brick,,,
TRUE,westeros_fieldstone_tab,FALSE,,,Fieldstone Light Pale Pink Slab,pale_pink_faint_light_brick_slab,Doku,,slab,pale_pink_faint_light_brick,,,
TRUE,westeros_fieldstone_tab,FALSE,,,Fieldstone Light Pale Pink Stairs,pale_pink_faint_light_brick_stairs,Doku,,stair,pale_pink_faint_light_brick,,,
TRUE,westeros_fieldstone_tab,FALSE,,,Fieldstone Light Pale Pink Tip,pale_pink_faint_light_brick_tip,Doku,,cuboid,pale_pink_faint_light_brick,,,
TRUE,westeros_fieldstone_tab,FALSE,,,Fieldstone Light Pale Pink Wall,pale_pink_faint_light_brick_wall,Doku,,wall,pale_pink_faint_light_brick,,,
TRUE,westeros_fieldstone_tab,FALSE,,,Fieldstone Pale Pink,pale_pink_light_brick,Doku,,solid,pale_pink_light_brick,,,
TRUE,westeros_fieldstone_tab,FALSE,,,Fieldstone Pale Pink Arrow_slit,pale_pink_light_brick_arrow_slit,Doku,,solid,pale_pink_light_brick,,,
TRUE,westeros_fieldstone_tab,FALSE,,,Fieldstone Pale Pink Arrow_slit_ornate,pale_pink_light_brick_arrow_slit_ornate,Doku,,solid,pale_pink_light_brick,,,
TRUE,westeros_fieldstone_tab,FALSE,,,Fieldstone Pale Pink Arrow_slit_window,pale_pink_light_brick_arrow_slit_window,Doku,,solid,pale_pink_light_brick,,,
TRUE,westeros_fieldstone_tab,FALSE,,,Fieldstone Pale Pink Fence,pale_pink_light_brick_fence,Doku,,fence,pale_pink_light_brick,,,
TRUE,westeros_fieldstone_tab,FALSE,,,Fieldstone Pale Pink Hopper,pale_pink_light_brick_hopper,Doku,,cuboid,pale_pink_light_brick,,,
TRUE,westeros_fieldstone_tab,FALSE,,,Fieldstone Pale Pink Slab,pale_pink_light_brick_slab,Doku,,slab,pale_pink_light_brick,,,
TRUE,westeros_fieldstone_tab,FALSE,,,Fieldstone Pale Pink Stairs,pale_pink_light_brick_stairs,Doku,,stair,pale_pink_light_brick,,,
TRUE,westeros_fieldstone_tab,FALSE,,,Fieldstone Pale Pink Tip,pale_pink_light_brick_tip,Doku,,cuboid,pale_pink_light_brick,,,
TRUE,westeros_fieldstone_tab,FALSE,,,Fieldstone Pale Pink Wall,pale_pink_light_brick_wall,Doku,,wall,pale_pink_light_brick,,,
TRUE,westeros_smooth_ashlar_tab,FALSE,,,Smooth Ashlar Pale Pink,pale_pink_light_stone,,,solid,pale_pink_light_stone,,,
TRUE,westeros_smooth_ashlar_tab,FALSE,,,Smooth Ashlar Pale Pink Arrow_slit,pale_pink_light_stone_arrow_slit,,,solid,pale_pink_light_stone,,,
TRUE,westeros_smooth_ashlar_tab,FALSE,,,Smooth Ashlar Pale Pink Arrow_slit_ornate,pale_pink_light_stone_arrow_slit_ornate,,,solid,pale_pink_light_stone,,,
TRUE,westeros_smooth_ashlar_tab,FALSE,,,Smooth Ashlar Pale Pink Arrow_slit_window,pale_pink_light_stone_arrow_slit_window,,,solid,pale_pink_light_stone,,,
TRUE,westeros_smooth_ashlar_tab,FALSE,,,Smooth Ashlar Pale Pink Fence,pale_pink_light_stone_fence,,,fence,pale_pink_light_stone,,,
TRUE,westeros_smooth_ashlar_tab,FALSE,,,Smooth Ashlar Pale Pink Hopper,pale_pink_light_stone_hopper,,,cuboid,pale_pink_light_stone,,,
TRUE,westeros_smooth_ashlar_tab,FALSE,,,Smooth Ashlar Pale Pink Slab,pale_pink_light_stone_slab,,,slab,pale_pink_light_stone,,,
TRUE,westeros_smooth_ashlar_tab,FALSE,,,Smooth Ashlar Pale Pink Stairs,pale_pink_light_stone_stairs,,,stair,pale_pink_light_stone,,,
TRUE,westeros_smooth_ashlar_tab,FALSE,,,Smooth Ashlar Pale Pink Tip,pale_pink_light_stone_tip,,,cuboid,pale_pink_light_stone,,,
TRUE,westeros_smooth_ashlar_tab,FALSE,,,Smooth Ashlar Pale Pink Wall,pale_pink_light_stone_wall,,,wall,pale_pink_light_stone,,,
TRUE,westeros_marble_plaster_tab,FALSE,,,Pale Pink Plaster Smooth,pale_pink_plaster,,,solid,pale_pink_plaster,,,
TRUE,westeros_marble_plaster_tab,FALSE,,,Pale Pink Plaster Smooth Fence,pale_pink_plaster_fence,,,fence,pale_pink_plaster,,,
TRUE,westeros_marble_plaster_tab,FALSE,,,Pale Pink Plaster Smooth Hopper,pale_pink_plaster_hopper,,,cuboid,pale_pink_plaster,,,
TRUE,westeros_marble_plaster_tab,FALSE,,,Pale Pink Plaster Rough,pale_pink_plaster_rough,,,solid,pale_pink_plaster_rough,,,
TRUE,westeros_marble_plaster_tab,FALSE,,,Pale Pink Plaster Rough Fence,pale_pink_plaster_rough_fence,,,fence,pale_pink_plaster_rough,,,
TRUE,westeros_marble_plaster_tab,FALSE,,,Pale Pink Plaster Rough Hopper,pale_pink_plaster_rough_hopper,,,cuboid,pale_pink_plaster_rough,,,
TRUE,westeros_marble_plaster_tab,FALSE,,,Pale Pink Plaster Rough Slab,pale_pink_plaster_rough_slab,,,slab,pale_pink_plaster_rough,,,
TRUE,westeros_marble_plaster_tab,FALSE,,,Pale Pink Plaster Rough Stairs,pale_pink_plaster_rough_stairs,,,stair,pale_pink_plaster_rough,,,
TRUE,westeros_marble_plaster_tab,FALSE,,,Pale Pink Plaster Rough Tip,pale_pink_plaster_rough_tip,,,cuboid,pale_pink_plaster_rough,,,
TRUE,westeros_marble_plaster_tab,FALSE,,,Pale Pink Plaster Rough Wall,pale_pink_plaster_rough_wall,,,wall,pale_pink_plaster_rough,,,
TRUE,westeros_marble_plaster_tab,FALSE,,,Pale Pink Plaster Smooth Slab,pale_pink_plaster_slab,,,slab,pale_pink_plaster,,,
TRUE,westeros_marble_plaster_tab,FALSE,,,Pale Pink Plaster Smooth Stairs,pale_pink_plaster_stairs,,,stair,pale_pink_plaster,,,
TRUE,westeros_marble_plaster_tab,FALSE,,,Pale Pink Plaster Smooth Tip,pale_pink_plaster_tip,,,cuboid,pale_pink_plaster,,,
TRUE,westeros_marble_plaster_tab,FALSE,,,Pale Pink Plaster Smooth Wall,pale_pink_plaster_wall,,,wall,pale_pink_plaster,,,
TRUE,westeros_marble_plaster_tab,FALSE,,,Pale Purple Plaster Smooth,pale_purple_plaster,,,solid,pale_purple_plaster,,,
TRUE,westeros_marble_plaster_tab,FALSE,,,Pale Purple Plaster Smooth Fence,pale_purple_plaster_fence,,,fence,pale_purple_plaster,,,
TRUE,westeros_marble_plaster_tab,FALSE,,,Pale Purple Plaster Smooth Hopper,pale_purple_plaster_hopper,,,cuboid,pale_purple_plaster,,,
TRUE,westeros_marble_plaster_tab,FALSE,,,Pale Purple Plaster Rough,pale_purple_plaster_rough,,,solid,pale_purple_plaster_rough,,,
TRUE,westeros_marble_plaster_tab,FALSE,,,Pale Purple Plaster Rough Fence,pale_purple_plaster_rough_fence,,,fence,pale_purple_plaster_rough,,,
TRUE,westeros_marble_plaster_tab,FALSE,,,Pale Purple Plaster Rough Hopper,pale_purple_plaster_rough_hopper,,,cuboid,pale_purple_plaster_rough,,,
TRUE,westeros_marble_plaster_tab,FALSE,,,Pale Purple Plaster Rough Slab,pale_purple_plaster_rough_slab,,,slab,pale_purple_plaster_rough,,,
TRUE,westeros_marble_plaster_tab,FALSE,,,Pale Purple Plaster Rough Stairs,pale_purple_plaster_rough_stairs,,,stair,pale_purple_plaster_rough,,,
TRUE,westeros_marble_plaster_tab,FALSE,,,Pale Purple Plaster Rough Tip,pale_purple_plaster_rough_tip,,,cuboid,pale_purple_plaster_rough,,,
TRUE,westeros_marble_plaster_tab,FALSE,,,Pale Purple Plaster Rough Wall,pale_purple_plaster_rough_wall,,,wall,pale_purple_plaster_rough,,,
TRUE,westeros_marble_plaster_tab,FALSE,,,Pale Purple Plaster Smooth Slab,pale_purple_plaster_slab,,,slab,pale_purple_plaster,,,
TRUE,westeros_marble_plaster_tab,FALSE,,,Pale Purple Plaster Smooth Stairs,pale_purple_plaster_stairs,,,stair,pale_purple_plaster,,,
TRUE,westeros_marble_plaster_tab,FALSE,,,Pale Purple Plaster Smooth Tip,pale_purple_plaster_tip,,,cuboid,pale_purple_plaster,,,
TRUE,westeros_marble_plaster_tab,FALSE,,,Pale Purple Plaster Smooth Wall,pale_purple_plaster_wall,,,wall,pale_purple_plaster,,,
FALSE,westeros_furniture_tab,FALSE,,,Pale Red Bed,pale_red_bed,,,bed,,,,
TRUE,westeros_marble_plaster_tab,FALSE,,,Pale White Plaster Smooth,pale_white_plaster,,,solid,pale_white_plaster,,,
TRUE,westeros_marble_plaster_tab,FALSE,,,Pale White Plaster Smooth Fence,pale_white_plaster_fence,,,fence,pale_white_plaster,,,
TRUE,westeros_marble_plaster_tab,FALSE,,,Pale White Plaster Smooth Hopper,pale_white_plaster_hopper,,,cuboid,pale_white_plaster,,,
TRUE,westeros_marble_plaster_tab,FALSE,,,Pale White Plaster Rough,pale_white_plaster_rough,,,solid,pale_white_plaster_rough,,,
TRUE,westeros_marble_plaster_tab,FALSE,,,Pale White Plaster Rough Fence,pale_white_plaster_rough_fence,,,fence,pale_white_plaster_rough,,,
TRUE,westeros_marble_plaster_tab,FALSE,,,Pale White Plaster Rough Hopper,pale_white_plaster_rough_hopper,,,cuboid,pale_white_plaster_rough,,,
TRUE,westeros_marble_plaster_tab,FALSE,,,Pale White Plaster Rough Slab,pale_white_plaster_rough_slab,,,slab,pale_white_plaster_rough,,,
TRUE,westeros_marble_plaster_tab,FALSE,,,Pale White Plaster Rough Stairs,pale_white_plaster_rough_stairs,,,stair,pale_white_plaster_rough,,,
TRUE,westeros_marble_plaster_tab,FALSE,,,Pale White Plaster Rough Tip,pale_white_plaster_rough_tip,,,cuboid,pale_white_plaster_rough,,,
TRUE,westeros_marble_plaster_tab,FALSE,,,Pale White Plaster Rough Wall,pale_white_plaster_rough_wall,,,wall,pale_white_plaster_rough,,,
TRUE,westeros_marble_plaster_tab,FALSE,,,Pale White Plaster Smooth Slab,pale_white_plaster_slab,,,slab,pale_white_plaster,,,
TRUE,westeros_marble_plaster_tab,FALSE,,,Pale White Plaster Smooth Stairs,pale_white_plaster_stairs,,,stair,pale_white_plaster,,,
TRUE,westeros_marble_plaster_tab,FALSE,,,Pale White Plaster Smooth Tip,pale_white_plaster_tip,,,cuboid,pale_white_plaster,,,
TRUE,westeros_marble_plaster_tab,FALSE,,,Pale White Plaster Smooth Wall,pale_white_plaster_wall,,,wall,pale_white_plaster,,,
TRUE,westeros_marble_plaster_tab,FALSE,,,Pale Yellow Plaster Smooth,pale_yellow_plaster,,,solid,pale_yellow_plaster,,,
TRUE,westeros_marble_plaster_tab,FALSE,,,Pale Yellow Plaster Smooth Fence,pale_yellow_plaster_fence,,,fence,pale_yellow_plaster,,,
TRUE,westeros_marble_plaster_tab,FALSE,,,Pale Yellow Plaster Smooth Hopper,pale_yellow_plaster_hopper,,,cuboid,pale_yellow_plaster,,,
TRUE,westeros_marble_plaster_tab,FALSE,,,Pale Yellow Plaster Rough,pale_yellow_plaster_rough,,,solid,pale_yellow_plaster_rough,,,
TRUE,westeros_marble_plaster_tab,FALSE,,,Pale Yellow Plaster Rough Fence,pale_yellow_plaster_rough_fence,,,fence,pale_yellow_plaster_rough,,,
TRUE,westeros_marble_plaster_tab,FALSE,,,Pale Yellow Plaster Rough Hopper,pale_yellow_plaster_rough_hopper,,,cuboid,pale_yellow_plaster_rough,,,
TRUE,westeros_marble_plaster_tab,FALSE,,,Pale Yellow Plaster Rough Slab,pale_yellow_plaster_rough_slab,,,slab,pale_yellow_plaster_rough,,,
TRUE,westeros_marble_plaster_tab,FALSE,,,Pale Yellow Plaster Rough Stairs,pale_yellow_plaster_rough_stairs,,,stair,pale_yellow_plaster_rough,,,
TRUE,westeros_marble_plaster_tab,FALSE,,,Pale Yellow Plaster Rough Tip,pale_yellow_plaster_rough_tip,,,cuboid,pale_yellow_plaster_rough,,,
TRUE,westeros_marble_plaster_tab,FALSE,,,Pale Yellow Plaster Rough Wall,pale_yellow_plaster_rough_wall,,,wall,pale_yellow_plaster_rough,,,
TRUE,westeros_marble_plaster_tab,FALSE,,,Pale Yellow Plaster Smooth Slab,pale_yellow_plaster_slab,,,slab,pale_yellow_plaster,,,
TRUE,westeros_marble_plaster_tab,FALSE,,,Pale Yellow Plaster Smooth Stairs,pale_yellow_plaster_stairs,,,stair,pale_yellow_plaster,,,
TRUE,westeros_marble_plaster_tab,FALSE,,,Pale Yellow Plaster Smooth Tip,pale_yellow_plaster_tip,,,cuboid,pale_yellow_plaster,,,
TRUE,westeros_marble_plaster_tab,FALSE,,,Pale Yellow Plaster Smooth Wall,pale_yellow_plaster_wall,,,wall,pale_yellow_plaster,,,
FALSE,westeros_logs_tab,FALSE,Wood Update,Ready For Work,Palm Fence,palm_fence,,,fence,,,,
FALSE,westeros_foliage_tab,FALSE,,,Palm Leaves,palm_leaves,,,leaves,,,,
FALSE,westeros_logs_tab,FALSE,Wood Update,Ready For Work,Palm Tree Log,palm_tree_log,,,log,,,,
FALSE,westeros_wood_planks_tab,FALSE,,,Parquet Floor,parquet_floor,,,solid,,,,
TRUE,westeros_grass_dirt_tab,FALSE,Dirt/Path Update,In Progress,Dirt Path,path_dirt,,,cuboid,dirt,,,
TRUE,westeros_grass_dirt_tab,FALSE,Dirt/Path Update,In Progress,Dorne Dry Soil Path,path_dorne_dry_soil,,,cuboid,dorne_dry_soil,,,
TRUE,westeros_grass_dirt_tab,FALSE,Dirt/Path Update,In Progress,Dorne Dusty Dirt Path,path_dorne_dusty_dirt,,,cuboid,dorne_dusty_dirt,,,
TRUE,westeros_grass_dirt_tab,FALSE,Dirt/Path Update,In Progress,Gravel Path,path_gravel,,,cuboid,gravel,,,
TRUE,westeros_grass_dirt_tab,FALSE,Dirt/Path Update,In Progress,Reach Gravel Path,path_reach_gravel,,,cuboid,reach_gravel,,,
FALSE,westeros_banners_tab,FALSE,,,Payne Banner,payne_banner,WesterosBlocks,,cuboid-nsew-stack,,,,
FALSE,westeros_foliage_tab,FALSE,,,Peach Fruit Leaves,peach_fruit_leaves,,,leaves,,,,
FALSE,westeros_banners_tab,FALSE,,,Peake Banner,peake_banner,WesterosBlocks,,cuboid-nsew-stack,,,,
TRUE,westeros_grass_dirt_tab,FALSE,Dirt/Path Update,In Progress,Peat,peat,,,solid,peat,,,
TRUE,westeros_grass_dirt_tab,FALSE,Dirt/Path Update,In Progress,Peat Slab,peat_slab,,,slab,peat,,,
TRUE,westeros_sand_gravel_tab,FALSE,Dirt/Path Update,In Progress,Pebbles Dry Arbor Dorne,pebbles_dry_arbor_dorne,,,solid,pebbles_dry_arbor_dorne,,,
TRUE,westeros_sand_gravel_tab,FALSE,Dirt/Path Update,In Progress,Pebbles Dry Arbor Dorne Layer,pebbles_dry_arbor_dorne_layer,,,layer,pebbles_dry_arbor_dorne,,,
TRUE,westeros_sand_gravel_tab,FALSE,,,Pebbles Dry Brown Granite,pebbles_dry_brown_granite,,,solid,pebbles_dry_brown_granite,,,
TRUE,westeros_sand_gravel_tab,FALSE,,,Pebbles Dry Brown Granite Layer,pebbles_dry_brown_granite_layer,,,layer,pebbles_dry_brown_granite,,,
TRUE,westeros_sand_gravel_tab,FALSE,Dirt/Path Update,In Progress,Pebbles Dry Dornish Marches,pebbles_dry_dornish_marches,,,solid,pebbles_dry_dornish_marches,,,
TRUE,westeros_sand_gravel_tab,FALSE,Dirt/Path Update,In Progress,Pebbles Dry Dornish Marches Layer,pebbles_dry_dornish_marches_layer,,,layer,pebbles_dry_dornish_marches,,,
TRUE,westeros_sand_gravel_tab,FALSE,,,Pebbles Dry Eastern Islands,pebbles_dry_eastern_islands,,,solid,pebbles_dry_eastern_islands,,,
TRUE,westeros_sand_gravel_tab,FALSE,,,Pebbles Dry Eastern Islands Layer,pebbles_dry_eastern_islands_layer,,,layer,pebbles_dry_eastern_islands,,,
TRUE,westeros_sand_gravel_tab,FALSE,,,Pebbles Dry Iron Islands,pebbles_dry_iron_islands,,,solid,pebbles_dry_iron_islands,,,
TRUE,westeros_sand_gravel_tab,FALSE,,,Pebbles Dry Iron Islands Layer,pebbles_dry_iron_islands_layer,,,layer,pebbles_dry_iron_islands,,,
TRUE,westeros_sand_gravel_tab,FALSE,,,Pebbles Dry Mountains of the Moon,pebbles_dry_mountains_of_the_moon,,,solid,pebbles_dry_mountains_of_the_moon,,,
TRUE,westeros_sand_gravel_tab,FALSE,,,Pebbles Dry Mountains of the Moon Layer,pebbles_dry_mountains_of_the_moon_layer,,,layer,pebbles_dry_mountains_of_the_moon,,,
TRUE,westeros_sand_gravel_tab,FALSE,,,Pebbles Dry The North Layer,pebbles_dry_north_layer,,,layer,pebbles_dry_the_north,,,
TRUE,westeros_sand_gravel_tab,FALSE,,,Pebbles Dry Ocean Rocks Layer,pebbles_dry_ocean_layer,,,layer,pebbles_dry_ocean_rocks,,,
TRUE,westeros_sand_gravel_tab,FALSE,,,Pebbles Dry Ocean Rocks,pebbles_dry_ocean_rocks,,,solid,pebbles_dry_ocean_rocks,,,
TRUE,westeros_sand_gravel_tab,FALSE,,,Pebbles Dry Reach,pebbles_dry_reach,,,solid,pebbles_dry_reach,,,
TRUE,westeros_sand_gravel_tab,FALSE,,,Pebbles Dry Reach Layer,pebbles_dry_reach_layer,,,layer,pebbles_dry_reach,,,
TRUE,westeros_sand_gravel_tab,FALSE,,,Pebbles Dry Red Granite,pebbles_dry_red_granite,,,solid,pebbles_dry_red_granite,,,
TRUE,westeros_sand_gravel_tab,FALSE,,,Pebbles Dry Red Granite Layer,pebbles_dry_red_granite_layer,,,layer,pebbles_dry_red_granite,,,
TRUE,westeros_sand_gravel_tab,FALSE,,,Pebbles Dry Red Mountains,pebbles_dry_red_mountains,,,solid,pebbles_dry_red_mountains,,,
TRUE,westeros_sand_gravel_tab,FALSE,,,Pebbles Dry Red Mountains Layer,pebbles_dry_red_mountains_layer,,,layer,pebbles_dry_red_mountains,,,
TRUE,westeros_sand_gravel_tab,FALSE,,,Pebbles Dry River Rocks Layer,pebbles_dry_river_layer,,,layer,pebbles_dry_river_rocks,,,
TRUE,westeros_sand_gravel_tab,FALSE,,,Pebbles Dry River Rocks,pebbles_dry_river_rocks,,,solid,pebbles_dry_river_rocks,,,
TRUE,westeros_sand_gravel_tab,FALSE,Dirt/Path Update,In Progress,Pebbles Dry Stormlands,pebbles_dry_stormlands,,,solid,pebbles_dry_stormlands,,,
TRUE,westeros_sand_gravel_tab,FALSE,Dirt/Path Update,In Progress,Pebbles Dry Stormlands Layer,pebbles_dry_stormlands_layer,,,layer,pebbles_dry_stormlands,,,
TRUE,westeros_sand_gravel_tab,FALSE,,,Pebbles Dry The North,pebbles_dry_the_north,,,solid,pebbles_dry_the_north,,,
TRUE,westeros_sand_gravel_tab,FALSE,,,Pebbles Dry Volcanic,pebbles_dry_volcanic,,,solid,pebbles_dry_volcanic,,,
TRUE,westeros_sand_gravel_tab,FALSE,,,Pebbles Dry Volcanic Layer,pebbles_dry_volcanic_layer,,,layer,pebbles_dry_volcanic,,,
TRUE,westeros_sand_gravel_tab,FALSE,Dirt/Path Update,In Progress,Pebbles Dry Westerlands,pebbles_dry_westerlands,,,solid,pebbles_dry_westerlands,,,
TRUE,westeros_sand_gravel_tab,FALSE,,,Pebbles Dry Westerlands Layer,pebbles_dry_westerlands_layer,,,layer,pebbles_dry_westerlands,,,
TRUE,westeros_sand_gravel_tab,FALSE,Dirt/Path Update,In Progress,Pebbles Wet Arbor Dorne,pebbles_wet_arbor_dorne,,,solid,pebbles_wet_arbor_dorne,,,
TRUE,westeros_sand_gravel_tab,FALSE,Dirt/Path Update,In Progress,Pebbles Wet Arbor Dorne Layer,pebbles_wet_arbor_dorne_layer,,,layer,pebbles_wet_arbor_dorne,,,
TRUE,westeros_sand_gravel_tab,FALSE,,,Pebbles Wet Brown Granite,pebbles_wet_brown_granite,,,solid,pebbles_wet_brown_granite,,,
TRUE,westeros_sand_gravel_tab,FALSE,,,Pebbles Wet Brown Granite Layer,pebbles_wet_brown_granite_layer,,,layer,pebbles_wet_brown_granite,,,
TRUE,westeros_sand_gravel_tab,FALSE,,,Pebbles Wet Dornish Marches,pebbles_wet_dornish_marches,,,solid,pebbles_wet_dornish_marches,,,
TRUE,westeros_sand_gravel_tab,FALSE,,,Pebbles Wet Dornish Marches Layer,pebbles_wet_dornish_marches_layer,,,layer,pebbles_wet_dornish_marches,,,
TRUE,westeros_sand_gravel_tab,FALSE,,,Pebbles Wet Eastern Islands,pebbles_wet_eastern_islands,,,solid,pebbles_wet_eastern_islands,,,
TRUE,westeros_sand_gravel_tab,FALSE,,,Pebbles Wet Eastern Islands Layer,pebbles_wet_eastern_islands_layer,,,layer,pebbles_wet_eastern_islands,,,
TRUE,westeros_sand_gravel_tab,FALSE,,,Pebbles Wet Iron Islands,pebbles_wet_iron_islands,,,solid,pebbles_wet_iron_islands,,,
TRUE,westeros_sand_gravel_tab,FALSE,,,Pebbles Wet Iron Islands Layer,pebbles_wet_iron_islands_layer,,,layer,pebbles_wet_iron_islands,,,
TRUE,westeros_sand_gravel_tab,FALSE,,,Pebbles Wet Mountains of the Moon,pebbles_wet_mountains_of_the_moon,,,solid,pebbles_wet_mountains_of_the_moon,,,
TRUE,westeros_sand_gravel_tab,FALSE,,,Pebbles Wet Mountains of the Moon Layer,pebbles_wet_mountains_of_the_moon_layer,,,layer,pebbles_wet_mountains_of_the_moon,,,
TRUE,westeros_sand_gravel_tab,FALSE,,,Pebbles Wet The North Layer,pebbles_wet_north_layer,,,layer,pebbles_wet_the_north,,,
TRUE,westeros_sand_gravel_tab,FALSE,,,Pebbles Wet Ocean Rocks Layer,pebbles_wet_ocean_layer,,,layer,pebbles_wet_ocean_rocks,,,
TRUE,westeros_sand_gravel_tab,FALSE,,,Pebbles Wet Ocean Rocks,pebbles_wet_ocean_rocks,,,solid,pebbles_wet_ocean_rocks,,,
TRUE,westeros_sand_gravel_tab,FALSE,,,Pebbles Wet Reach,pebbles_wet_reach,,,solid,pebbles_wet_reach,,,
TRUE,westeros_sand_gravel_tab,FALSE,,,Pebbles Wet Reach Layer,pebbles_wet_reach_layer,,,layer,pebbles_wet_reach,,,
TRUE,westeros_sand_gravel_tab,FALSE,,,Pebbles Wet Red Granite,pebbles_wet_red_granite,,,solid,pebbles_wet_red_granite,,,
TRUE,westeros_sand_gravel_tab,FALSE,,,Pebbles Wet Red Granite Layer,pebbles_wet_red_granite_layer,,,layer,pebbles_wet_red_granite,,,
TRUE,westeros_sand_gravel_tab,FALSE,,,Pebbles Wet Red Mountains,pebbles_wet_red_mountains,,,solid,pebbles_wet_red_mountains,,,
TRUE,westeros_sand_gravel_tab,FALSE,,,Pebbles Wet Red Mountains Layer,pebbles_wet_red_mountains_layer,,,layer,pebbles_wet_red_mountains,,,
TRUE,westeros_sand_gravel_tab,FALSE,,,Pebbles Wet River Rocks Layer,pebbles_wet_river_layer,,,layer,pebbles_wet_river_rocks,,,
TRUE,westeros_sand_gravel_tab,FALSE,,,Pebbles Wet River Rocks,pebbles_wet_river_rocks,,,solid,pebbles_wet_river_rocks,,,
TRUE,westeros_sand_gravel_tab,FALSE,Dirt/Path Update,In Progress,Pebbles Wet Stormlands,pebbles_wet_stormlands,,,solid,pebbles_wet_stormlands,,,
TRUE,westeros_sand_gravel_tab,FALSE,Dirt/Path Update,In Progress,Pebbles Wet Stormlands Layer,pebbles_wet_stormlands_layer,,,layer,pebbles_wet_stormlands,,,
TRUE,westeros_sand_gravel_tab,FALSE,,,Pebbles Wet The North,pebbles_wet_the_north,,,solid,pebbles_wet_the_north,,,
TRUE,westeros_sand_gravel_tab,FALSE,,,Pebbles Wet Volcanic,pebbles_wet_volcanic,,,solid,pebbles_wet_volcanic,,,
TRUE,westeros_sand_gravel_tab,FALSE,,,Pebbles Wet Volcanic Layer,pebbles_wet_volcanic_layer,,,layer,pebbles_wet_volcanic,,,
TRUE,westeros_sand_gravel_tab,FALSE,Dirt/Path Update,In Progress,Pebbles Wet Westerlands,pebbles_wet_westerlands,,,solid,pebbles_wet_westerlands,,,
TRUE,westeros_sand_gravel_tab,FALSE,Dirt/Path Update,In Progress,Pebbles Wet Westerlands Layer,pebbles_wet_westerlands_layer,,,layer,pebbles_wet_westerlands,,,
FALSE,westeros_banners_tab,FALSE,,,Penrose Banner,penrose_banner,WesterosBlocks,,cuboid-nsew-stack,,,,
FALSE,westeros_decor_tab,FALSE,,,Pewter Flagon,pewter_flagon,,,cuboid,,,,
FALSE,westeros_decor_tab,FALSE,,,Pewter Plate,pewter_plate,,,cuboid,,,,
FALSE,westeros_tool_blocks_tab,FALSE,1.21.1 Update,,Pickaxe Block,pickaxe_block,,,cuboid-nsew,,,,
FALSE,westeros_misc_tab,FALSE,,,Piled Bones,piled_bones,,,solid,,,,
FALSE,westeros_misc_tab,FALSE,,,Piled Bones Slab,piled_bones_slab,,,slab,,,,
FALSE,westeros_misc_tab,FALSE,,,Piled Bones Stairs,piled_bones_stairs,,,stair,,,,
FALSE,westeros_misc_tab,FALSE,,,Piled Bones Wall,piled_bones_wall,,,wall,,,,
TRUE,westeros_grass_dirt_tab,FALSE,Dirt/Path Update,In Progress,Pine Needles,pine_needles,,,solid,pine_needles,,,
TRUE,westeros_grass_dirt_tab,FALSE,Dirt/Path Update,In Progress,Pine Needles Slab,pine_needles_slab,,,slab,pine_needles,,,
FALSE,westeros_flowers_tab,FALSE,,,Pink Allium,pink_allium,,,plant,,,,
FALSE,westeros_banners_tab,FALSE,,,Embroidered Pink Banner,pink_banner,WesterosBlocks,,cuboid-nsew-stack,,,,
TRUE,westeros_marble_plaster_tab,FALSE,,,Pink Plaster Smooth,pink_plaster,,,solid,pink_plaster,,,
TRUE,westeros_marble_plaster_tab,FALSE,,,Pink Plaster Smooth Fence,pink_plaster_fence,,,fence,pink_plaster,,,
TRUE,westeros_marble_plaster_tab,FALSE,,,Pink Plaster Smooth Hopper,pink_plaster_hopper,,,cuboid,pink_plaster,,,
TRUE,westeros_marble_plaster_tab,FALSE,,,Pink Plaster Rough,pink_plaster_rough,,,solid,pink_plaster_rough,,,
TRUE,westeros_marble_plaster_tab,FALSE,,,Pink Plaster Rough Fence,pink_plaster_rough_fence,,,fence,pink_plaster_rough,,,
TRUE,westeros_marble_plaster_tab,FALSE,,,Pink Plaster Rough Hopper,pink_plaster_rough_hopper,,,cuboid,pink_plaster_rough,,,
TRUE,westeros_marble_plaster_tab,FALSE,,,Pink Plaster Rough Slab,pink_plaster_rough_slab,,,slab,pink_plaster_rough,,,
TRUE,westeros_marble_plaster_tab,FALSE,,,Pink Plaster Rough Stairs,pink_plaster_rough_stairs,,,stair,pink_plaster_rough,,,
TRUE,westeros_marble_plaster_tab,FALSE,,,Pink Plaster Rough Tip,pink_plaster_rough_tip,,,cuboid,pink_plaster_rough,,,
TRUE,westeros_marble_plaster_tab,FALSE,,,Pink Plaster Rough Wall,pink_plaster_rough_wall,,,wall,pink_plaster_rough,,,
TRUE,westeros_marble_plaster_tab,FALSE,,,Pink Plaster Smooth Slab,pink_plaster_slab,,,slab,pink_plaster,,,
TRUE,westeros_marble_plaster_tab,FALSE,,,Pink Plaster Smooth Stairs,pink_plaster_stairs,,,stair,pink_plaster,,,
TRUE,westeros_marble_plaster_tab,FALSE,,,Pink Plaster Smooth Tip,pink_plaster_tip,,,cuboid,pink_plaster,,,
TRUE,westeros_marble_plaster_tab,FALSE,,,Pink Plaster Smooth Wall,pink_plaster_wall,,,wall,pink_plaster,,,
FALSE,westeros_flowers_tab,FALSE,,,Pink Primrose,pink_primrose,,,plant,,,,
FALSE,westeros_foliage_tab,FALSE,,,Pink Rose Bush,pink_rose_bush,,,leaves,,,,
FALSE,westeros_flowers_tab,FALSE,,,Pink Roses,pink_roses,,,plant,,,,
TRUE,westeros_medium_ashlar_tab,FALSE,,,Medium Ashlar Sandy Pink,pink_sandstone,,,solid,pink_sandstone,,,
TRUE,westeros_medium_ashlar_tab,FALSE,,,Medium Ashlar Sandy Pink Arrow_slit,pink_sandstone_arrow_slit,,,solid,pink_sandstone,,,
TRUE,westeros_medium_ashlar_tab,FALSE,,,Medium Ashlar Sandy Pink Arrow_slit_ornate,pink_sandstone_arrow_slit_ornate,,,solid,pink_sandstone,,,
TRUE,westeros_medium_ashlar_tab,FALSE,,,Medium Ashlar Sandy Pink Arrow_slit_window,pink_sandstone_arrow_slit_window,,,solid,pink_sandstone,,,
FALSE,westeros_panelling_carvings_tab,FALSE,,,Ashlar Engraved Sandy Pink,pink_sandstone_engraved,,,solid,,,,
FALSE,westeros_panelling_carvings_tab,FALSE,,,Ashlar Engraved Sandy Pink Wall,pink_sandstone_engraved_wall,,,wall,,,,
TRUE,westeros_medium_ashlar_tab,FALSE,,,Medium Ashlar Sandy Pink Fence,pink_sandstone_fence,,,fence,pink_sandstone,,,
TRUE,westeros_medium_ashlar_tab,FALSE,,,Medium Ashlar Sandy Pink Hopper,pink_sandstone_hopper,,,cuboid,pink_sandstone,,,
TRUE,westeros_polished_stone_tab,FALSE,,,Polished Stone Sandy Pink,pink_sandstone_polished,Doku,,solid,pink_sandstone_polished,,,
TRUE,westeros_polished_stone_tab,FALSE,,,Polished Stone Sandy Pink Slab,pink_sandstone_polished_slab,Doku,,slab,pink_sandstone_polished,,,
TRUE,westeros_polished_stone_tab,FALSE,,,Polished Stone Sandy Pink Stairs,pink_sandstone_polished_stairs,Doku,,stair,pink_sandstone_polished,,,
TRUE,westeros_polished_stone_tab,FALSE,,,Polished Stone Sandy Pink Wall,pink_sandstone_polished_wall,Doku,,wall,pink_sandstone_polished,,,
TRUE,westeros_medium_ashlar_tab,FALSE,,,Medium Ashlar Sandy Pink Slab,pink_sandstone_slab,,,slab,pink_sandstone,,,
TRUE,westeros_medium_ashlar_tab,FALSE,,,Medium Ashlar Sandy Pink Stairs,pink_sandstone_stairs,,,stair,pink_sandstone,,,
TRUE,westeros_medium_ashlar_tab,FALSE,,,Medium Ashlar Sandy Pink Tip,pink_sandstone_tip,,,cuboid,pink_sandstone,,,
TRUE,westeros_medium_ashlar_tab,FALSE,,,Medium Ashlar Sandy Pink Wall,pink_sandstone_wall,,,wall,pink_sandstone,,,
FALSE,westeros_flowers_tab,FALSE,,,Pink Sweet Peas,pink_sweet_peas,,,plant,,,,
FALSE,westeros_flowers_tab,FALSE,,,Pink Thistle,pink_thistle,,,plant,,,,
FALSE,westeros_flowers_tab,FALSE,,,Pink Tulips,pink_tulips,,,plant,,,,
FALSE,westeros_flowers_tab,FALSE,,,Pink Wildflowers,pink_wildflowers,,,plant,,,,
TRUE,westeros_cloth_fibers_tab,FALSE,,,Pink Wool,pink_wool,Doku,,solid,pink_wool,,,
FALSE,westeros_banners_tab,FALSE,,,Pink Wool Banner,pink_wool_banner,WesterosBlocks,,cuboid-nsew-stack,,,,
TRUE,westeros_cloth_fibers_tab,FALSE,,,Pink Wool Carpet,pink_wool_carpet,Doku,,cuboid,pink_wool,,,
TRUE,westeros_cloth_fibers_tab,FALSE,,,Pink Wool Fence,pink_wool_fence,Doku,,fence,pink_wool,,,
TRUE,westeros_cloth_fibers_tab,FALSE,,,Pink Wool Slab,pink_wool_slab,Doku,,slab,pink_wool,,,
TRUE,westeros_cloth_fibers_tab,FALSE,,,Pink Wool Stairs,pink_wool_stairs,Doku,,stair,pink_wool,,,
TRUE,westeros_cloth_fibers_tab,FALSE,,,Pink Wool Tip,pink_wool_tip,Doku,,cuboid,pink_wool,,,
TRUE,westeros_cloth_fibers_tab,FALSE,,,Pink Wool Wall,pink_wool_wall,Doku,,wall,pink_wool,,,
TRUE,westeros_sand_gravel_tab,FALSE,,,Pink/Orange Sand,pinkorange_sand,,,solid,pinkorange_sand,,,
TRUE,westeros_sand_gravel_tab,FALSE,,,Pink/Orange Sand Layer,pinkorange_sand_layer,,,layer,pinkorange_sand,,,
FALSE,westeros_banners_tab,FALSE,,,Piper Banner,piper_banner,WesterosBlocks,,cuboid-nsew-stack,,,,
FALSE,westeros_banners_tab,FALSE,,,Piper Damaged Banner,piper_damaged_banner,WesterosBlocks,,cuboid-nsew-stack,,,,
FALSE,westeros_tool_blocks_tab,FALSE,,,Piston Extension,piston_extension,,,cuboid-nsewud,,,,
FALSE,westeros_tool_blocks_tab,FALSE,,,Piston Top,piston_top,,,solid,,,,
FALSE,westeros_tool_blocks_tab,FALSE,,,Pitchfork Block,pitchfork_block,,,cuboid-nsew,,,,
TRUE,westeros_marble_plaster_tab,FALSE,,,Plain Brown Daub Plaster Smooth,plain_brown_daub,,,solid,plain_brown_daub,,,
TRUE,westeros_marble_plaster_tab,FALSE,,,Plain Brown Daub Plaster Smooth Fence,plain_brown_daub_fence,,,fence,plain_brown_daub,,,
TRUE,westeros_marble_plaster_tab,FALSE,,,Plain Brown Daub Plaster Smooth Hopper,plain_brown_daub_hopper,,,cuboid,plain_brown_daub,,,
TRUE,westeros_marble_plaster_tab,FALSE,,,Plain Brown Daub Plaster Rough,plain_brown_daub_rough,,,solid,plain_brown_daub_rough,,,
TRUE,westeros_marble_plaster_tab,FALSE,,,Plain Brown Daub Plaster Rough Fence,plain_brown_daub_rough_fence,,,fence,plain_brown_daub_rough,,,
TRUE,westeros_marble_plaster_tab,FALSE,,,Plain Brown Daub Plaster Rough Hopper,plain_brown_daub_rough_hopper,,,cuboid,plain_brown_daub_rough,,,
TRUE,westeros_marble_plaster_tab,FALSE,,,Plain Brown Daub Plaster Rough Slab,plain_brown_daub_rough_slab,,,slab,plain_brown_daub_rough,,,
TRUE,westeros_marble_plaster_tab,FALSE,,,Plain Brown Daub Plaster Rough Stairs,plain_brown_daub_rough_stairs,,,stair,plain_brown_daub_rough,,,
TRUE,westeros_marble_plaster_tab,FALSE,,,Plain Brown Daub Plaster Rough Tip,plain_brown_daub_rough_tip,,,cuboid,plain_brown_daub_rough,,,
TRUE,westeros_marble_plaster_tab,FALSE,,,Plain Brown Daub Plaster Rough Wall,plain_brown_daub_rough_wall,,,wall,plain_brown_daub_rough,,,
TRUE,westeros_marble_plaster_tab,FALSE,,,Plain Brown Daub Plaster Smooth Slab,plain_brown_daub_slab,,,slab,plain_brown_daub,,,
TRUE,westeros_marble_plaster_tab,FALSE,,,Plain Brown Daub Plaster Smooth Stairs,plain_brown_daub_stairs,,,stair,plain_brown_daub,,,
TRUE,westeros_marble_plaster_tab,FALSE,,,Plain Brown Daub Plaster Smooth Tip,plain_brown_daub_tip,,,cuboid,plain_brown_daub,,,
TRUE,westeros_marble_plaster_tab,FALSE,,,Plain Brown Daub Plaster Smooth Wall,plain_brown_daub_wall,,,wall,plain_brown_daub,,,
TRUE,westeros_marble_plaster_tab,FALSE,,,Plain White Daub Plaster Smooth,plain_white_daub,,,solid,plain_white_daub,,,
TRUE,westeros_marble_plaster_tab,FALSE,,,Plain White Daub Plaster Smooth Fence,plain_white_daub_fence,,,fence,plain_white_daub,,,
TRUE,westeros_marble_plaster_tab,FALSE,,,Plain White Daub Plaster Smooth Hopper,plain_white_daub_hopper,,,cuboid,plain_white_daub,,,
TRUE,westeros_marble_plaster_tab,FALSE,,,Plain White Daub Plaster Rough,plain_white_daub_rough,,,solid,plain_white_daub_rough,,,
TRUE,westeros_marble_plaster_tab,FALSE,,,Plain White Daub Plaster Rough Fence,plain_white_daub_rough_fence,,,fence,plain_white_daub_rough,,,
TRUE,westeros_marble_plaster_tab,FALSE,,,Plain White Daub Plaster Rough Hopper,plain_white_daub_rough_hopper,,,cuboid,plain_white_daub_rough,,,
TRUE,westeros_marble_plaster_tab,FALSE,,,Plain White Daub Plaster Rough Slab,plain_white_daub_rough_slab,,,slab,plain_white_daub_rough,,,
TRUE,westeros_marble_plaster_tab,FALSE,,,Plain White Daub Plaster Rough Stairs,plain_white_daub_rough_stairs,,,stair,plain_white_daub_rough,,,
TRUE,westeros_marble_plaster_tab,FALSE,,,Plain White Daub Plaster Rough Tip,plain_white_daub_rough_tip,,,cuboid,plain_white_daub_rough,,,
TRUE,westeros_marble_plaster_tab,FALSE,,,Plain White Daub Plaster Rough Wall,plain_white_daub_rough_wall,,,wall,plain_white_daub_rough,,,
TRUE,westeros_marble_plaster_tab,FALSE,,,Plain White Daub Plaster Smooth Slab,plain_white_daub_slab,,,slab,plain_white_daub,,,
TRUE,westeros_marble_plaster_tab,FALSE,,,Plain White Daub Plaster Smooth Stairs,plain_white_daub_stairs,,,stair,plain_white_daub,,,
TRUE,westeros_marble_plaster_tab,FALSE,,,Plain White Daub Plaster Smooth Tip,plain_white_daub_tip,,,cuboid,plain_white_daub,,,
TRUE,westeros_marble_plaster_tab,FALSE,,,Plain White Daub Plaster Smooth Wall,plain_white_daub_wall,,,wall,plain_white_daub,,,
TRUE,westeros_grass_dirt_tab,FALSE,,,Plowed Soil,plowed_soil,,,solid,plowed_soil,,,
TRUE,westeros_grass_dirt_tab,FALSE,,,Plowed Soil Slab,plowed_soil_slab,,,slab,plowed_soil,,,
FALSE,westeros_foliage_tab,FALSE,,,Plum Fruit Leaves,plum_fruit_leaves,,,leaves,,,,
FALSE,westeros_banners_tab,FALSE,,,Plumm Banner,plumm_banner,WesterosBlocks,,cuboid-nsew-stack,,,,
FALSE,westeros_food_blocks_tab,FALSE,,,Pomegranate Basket,pomegranate_basket,,,solid,,,,
FALSE,westeros_food_blocks_tab,FALSE,,,Pomegranate Basket Slab,pomegranate_basket_slab,,,slab,,,,
FALSE,westeros_foliage_tab,FALSE,,,Pomegranate Fruit Leaves,pomegranate_fruit_leaves,,,leaves,,,,
FALSE,westeros_sounds_tab,FALSE,,,Portcullis 4 Sec,portcullis_4_sec,,,sound,,,,
FALSE,westeros_sounds_tab,FALSE,,,Portcullis 6 Sec,portcullis_6_sec,,,sound,,,,
FALSE,westeros_flowers_tab,FALSE,,,Potted Blue Bells,potted_blue_bells,,,flowerpot,,,,
FALSE,westeros_flowers_tab,FALSE,,,Potted Blue Chicory,potted_blue_chicory,,,flowerpot,,,,
FALSE,westeros_flowers_tab,FALSE,,,Potted Blue Flax,potted_blue_flax,,,flowerpot,,,,
FALSE,westeros_flowers_tab,FALSE,,,Potted Blue Forget-me-nots,potted_blue_forgetmenots,,,flowerpot,,,,
FALSE,westeros_flowers_tab,FALSE,,,Potted Blue Hyacinth,potted_blue_hyacinth,,,flowerpot,,,,
FALSE,westeros_flowers_tab,FALSE,,,Potted Blue Orchid,potted_blue_orchid,,,flowerpot,,,,
FALSE,westeros_flowers_tab,FALSE,,,Potted Blue Swamp Bells,potted_blue_swamp_bells,,,flowerpot,,,,
FALSE,westeros_grasses_shrubs_tab,FALSE,,,Potted Bracken,potted_bracken,,,flowerpot,,,,
FALSE,westeros_grasses_shrubs_tab,FALSE,,,Potted Brown Mushroom 1,potted_brown_mushroom_1,,,flowerpot,,,,
FALSE,westeros_grasses_shrubs_tab,FALSE,,,Potted Brown Mushroom 13,potted_brown_mushroom_13,,,flowerpot,,,,
FALSE,westeros_grasses_shrubs_tab,FALSE,,,Potted Brown Mushroom 3,potted_brown_mushroom_3,,,flowerpot,,,,
FALSE,westeros_grasses_shrubs_tab,FALSE,,,Potted Brown Mushroom 6,potted_brown_mushroom_6,,,flowerpot,,,,
FALSE,westeros_flowers_tab,FALSE,,,Potted Cattails,potted_cattails,,,flowerpot,,,,
FALSE,westeros_grasses_shrubs_tab,FALSE,,,Potted Cow Parsely,potted_cow_parsely,,,flowerpot,,,,
FALSE,westeros_grasses_shrubs_tab,FALSE,,,Potted Dead Bracken,potted_dead_bracken,,,flowerpot,,,,
FALSE,westeros_grasses_shrubs_tab,FALSE,,,Potted Dead bush,potted_dead_bush,,,flowerpot,,,,
FALSE,westeros_grasses_shrubs_tab,FALSE,,,Potted Dead Scrub Grass,potted_dead_scrub_grass,,,flowerpot,,,,
FALSE,westeros_crops_herbs_tab,FALSE,,,Potted Dock Leaf,potted_dock_leaf,,,flowerpot,,,,
FALSE,westeros_grasses_shrubs_tab,FALSE,,,Potted Fireweed,potted_fireweed,,,flowerpot,,,,
FALSE,westeros_grasses_shrubs_tab,FALSE,,,Potted Grass,potted_grass,,,flowerpot,,,,
FALSE,westeros_grasses_shrubs_tab,FALSE,,,Potted Green Leafy Herb,potted_green_leafy_herb,,,flowerpot,,,,
FALSE,westeros_grasses_shrubs_tab,FALSE,,,Potted Green Scrub Grass,potted_green_scrub_grass,,,flowerpot,,,,
FALSE,westeros_grasses_shrubs_tab,FALSE,,,Potted Green Spiny Herb,potted_green_spiny_herb,,,flowerpot,,,,
FALSE,westeros_grasses_shrubs_tab,FALSE,,,Potted Heather,potted_heather,,,flowerpot,,,,
FALSE,westeros_grasses_shrubs_tab,FALSE,,,Potted Lady Fern,potted_lady_fern,,,flowerpot,,,,
FALSE,westeros_flowers_tab,FALSE,,,Potted Magenta Roses,potted_magenta_roses,,,flowerpot,,,,
FALSE,westeros_flowers_tab,FALSE,,,Potted Meadow Fescue,potted_meadow_fescue,,,flowerpot,,,,
FALSE,westeros_grasses_shrubs_tab,FALSE,,,Potted Nettle,potted_nettle,,,flowerpot,,,,
FALSE,westeros_flowers_tab,FALSE,,,Potted Orange Bells,potted_orange_bells,,,flowerpot,,,,
FALSE,westeros_flowers_tab,FALSE,,,Potted Orange Bog Asphodel,potted_orange_bog_asphodel,,,flowerpot,,,,
FALSE,westeros_flowers_tab,FALSE,,,Potted Orange Marigolds,potted_orange_marigolds,,,flowerpot,,,,
FALSE,westeros_flowers_tab,FALSE,,,Potted Orange Sun Star,potted_orange_sun_star,,,flowerpot,,,,
FALSE,westeros_flowers_tab,FALSE,,,Potted Orange Trollius,potted_orange_trollius,,,flowerpot,,,,
FALSE,westeros_flowers_tab,FALSE,,,Potted Pink Allium,potted_pink_allium,,,flowerpot,,,,
FALSE,westeros_flowers_tab,FALSE,,,Potted Pink Primrose,potted_pink_primrose,,,flowerpot,,,,
FALSE,westeros_flowers_tab,FALSE,,,Potted Pink Roses,potted_pink_roses,,,flowerpot,,,,
FALSE,westeros_flowers_tab,FALSE,,,Potted Pink Sweet Peas,potted_pink_sweet_peas,,,flowerpot,,,,
FALSE,westeros_flowers_tab,FALSE,,,Potted Pink Thistle,potted_pink_thistle,,,flowerpot,,,,
FALSE,westeros_flowers_tab,FALSE,,,Potted Pink Tulips,potted_pink_tulips,,,flowerpot,,,,
FALSE,westeros_flowers_tab,FALSE,,,Potted Pink Wildflowers,potted_pink_wildflowers,,,flowerpot,,,,
FALSE,westeros_flowers_tab,FALSE,,,Potted Purple Alpine Sow-thistle,potted_purple_alpine_sowthistle,,,flowerpot,,,,
FALSE,westeros_flowers_tab,FALSE,,,Potted Purple Foxglove,potted_purple_foxglove,,,flowerpot,,,,
FALSE,westeros_flowers_tab,FALSE,,,Potted Purple Lavender,potted_purple_lavender,,,flowerpot,,,,
FALSE,westeros_flowers_tab,FALSE,,,Potted Purple Pansies,potted_purple_pansies,,,flowerpot,,,,
FALSE,westeros_flowers_tab,FALSE,,,Potted Purple Roses,potted_purple_roses,,,flowerpot,,,,
FALSE,westeros_flowers_tab,FALSE,,,Potted Purple Violets,potted_purple_violets,,,flowerpot,,,,
FALSE,westeros_flowers_tab,FALSE,,,Potted Red Aster,potted_red_aster,,,flowerpot,,,,
FALSE,westeros_flowers_tab,FALSE,,,Potted Red Carnations,potted_red_carnations,,,flowerpot,,,,
FALSE,westeros_flowers_tab,FALSE,,,Potted Red Chrysanthemum,potted_red_chrysanthemum,,,flowerpot,,,,
FALSE,westeros_flowers_tab,FALSE,,,Potted Red Dark Roses,potted_red_dark_roses,,,flowerpot,,,,
FALSE,westeros_grasses_shrubs_tab,FALSE,,,Potted Red Fern,potted_red_fern,,,flowerpot,,,,
FALSE,westeros_flowers_tab,FALSE,,,Potted Red Flowering Spiny Herb,potted_red_flowering_spiny_herb,,,flowerpot,,,,
FALSE,westeros_grasses_shrubs_tab,FALSE,,,Potted Red Mushroom 1,potted_red_mushroom_1,,,flowerpot,,,,
FALSE,westeros_grasses_shrubs_tab,FALSE,,,Potted Red Mushroom 2,potted_red_mushroom_2,,,flowerpot,,,,
FALSE,westeros_grasses_shrubs_tab,FALSE,,,Potted Red Mushroom 3,potted_red_mushroom_3,,,flowerpot,,,,
FALSE,westeros_grasses_shrubs_tab,FALSE,,,Potted Red Mushroom 7,potted_red_mushroom_7,,,flowerpot,,,,
FALSE,westeros_grasses_shrubs_tab,FALSE,,,Potted Red Mushroom 8,potted_red_mushroom_8,,,flowerpot,,,,
FALSE,westeros_grasses_shrubs_tab,FALSE,,,Potted Red Mushroom 9,potted_red_mushroom_9,,,flowerpot,,,,
FALSE,westeros_flowers_tab,FALSE,,,Potted Red Poppies,potted_red_poppies,,,flowerpot,,,,
FALSE,westeros_flowers_tab,FALSE,,,Potted Red Roses,potted_red_roses,,,flowerpot,,,,
FALSE,westeros_flowers_tab,FALSE,,,Potted Red Sorrel,potted_red_sorrel,,,flowerpot,,,,
FALSE,westeros_flowers_tab,FALSE,,,Potted Red Sourleaf Bush,potted_red_sourleaf_bush,,,flowerpot,,,,
FALSE,westeros_flowers_tab,FALSE,,,Potted Red Tulips,potted_red_tulips,,,flowerpot,,,,
FALSE,westeros_flowers_tab,FALSE,,,Potted White Chamomile,potted_white_chamomile,,,flowerpot,,,,
FALSE,westeros_flowers_tab,FALSE,,,Potted White Daisies,potted_white_daisies,,,flowerpot,,,,
FALSE,westeros_flowers_tab,FALSE,,,Potted White Lily-of-the-valley,potted_white_lilyofthevalley,,,flowerpot,,,,
FALSE,westeros_flowers_tab,FALSE,,,Potted White Peony,potted_white_peony,,,flowerpot,,,,
FALSE,westeros_flowers_tab,FALSE,,,Potted White Roses,potted_white_roses,,,flowerpot,,,,
FALSE,westeros_flowers_tab,FALSE,,,Potted Yellow Bedstraw,potted_yellow_bedstraw,,,flowerpot,,,,
FALSE,westeros_flowers_tab,FALSE,,,Potted Yellow Bells,potted_yellow_bells,,,flowerpot,,,,
FALSE,westeros_flowers_tab,FALSE,,,Potted Yellow Buttercups,potted_yellow_buttercups,,,flowerpot,,,,
FALSE,westeros_flowers_tab,FALSE,,,Potted Yellow Daffodils,potted_yellow_daffodils,,,flowerpot,,,,
FALSE,westeros_flowers_tab,FALSE,,,Potted Yellow Daisies,potted_yellow_daisies,,,flowerpot,,,,
FALSE,westeros_flowers_tab,FALSE,,,Potted Yellow Dandelions,potted_yellow_dandelions,,,flowerpot,,,,
FALSE,westeros_flowers_tab,FALSE,,,Potted Yellow Hellebore,potted_yellow_hellebore,,,flowerpot,,,,
FALSE,westeros_flowers_tab,FALSE,,,Potted Yellow Lupine,potted_yellow_lupine,,,flowerpot,,,,
FALSE,westeros_flowers_tab,FALSE,,,Potted Yellow Roses,potted_yellow_roses,,,flowerpot,,,,
FALSE,westeros_flowers_tab,FALSE,,,Potted Yellow Rudbeckia,potted_yellow_rudbeckia,,,flowerpot,,,,
FALSE,westeros_flowers_tab,FALSE,,,Potted Yellow Sunflower,potted_yellow_sunflower,,,flowerpot,,,,
FALSE,westeros_flowers_tab,FALSE,,,Potted Yellow Tansy,potted_yellow_tansy,,,flowerpot,,,,
FALSE,westeros_flowers_tab,FALSE,,,Potted Yellow Wildflowers,potted_yellow_wildflowers,,,flowerpot,,,,
FALSE,westeros_banners_tab,FALSE,,,Prester Banner,prester_banner,WesterosBlocks,,cuboid-nsew-stack,,,,
FALSE,westeros_flowers_tab,FALSE,,,Purple Alpine Sow-thistle,purple_alpine_sowthistle,,,plant,,,,
FALSE,westeros_banners_tab,FALSE,,,Embroidered Purple Banner,purple_banner,WesterosBlocks,,cuboid-nsew-stack,,,,
FALSE,westeros_flowers_tab,FALSE,,,Purple Foxglove,purple_foxglove,,,plant,,,,
FALSE,westeros_food_blocks_tab,FALSE,,,Purple Grape Basket,purple_grape_basket,,,solid,,,,
FALSE,westeros_food_blocks_tab,FALSE,,,Purple Grape Basket Slab,purple_grape_basket_slab,,,slab,,,,
FALSE,westeros_food_blocks_tab,FALSE,Wood Update,Ready For Work,Purple Grape Crate,purple_grape_crate,,,solid,,,,
FALSE,westeros_foliage_tab,FALSE,,,Purple Grape Fruit Leaves,purple_grape_fruit_leaves,,,leaves,,,,
FALSE,westeros_flowers_tab,FALSE,,,Purple Lavender,purple_lavender,,,plant,,,,
FALSE,westeros_flowers_tab,FALSE,,,Purple Pansies,purple_pansies,,,plant,,,,
TRUE,westeros_marble_plaster_tab,FALSE,,,Purple Plaster Smooth,purple_plaster,,,solid,purple_plaster,,,
TRUE,westeros_marble_plaster_tab,FALSE,,,Purple Plaster Smooth Fence,purple_plaster_fence,,,fence,purple_plaster,,,
TRUE,westeros_marble_plaster_tab,FALSE,,,Purple Plaster Smooth Hopper,purple_plaster_hopper,,,cuboid,purple_plaster,,,
TRUE,westeros_marble_plaster_tab,FALSE,,,Purple Plaster Rough,purple_plaster_rough,,,solid,purple_plaster_rough,,,
TRUE,westeros_marble_plaster_tab,FALSE,,,Purple Plaster Rough Fence,purple_plaster_rough_fence,,,fence,purple_plaster_rough,,,
TRUE,westeros_marble_plaster_tab,FALSE,,,Purple Plaster Rough Hopper,purple_plaster_rough_hopper,,,cuboid,purple_plaster_rough,,,
TRUE,westeros_marble_plaster_tab,FALSE,,,Purple Plaster Rough Slab,purple_plaster_rough_slab,,,slab,purple_plaster_rough,,,
TRUE,westeros_marble_plaster_tab,FALSE,,,Purple Plaster Rough Stairs,purple_plaster_rough_stairs,,,stair,purple_plaster_rough,,,
TRUE,westeros_marble_plaster_tab,FALSE,,,Purple Plaster Rough Tip,purple_plaster_rough_tip,,,cuboid,purple_plaster_rough,,,
TRUE,westeros_marble_plaster_tab,FALSE,,,Purple Plaster Rough Wall,purple_plaster_rough_wall,,,wall,purple_plaster_rough,,,
TRUE,westeros_marble_plaster_tab,FALSE,,,Purple Plaster Smooth Slab,purple_plaster_slab,,,slab,purple_plaster,,,
TRUE,westeros_marble_plaster_tab,FALSE,,,Purple Plaster Smooth Stairs,purple_plaster_stairs,,,stair,purple_plaster,,,
TRUE,westeros_marble_plaster_tab,FALSE,,,Purple Plaster Smooth Tip,purple_plaster_tip,,,cuboid,purple_plaster,,,
TRUE,westeros_marble_plaster_tab,FALSE,,,Purple Plaster Smooth Wall,purple_plaster_wall,,,wall,purple_plaster,,,
FALSE,westeros_flowers_tab,FALSE,,,Purple Roses,purple_roses,,,plant,,,,
TRUE,westeros_wood_planks_tab,FALSE,Wood Update,Ready For Work,Purple Wood Window_frame,purple_timber_window_frame,Doku,,solid,purple_wood,,,
TRUE,westeros_wood_planks_tab,FALSE,Wood Update,Ready For Work,Purple Wood Window_frame_mullion,purple_timber_window_frame_mullion,Doku,,solid,purple_wood,,,
FALSE,westeros_flowers_tab,FALSE,,,Purple Violets,purple_violets,,,plant,,,,
TRUE,westeros_wood_planks_tab,FALSE,Wood Update,Complete,Purple Wood,purple_wood,Doku,,solid,purple_wood,,,
TRUE,westeros_wood_planks_tab,FALSE,Wood Update,Complete,Purple Wood Carpet,purple_wood_carpet,Doku,,cuboid,purple_wood,,,
TRUE,westeros_wood_planks_tab,FALSE,Wood Update,Complete,Purple Wood Fence,purple_wood_fence,Doku,,fence,purple_wood,,,
TRUE,westeros_wood_planks_tab,FALSE,Wood Update,Complete,Purple Wood Vertical Planks Half_door,purple_wood_half_door,Doku,,cuboid-nsew,purple_wood_vertical_planks,,,
TRUE,westeros_wood_planks_tab,FALSE,Wood Update,Complete,Purple Wood Hopper,purple_wood_hopper,Doku,,cuboid,purple_wood,,,
TRUE,westeros_wood_planks_tab,FALSE,Wood Update,Complete,Purple Wood Slab,purple_wood_slab,Doku,,slab,purple_wood,,,
TRUE,westeros_wood_planks_tab,FALSE,Wood Update,Complete,Purple Wood Stairs,purple_wood_stairs,Doku,,stair,purple_wood,,,
TRUE,westeros_wood_planks_tab,FALSE,Wood Update,Complete,Purple Wood Tip,purple_wood_tip,Doku,,cuboid,purple_wood,,,
TRUE,westeros_wood_planks_tab,FALSE,Wood Update,Complete,Purple Wood Vertical Planks,purple_wood_vertical_planks,Doku,,solid,purple_wood_vertical_planks,,,
TRUE,westeros_wood_planks_tab,FALSE,Wood Update,Complete,Purple Wood Vertical Planks Carpet,purple_wood_vertical_planks_carpet,Doku,,cuboid,purple_wood_vertical_planks,,,
TRUE,westeros_wood_planks_tab,FALSE,Wood Update,Complete,Purple Wood Vertical Planks Fence,purple_wood_vertical_planks_fence,Doku,,fence,purple_wood_vertical_planks,,,
TRUE,westeros_wood_planks_tab,FALSE,Wood Update,Complete,Purple Wood Vertical Planks Hopper,purple_wood_vertical_planks_hopper,Doku,,cuboid,purple_wood_vertical_planks,,,
TRUE,westeros_wood_planks_tab,FALSE,Wood Update,Complete,Purple Wood Vertical Planks Slab,purple_wood_vertical_planks_slab,Doku,,slab,purple_wood_vertical_planks,,,
TRUE,westeros_wood_planks_tab,FALSE,Wood Update,Complete,Purple Wood Vertical Planks Stairs,purple_wood_vertical_planks_stairs,Doku,,stair,purple_wood_vertical_planks,,,
TRUE,westeros_wood_planks_tab,FALSE,Wood Update,Complete,Purple Wood Vertical Planks Tip,purple_wood_vertical_planks_tip,Doku,,cuboid,purple_wood_vertical_planks,,,
TRUE,westeros_wood_planks_tab,FALSE,Wood Update,Complete,Purple Wood Vertical Planks Wall,purple_wood_vertical_planks_wall,Doku,,wall,purple_wood_vertical_planks,,,
TRUE,westeros_wood_planks_tab,FALSE,Wood Update,Complete,Purple Wood Wall,purple_wood_wall,Doku,,wall,purple_wood,,,
TRUE,westeros_cloth_fibers_tab,FALSE,,,Purple Wool,purple_wool,Doku,,solid,purple_wool,,,
FALSE,westeros_banners_tab,FALSE,,,Purple Wool Banner,purple_wool_banner,WesterosBlocks,,cuboid-nsew-stack,,,,
TRUE,westeros_cloth_fibers_tab,FALSE,,,Purple Wool Carpet,purple_wool_carpet,Doku,,cuboid,purple_wool,,,
TRUE,westeros_cloth_fibers_tab,FALSE,,,Purple Wool Fence,purple_wool_fence,Doku,,fence,purple_wool,,,
TRUE,westeros_cloth_fibers_tab,FALSE,,,Purple Wool Slab,purple_wool_slab,Doku,,slab,purple_wool,,,
TRUE,westeros_cloth_fibers_tab,FALSE,,,Purple Wool Stairs,purple_wool_stairs,Doku,,stair,purple_wool,,,
TRUE,westeros_cloth_fibers_tab,FALSE,,,Purple Wool Tip,purple_wool_tip,Doku,,cuboid,purple_wool,,,
TRUE,westeros_cloth_fibers_tab,FALSE,,,Purple Wool Wall,purple_wool_wall,Doku,,wall,purple_wool,,,
TRUE,westeros_marble_plaster_tab,FALSE,,,Quartz,quartz,,,solid,quartz,,,
TRUE,westeros_marble_plaster_tab,FALSE,,,Quartz Fence,quartz_fence,,,fence,quartz,,,
TRUE,westeros_marble_plaster_tab,FALSE,,,Quartz Hopper,quartz_hopper,,,cuboid,quartz,,,
TRUE,westeros_marble_plaster_tab,FALSE,,,Quartz Slab,quartz_slab,,,slab,quartz,,,
TRUE,westeros_marble_plaster_tab,FALSE,,,Quartz Stairs,quartz_stairs,,,stair,quartz,,,
TRUE,westeros_marble_plaster_tab,FALSE,,,Quartz Tip,quartz_tip,,,cuboid,quartz,,,
TRUE,westeros_marble_plaster_tab,FALSE,,,Quartz Wall,quartz_wall,,,wall,quartz,,,
FALSE,westeros_sounds_tab,FALSE,,,Rangers Hornblast,rangers_hornblast,,,sound,,,,
FALSE,westeros_foliage_tab,FALSE,,,Raspberry Bush,raspberry_bush,,,leaves,,,,
FALSE,westeros_windows_glass_tab,FALSE,,,Reach Blue Window Shutters,reach_blue_window_shutters,,,halfdoor,,,,
TRUE,westeros_quarter_ashlar_tab,FALSE,,,Quarter Rounded Ashlar Reach,reach_brick,,,solid,reach_brick,,,
TRUE,westeros_quarter_ashlar_tab,FALSE,,,Quarter Rounded Ashlar Reach Arrow_slit,reach_brick_arrow_slit,,,solid,reach_brick,,,
TRUE,westeros_quarter_ashlar_tab,FALSE,,,Quarter Rounded Ashlar Reach Arrow_slit_ornate,reach_brick_arrow_slit_ornate,,,solid,reach_brick,,,
TRUE,westeros_quarter_ashlar_tab,FALSE,,,Quarter Rounded Ashlar Reach Arrow_slit_window,reach_brick_arrow_slit_window,,,solid,reach_brick,,,
FALSE,westeros_panelling_carvings_tab,FALSE,,,Ashlar Engraved Reach,reach_brick_engraved,,,solid,,,,
FALSE,westeros_panelling_carvings_tab,FALSE,,,Ashlar Engraved Reach Wall,reach_brick_engraved_wall,,,wall,,,,
TRUE,westeros_quarter_ashlar_tab,FALSE,,,Quarter Rounded Ashlar Reach Fence,reach_brick_fence,,,fence,reach_brick,,,
FALSE,westeros_furniture_tab,FALSE,,,Ashlar Furnace Reach,reach_brick_furnace,,,furnace,,,,
TRUE,westeros_quarter_ashlar_tab,FALSE,,,Quarter Rounded Ashlar Reach Hopper,reach_brick_hopper,,,cuboid,reach_brick,,,
TRUE,westeros_quarter_ashlar_tab,FALSE,,,Quarter Rounded Ashlar Reach Slab,reach_brick_slab,,,slab,reach_brick,,,
TRUE,westeros_quarter_ashlar_tab,FALSE,,,Quarter Rounded Ashlar Reach Stairs,reach_brick_stairs,,,stair,reach_brick,,,
TRUE,westeros_quarter_ashlar_tab,FALSE,,,Quarter Rounded Ashlar Reach Tip,reach_brick_tip,,,cuboid,reach_brick,,,
TRUE,westeros_quarter_ashlar_tab,FALSE,,,Quarter Rounded Ashlar Reach Wall,reach_brick_wall,,,wall,reach_brick,,,
TRUE,westeros_cobblestone_tab,FALSE,Cobblestone Update,Ready For Work,Cobblestone Reach,reach_cobblestone,,,solid,reach_cobblestone,,,
TRUE,westeros_cobblestone_tab,FALSE,Cobblestone Update,Ready For Work,Cobblestone Reach Fence,reach_cobblestone_fence,,,fence,reach_cobblestone,,,
TRUE,westeros_cobblestone_tab,FALSE,Cobblestone Update,Ready For Work,Cobblestone Reach Hopper,reach_cobblestone_hopper,,,cuboid,reach_cobblestone,,,
TRUE,westeros_cobblestone_tab,FALSE,Cobblestone Update,Ready For Work,Cobblestone Reach Slab,reach_cobblestone_slab,,,slab,reach_cobblestone,,,
TRUE,westeros_cobblestone_tab,FALSE,Cobblestone Update,Ready For Work,Cobblestone Reach Stairs,reach_cobblestone_stairs,,,stair,reach_cobblestone,,,
TRUE,westeros_cobblestone_tab,FALSE,Cobblestone Update,Ready For Work,Cobblestone Reach Tip,reach_cobblestone_tip,,,cuboid,reach_cobblestone,,,
TRUE,westeros_cobblestone_tab,FALSE,Cobblestone Update,Ready For Work,Cobblestone Reach Wall,reach_cobblestone_wall,,,wall,reach_cobblestone,,,
TRUE,westeros_cobblestone_tab,FALSE,Cobblestone Update,Ready For Work,Dark Cobblestone Reach,reach_dark_cobblestone,,,solid,reach_dark_cobblestone,,,
TRUE,westeros_cobblestone_tab,FALSE,Cobblestone Update,Ready For Work,Dark Cobblestone Reach Fence,reach_dark_cobblestone_fence,,,fence,reach_dark_cobblestone,,,
TRUE,westeros_cobblestone_tab,FALSE,Cobblestone Update,Ready For Work,Dark Cobblestone Reach Hopper,reach_dark_cobblestone_hopper,,,cuboid,reach_dark_cobblestone,,,
TRUE,westeros_cobblestone_tab,FALSE,Cobblestone Update,Ready For Work,Dark Cobblestone Reach Slab,reach_dark_cobblestone_slab,,,slab,reach_dark_cobblestone,,,
TRUE,westeros_cobblestone_tab,FALSE,Cobblestone Update,Ready For Work,Dark Cobblestone Reach Stairs,reach_dark_cobblestone_stairs,,,stair,reach_dark_cobblestone,,,
TRUE,westeros_cobblestone_tab,FALSE,Cobblestone Update,Ready For Work,Dark Cobblestone Reach Tip,reach_dark_cobblestone_tip,,,cuboid,reach_dark_cobblestone,,,
TRUE,westeros_cobblestone_tab,FALSE,Cobblestone Update,Ready For Work,Dark Cobblestone Reach Wall,reach_dark_cobblestone_wall,,,wall,reach_dark_cobblestone,,,
TRUE,westeros_polished_stone_tab,FALSE,,,Polished Stone Reach,reach_granite_polished,Doku,,solid,reach_granite_polished,,,
TRUE,westeros_polished_stone_tab,FALSE,,,Polished Stone Reach Slab,reach_granite_polished_slab,Doku,,slab,reach_granite_polished,,,
TRUE,westeros_polished_stone_tab,FALSE,,,Polished Stone Reach Stairs,reach_granite_polished_stairs,Doku,,stair,reach_granite_polished,,,
TRUE,westeros_polished_stone_tab,FALSE,,,Polished Stone Reach Wall,reach_granite_polished_wall,Doku,,wall,reach_granite_polished,,,
TRUE,westeros_grass_dirt_tab,FALSE,Dirt/Path Update,In Progress,Reach Gravel,reach_gravel,,,solid,reach_gravel,,,
TRUE,westeros_grass_dirt_tab,FALSE,Dirt/Path Update,In Progress,Reach Gravel Slab,reach_gravel_slab,,,slab,reach_gravel,,,
TRUE,westeros_half_ashlar_tab,FALSE,,,Half Ashlar Reach,reach_large_brick,Doku,,solid,reach_large_brick,,,
TRUE,westeros_half_ashlar_tab,FALSE,,,Half Ashlar Reach Arrow_slit,reach_large_brick_arrow_slit,Doku,,solid,reach_large_brick,,,
TRUE,westeros_half_ashlar_tab,FALSE,,,Half Ashlar Reach Arrow_slit_ornate,reach_large_brick_arrow_slit_ornate,Doku,,solid,reach_large_brick,,,
TRUE,westeros_half_ashlar_tab,FALSE,,,Half Ashlar Reach Arrow_slit_window,reach_large_brick_arrow_slit_window,Doku,,solid,reach_large_brick,,,
TRUE,westeros_half_ashlar_tab,FALSE,,,Half Ashlar Reach Fence,reach_large_brick_fence,Doku,,fence,reach_large_brick,,,
TRUE,westeros_half_ashlar_tab,FALSE,,,Half Ashlar Reach Hopper,reach_large_brick_hopper,Doku,,cuboid,reach_large_brick,,,
TRUE,westeros_half_ashlar_tab,FALSE,,,Half Ashlar Reach Slab,reach_large_brick_slab,Doku,,slab,reach_large_brick,,,
TRUE,westeros_half_ashlar_tab,FALSE,,,Half Ashlar Reach Stairs,reach_large_brick_stairs,Doku,,stair,reach_large_brick,,,
TRUE,westeros_half_ashlar_tab,FALSE,,,Half Ashlar Reach Tip,reach_large_brick_tip,Doku,,cuboid,reach_large_brick,,,
TRUE,westeros_half_ashlar_tab,FALSE,,,Half Ashlar Reach Wall,reach_large_brick_wall,Doku,,wall,reach_large_brick,,,
TRUE,westeros_fieldstone_tab,FALSE,,,Fieldstone Reach,reach_light_brick,Doku,,solid,reach_light_brick,,,
TRUE,westeros_fieldstone_tab,FALSE,,,Fieldstone Reach Arrow_slit,reach_light_brick_arrow_slit,Doku,,solid,reach_light_brick,,,
TRUE,westeros_fieldstone_tab,FALSE,,,Fieldstone Reach Arrow_slit_ornate,reach_light_brick_arrow_slit_ornate,Doku,,solid,reach_light_brick,,,
TRUE,westeros_fieldstone_tab,FALSE,,,Fieldstone Reach Arrow_slit_window,reach_light_brick_arrow_slit_window,Doku,,solid,reach_light_brick,,,
TRUE,westeros_fieldstone_tab,FALSE,,,Fieldstone Reach Fence,reach_light_brick_fence,Doku,,fence,reach_light_brick,,,
TRUE,westeros_fieldstone_tab,FALSE,,,Fieldstone Reach Hopper,reach_light_brick_hopper,Doku,,cuboid,reach_light_brick,,,
TRUE,westeros_fieldstone_tab,FALSE,,,Fieldstone Reach Slab,reach_light_brick_slab,Doku,,slab,reach_light_brick,,,
TRUE,westeros_fieldstone_tab,FALSE,,,Fieldstone Reach Stairs,reach_light_brick_stairs,Doku,,stair,reach_light_brick,,,
TRUE,westeros_fieldstone_tab,FALSE,,,Fieldstone Reach Tip,reach_light_brick_tip,Doku,,cuboid,reach_light_brick,,,
TRUE,westeros_fieldstone_tab,FALSE,,,Fieldstone Reach Wall,reach_light_brick_wall,Doku,,wall,reach_light_brick,,,
FALSE,westeros_panelling_carvings_tab,FALSE,Wood Update,Complete,Reach Oak Wood Panelling,reach_oak_wood_panelling,Doku,,solid,,,,
FALSE,westeros_panelling_carvings_tab,FALSE,Wood Update,Complete,Reach Oak Wood Panelling Wall,reach_oak_wood_panelling_wall,Doku,,wall,,,,
FALSE,westeros_panelling_carvings_tab,FALSE,Wood Update,Complete,Reach Spruce Wood Panelling,reach_spruce_wood_panelling,Doku,,solid,,,,
FALSE,westeros_panelling_carvings_tab,FALSE,Wood Update,Complete,Reach Spruce Wood Panelling Wall,reach_spruce_wood_panelling_wall,Doku,,wall,,,,
FALSE,westeros_flowers_tab,FALSE,,,Red Aster,red_aster,,,plant,,,,
FALSE,westeros_banners_tab,FALSE,,,Embroidered Red Banner,red_banner,WesterosBlocks,,cuboid-nsew-stack,,,,
FALSE,westeros_flowers_tab,FALSE,,,Red Carnations,red_carnations,,,plant,,,,
FALSE,westeros_flowers_tab,FALSE,,,Red Chrysanthemum,red_chrysanthemum,,,plant,,,,
TRUE,westeros_cobblestone_tab,FALSE,Cobblestone Update,Ready For Work,Cobblestone Red,red_cobblestone,,,solid,red_cobblestone,,,
TRUE,westeros_cobblestone_tab,FALSE,Cobblestone Update,Ready For Work,Cobblestone Red Fence,red_cobblestone_fence,,,fence,red_cobblestone,,,
TRUE,westeros_cobblestone_tab,FALSE,Cobblestone Update,Ready For Work,Cobblestone Red Hopper,red_cobblestone_hopper,,,cuboid,red_cobblestone,,,
TRUE,westeros_cobblestone_tab,FALSE,Cobblestone Update,Ready For Work,Cobblestone Red Slab,red_cobblestone_slab,,,slab,red_cobblestone,,,
TRUE,westeros_cobblestone_tab,FALSE,Cobblestone Update,Ready For Work,Cobblestone Red Stairs,red_cobblestone_stairs,,,stair,red_cobblestone,,,
TRUE,westeros_cobblestone_tab,FALSE,Cobblestone Update,Ready For Work,Cobblestone Red Tip,red_cobblestone_tip,,,cuboid,red_cobblestone,,,
TRUE,westeros_cobblestone_tab,FALSE,Cobblestone Update,Ready For Work,Cobblestone Red Wall,red_cobblestone_wall,,,wall,red_cobblestone,,,
FALSE,westeros_flowers_tab,FALSE,,,Red Dark Roses,red_dark_roses,,,plant,,,,
FALSE,westeros_grasses_shrubs_tab,FALSE,,,Red Fern,red_fern,,,plant,,,,
FALSE,westeros_flowers_tab,FALSE,,,Red Flowering Spiny Herb,red_flowering_spiny_herb,,,plant,,,,
FALSE,westeros_banners_tab,FALSE,,,Red Keep Banner,red_keep_banner,WesterosBlocks,,cuboid-nsew-stack,,,,
FALSE,westeros_misc_tab,FALSE,,,Red Keep Secret Door,red_keep_secret_door,,,door,,,,
FALSE,westeros_lighting_tab,FALSE,,,Red Lantern,red_lantern,,,cuboid,,,,
FALSE,westeros_lighting_tab,FALSE,,,Large Red Lantern,red_lantern2,,,solid,,,,
TRUE,westeros_smooth_ashlar_tab,FALSE,,,Smooth Ashlar Red,red_light_stone,,,solid,red_light_stone,,,
TRUE,westeros_smooth_ashlar_tab,FALSE,,,Smooth Ashlar Red Arrow_slit,red_light_stone_arrow_slit,,,solid,red_light_stone,,,
TRUE,westeros_smooth_ashlar_tab,FALSE,,,Smooth Ashlar Red Arrow_slit_ornate,red_light_stone_arrow_slit_ornate,,,solid,red_light_stone,,,
TRUE,westeros_smooth_ashlar_tab,FALSE,,,Smooth Ashlar Red Arrow_slit_window,red_light_stone_arrow_slit_window,,,solid,red_light_stone,,,
TRUE,westeros_smooth_ashlar_tab,FALSE,,,Smooth Ashlar Red Fence,red_light_stone_fence,,,fence,red_light_stone,,,
TRUE,westeros_smooth_ashlar_tab,FALSE,,,Smooth Ashlar Red Hopper,red_light_stone_hopper,,,cuboid,red_light_stone,,,
TRUE,westeros_smooth_ashlar_tab,FALSE,,,Smooth Ashlar Red Slab,red_light_stone_slab,,,slab,red_light_stone,,,
TRUE,westeros_smooth_ashlar_tab,FALSE,,,Smooth Ashlar Red Stairs,red_light_stone_stairs,,,stair,red_light_stone,,,
TRUE,westeros_smooth_ashlar_tab,FALSE,,,Smooth Ashlar Red Tip,red_light_stone_tip,,,cuboid,red_light_stone,,,
TRUE,westeros_smooth_ashlar_tab,FALSE,,,Smooth Ashlar Red Wall,red_light_stone_wall,,,wall,red_light_stone,,,
FALSE,westeros_grasses_shrubs_tab,FALSE,,,Red Mushroom 1,red_mushroom_1,,,plant,,,,
FALSE,westeros_grasses_shrubs_tab,FALSE,,,Red Mushroom 2,red_mushroom_2,,,plant,,,,
FALSE,westeros_grasses_shrubs_tab,FALSE,,,Red Mushroom 3,red_mushroom_3,,,plant,,,,
FALSE,westeros_grasses_shrubs_tab,FALSE,,,Red Mushroom 4,red_mushroom_4,,,plant,,,,
FALSE,westeros_grasses_shrubs_tab,FALSE,,,Red Mushroom 5,red_mushroom_5,,,plant,,,,
FALSE,westeros_grasses_shrubs_tab,FALSE,,,Red Mushroom 6,red_mushroom_6,,,plant,,,,
FALSE,westeros_grasses_shrubs_tab,FALSE,,,Red Mushroom 7,red_mushroom_7,,,plant,,,,
FALSE,westeros_grasses_shrubs_tab,FALSE,,,Red Mushroom 8,red_mushroom_8,,,plant,,,,
FALSE,westeros_grasses_shrubs_tab,FALSE,,,Red Mushroom 9,red_mushroom_9,,,plant,,,,
TRUE,westeros_marble_plaster_tab,FALSE,,,Red Plaster Smooth,red_plaster,,,solid,red_plaster,,,
TRUE,westeros_marble_plaster_tab,FALSE,,,Red Plaster Smooth Fence,red_plaster_fence,,,fence,red_plaster,,,
TRUE,westeros_marble_plaster_tab,FALSE,,,Red Plaster Smooth Hopper,red_plaster_hopper,,,cuboid,red_plaster,,,
TRUE,westeros_marble_plaster_tab,FALSE,,,Red Plaster Rough,red_plaster_rough,,,solid,red_plaster_rough,,,
TRUE,westeros_marble_plaster_tab,FALSE,,,Red Plaster Rough Fence,red_plaster_rough_fence,,,fence,red_plaster_rough,,,
TRUE,westeros_marble_plaster_tab,FALSE,,,Red Plaster Rough Hopper,red_plaster_rough_hopper,,,cuboid,red_plaster_rough,,,
TRUE,westeros_marble_plaster_tab,FALSE,,,Red Plaster Rough Slab,red_plaster_rough_slab,,,slab,red_plaster_rough,,,
TRUE,westeros_marble_plaster_tab,FALSE,,,Red Plaster Rough Stairs,red_plaster_rough_stairs,,,stair,red_plaster_rough,,,
TRUE,westeros_marble_plaster_tab,FALSE,,,Red Plaster Rough Tip,red_plaster_rough_tip,,,cuboid,red_plaster_rough,,,
TRUE,westeros_marble_plaster_tab,FALSE,,,Red Plaster Rough Wall,red_plaster_rough_wall,,,wall,red_plaster_rough,,,
TRUE,westeros_marble_plaster_tab,FALSE,,,Red Plaster Smooth Slab,red_plaster_slab,,,slab,red_plaster,,,
TRUE,westeros_marble_plaster_tab,FALSE,,,Red Plaster Smooth Stairs,red_plaster_stairs,,,stair,red_plaster,,,
TRUE,westeros_marble_plaster_tab,FALSE,,,Red Plaster Smooth Tip,red_plaster_tip,,,cuboid,red_plaster,,,
TRUE,westeros_marble_plaster_tab,FALSE,,,Red Plaster Smooth Wall,red_plaster_wall,,,wall,red_plaster,,,
FALSE,westeros_flowers_tab,FALSE,,,Red Poppies,red_poppies,,,plant,,,,
FALSE,westeros_foliage_tab,FALSE,,,Red Rose Bush,red_rose_bush,,,leaves,,,,
FALSE,westeros_flowers_tab,FALSE,,,Red Roses,red_roses,,,plant,,,,
TRUE,westeros_sand_gravel_tab,FALSE,,,Red Sand,red_sand,,,solid,red_sand,,,
TRUE,westeros_sand_gravel_tab,FALSE,,,Red Sand Layer,red_sand_layer,,,layer,red_sand,,,
TRUE,westeros_medium_ashlar_tab,FALSE,,,Medium Ashlar Red,red_sandstone,,,solid,red_sandstone,,,
TRUE,westeros_medium_ashlar_tab,FALSE,,,Medium Ashlar Red Arrow_slit,red_sandstone_arrow_slit,,,solid,red_sandstone,,,
TRUE,westeros_medium_ashlar_tab,FALSE,,,Medium Ashlar Red Arrow_slit_ornate,red_sandstone_arrow_slit_ornate,,,solid,red_sandstone,,,
TRUE,westeros_medium_ashlar_tab,FALSE,,,Medium Ashlar Red Arrow_slit_window,red_sandstone_arrow_slit_window,,,solid,red_sandstone,,,
TRUE,westeros_medium_ashlar_tab,FALSE,,,Medium Ashlar Red Fence,red_sandstone_fence,,,fence,red_sandstone,,,
TRUE,westeros_medium_ashlar_tab,FALSE,,,Medium Ashlar Red Hopper,red_sandstone_hopper,,,cuboid,red_sandstone,,,
TRUE,westeros_polished_stone_tab,FALSE,,,Polished Stone Red,red_sandstone_polished,Doku,,solid,red_sandstone_polished,,,
TRUE,westeros_polished_stone_tab,FALSE,,,Polished Stone Red Slab,red_sandstone_polished_slab,Doku,,slab,red_sandstone_polished,,,
TRUE,westeros_polished_stone_tab,FALSE,,,Polished Stone Red Stairs,red_sandstone_polished_stairs,Doku,,stair,red_sandstone_polished,,,
TRUE,westeros_polished_stone_tab,FALSE,,,Polished Stone Red Wall,red_sandstone_polished_wall,Doku,,wall,red_sandstone_polished,,,
TRUE,westeros_medium_ashlar_tab,FALSE,,,Medium Ashlar Red Slab,red_sandstone_slab,,,slab,red_sandstone,,,
TRUE,westeros_medium_ashlar_tab,FALSE,,,Medium Ashlar Red Stairs,red_sandstone_stairs,,,stair,red_sandstone,,,
TRUE,westeros_medium_ashlar_tab,FALSE,,,Medium Ashlar Red Tip,red_sandstone_tip,,,cuboid,red_sandstone,,,
TRUE,westeros_medium_ashlar_tab,FALSE,,,Medium Ashlar Red Wall,red_sandstone_wall,,,wall,red_sandstone,,,
TRUE,westeros_roofing_tab,FALSE,Roofing Update,,Red Slate,red_slate,,,solid,red_slate,,,
TRUE,westeros_roofing_tab,FALSE,Roofing Update,,Red Slate Fence,red_slate_fence,,,fence,red_slate,,,
TRUE,westeros_roofing_tab,FALSE,Roofing Update,,Red Slate Hopper,red_slate_hopper,,,cuboid,red_slate,,,
TRUE,westeros_roofing_tab,FALSE,Roofing Update,,Red Slate Slab,red_slate_slab,,,slab,red_slate,,,
TRUE,westeros_roofing_tab,FALSE,Roofing Update,,Red Slate Stairs,red_slate_stairs,,,stair,red_slate,,,
TRUE,westeros_roofing_tab,FALSE,Roofing Update,,Red Slate Tip,red_slate_tip,,,cuboid,red_slate,,,
TRUE,westeros_roofing_tab,FALSE,Roofing Update,,Red Slate Wall,red_slate_wall,,,wall,red_slate,,,
FALSE,westeros_flowers_tab,FALSE,,,Red Sorrel,red_sorrel,,,plant,,,,
FALSE,westeros_crops_herbs_tab,FALSE,,,Red Sourleaf Bush,red_sourleaf_bush,,,plant,,,,
TRUE,westeros_wood_planks_tab,FALSE,Wood Update,Ready For Work,Red Wood Window_frame,red_timber_window_frame,Doku,,solid,red_wood,,,
TRUE,westeros_wood_planks_tab,FALSE,Wood Update,Ready For Work,Red Wood Window_frame_mullion,red_timber_window_frame_mullion,Doku,,solid,red_wood,,,
FALSE,westeros_flowers_tab,FALSE,,,Red Tulips,red_tulips,,,plant,,,,
TRUE,westeros_wood_planks_tab,FALSE,Wood Update,Complete,Red Wood,red_wood,Doku,,solid,red_wood,,,
TRUE,westeros_wood_planks_tab,FALSE,Wood Update,Complete,Red Wood Carpet,red_wood_carpet,Doku,,cuboid,red_wood,,,
TRUE,westeros_wood_planks_tab,FALSE,Wood Update,Complete,Red Wood Fence,red_wood_fence,Doku,,fence,red_wood,,,
TRUE,westeros_wood_planks_tab,FALSE,Wood Update,Complete,Red Wood Vertical Planks Half_door,red_wood_half_door,Doku,,cuboid-nsew,red_wood_vertical_planks,,,
TRUE,westeros_wood_planks_tab,FALSE,Wood Update,Complete,Red Wood Hopper,red_wood_hopper,Doku,,cuboid,red_wood,,,
TRUE,westeros_wood_planks_tab,FALSE,Wood Update,Complete,Red Wood Slab,red_wood_slab,Doku,,slab,red_wood,,,
TRUE,westeros_wood_planks_tab,FALSE,Wood Update,Complete,Red Wood Stairs,red_wood_stairs,Doku,,stair,red_wood,,,
TRUE,westeros_wood_planks_tab,FALSE,Wood Update,Complete,Red Wood Tip,red_wood_tip,Doku,,cuboid,red_wood,,,
TRUE,westeros_wood_planks_tab,FALSE,Wood Update,Complete,Red Wood Vertical Planks,red_wood_vertical_planks,Doku,,solid,red_wood_vertical_planks,,,
TRUE,westeros_wood_planks_tab,FALSE,Wood Update,Complete,Red Wood Vertical Planks Carpet,red_wood_vertical_planks_carpet,Doku,,cuboid,red_wood_vertical_planks,,,
TRUE,westeros_wood_planks_tab,FALSE,Wood Update,Complete,Red Wood Vertical Planks Fence,red_wood_vertical_planks_fence,Doku,,fence,red_wood_vertical_planks,,,
TRUE,westeros_wood_planks_tab,FALSE,Wood Update,Complete,Red Wood Vertical Planks Hopper,red_wood_vertical_planks_hopper,Doku,,cuboid,red_wood_vertical_planks,,,
TRUE,westeros_wood_planks_tab,FALSE,Wood Update,Complete,Red Wood Vertical Planks Slab,red_wood_vertical_planks_slab,Doku,,slab,red_wood_vertical_planks,,,
TRUE,westeros_wood_planks_tab,FALSE,Wood Update,Complete,Red Wood Vertical Planks Stairs,red_wood_vertical_planks_stairs,Doku,,stair,red_wood_vertical_planks,,,
TRUE,westeros_wood_planks_tab,FALSE,Wood Update,Complete,Red Wood Vertical Planks Tip,red_wood_vertical_planks_tip,Doku,,cuboid,red_wood_vertical_planks,,,
TRUE,westeros_wood_planks_tab,FALSE,Wood Update,Complete,Red Wood Vertical Planks Wall,red_wood_vertical_planks_wall,Doku,,wall,red_wood_vertical_planks,,,
TRUE,westeros_wood_planks_tab,FALSE,Wood Update,Complete,Red Wood Wall,red_wood_wall,Doku,,wall,red_wood,,,
TRUE,westeros_cloth_fibers_tab,FALSE,,,Red Wool,red_wool,Doku,,solid,red_wool,,,
FALSE,westeros_banners_tab,FALSE,,,Red Wool Banner,red_wool_banner,WesterosBlocks,,cuboid-nsew-stack,,,,
TRUE,westeros_cloth_fibers_tab,FALSE,,,Red Wool Carpet,red_wool_carpet,Doku,,cuboid,red_wool,,,
TRUE,westeros_cloth_fibers_tab,FALSE,,,Red Wool Fence,red_wool_fence,Doku,,fence,red_wool,,,
TRUE,westeros_cloth_fibers_tab,FALSE,,,Red Wool Slab,red_wool_slab,Doku,,slab,red_wool,,,
TRUE,westeros_cloth_fibers_tab,FALSE,,,Red Wool Stairs,red_wool_stairs,Doku,,stair,red_wool,,,
TRUE,westeros_cloth_fibers_tab,FALSE,,,Red Wool Tip,red_wool_tip,Doku,,cuboid,red_wool,,,
TRUE,westeros_cloth_fibers_tab,FALSE,,,Red Wool Wall,red_wool_wall,Doku,,wall,red_wool,,,
FALSE,westeros_banners_tab,FALSE,,,Redfort Banner,redfort_banner,WesterosBlocks,,cuboid-nsew-stack,,,,
FALSE,westeros_panelling_carvings_tab,FALSE,,,Red/Orange Carved Sandstone,redorange_carved_sandstone,,,solid,,,,
TRUE,westeros_roofing_tab,FALSE,Roofing Update,,Red-Orange Slate,redorange_slate,,,solid,redorange_slate,,,
TRUE,westeros_roofing_tab,FALSE,Roofing Update,,Red-Orange Slate Fence,redorange_slate_fence,,,fence,redorange_slate,,,
TRUE,westeros_roofing_tab,FALSE,Roofing Update,,Red-Orange Slate Hopper,redorange_slate_hopper,,,cuboid,redorange_slate,,,
TRUE,westeros_roofing_tab,FALSE,Roofing Update,,Red-Orange Slate Slab,redorange_slate_slab,,,slab,redorange_slate,,,
TRUE,westeros_roofing_tab,FALSE,Roofing Update,,Red-Orange Slate Stairs,redorange_slate_stairs,,,stair,redorange_slate,,,
TRUE,westeros_roofing_tab,FALSE,Roofing Update,,Red-Orange Slate Tip,redorange_slate_tip,,,cuboid,redorange_slate,,,
TRUE,westeros_roofing_tab,FALSE,Roofing Update,,Red-Orange Slate Wall,redorange_slate_wall,,,wall,redorange_slate,,,
FALSE,westeros_banners_tab,FALSE,,,Redwyne Banner,redwyne_banner,WesterosBlocks,,cuboid-nsew-stack,,,,
FALSE,westeros_banners_tab,FALSE,,,Reed Banner,reed_banner,WesterosBlocks,,cuboid-nsew-stack,,,,
FALSE,westeros_wood_planks_tab,FALSE,Wood Update,Ready For Work,Reinforced Oak Fence,reinforced_oak_fence,,,fence,,,,
FALSE,westeros_banners_tab,FALSE,,,Renly Banner,renly_banner,WesterosBlocks,,cuboid-nsew-stack,,,,
FALSE,westeros_banners_tab,FALSE,,,Reyne Banner,reyne_banner,WesterosBlocks,,cuboid-nsew-stack,,,,
TRUE,westeros_cobblestone_tab,FALSE,Cobblestone Update,Ready For Work,River Rubble,river_cobble,WesterosBlocks,,solid,river_cobble,,,
TRUE,westeros_cobblestone_tab,FALSE,Cobblestone Update,Ready For Work,River Rubble Fence,river_cobble_fence,WesterosBlocks,,fence,river_cobble,,,
TRUE,westeros_cobblestone_tab,FALSE,Cobblestone Update,Ready For Work,River Rubble Hopper,river_cobble_hopper,WesterosBlocks,,cuboid,river_cobble,,,
TRUE,westeros_cobblestone_tab,FALSE,Cobblestone Update,Ready For Work,River Rubble Slab,river_cobble_slab,WesterosBlocks,,slab,river_cobble,,,
TRUE,westeros_cobblestone_tab,FALSE,Cobblestone Update,Ready For Work,River Rubble Stairs,river_cobble_stairs,WesterosBlocks,,stair,river_cobble,,,
TRUE,westeros_cobblestone_tab,FALSE,Cobblestone Update,Ready For Work,River Rubble Tip,river_cobble_tip,WesterosBlocks,,cuboid,river_cobble,,,
TRUE,westeros_cobblestone_tab,FALSE,Cobblestone Update,Ready For Work,River Rubble Wall,river_cobble_wall,WesterosBlocks,,wall,river_cobble,,,
FALSE,westeros_misc_tab,FALSE,,,River Road Marker,river_road_marker,,,cuboid-nsew,,,,
FALSE,westeros_banners_tab,FALSE,,,Rollingford Banner,rollingford_banner,WesterosBlocks,,cuboid-nsew-stack,,,,
FALSE,westeros_sounds_tab,FALSE,,,Rookery Large,rookery_large,,,sound,,,,
FALSE,westeros_sounds_tab,FALSE,,,Rookery Small,rookery_small,,,sound,,,,
FALSE,westeros_cloth_fibers_tab,FALSE,,,Rope Block Harness,rope_block_harness,,,web,,,,
FALSE,westeros_cloth_fibers_tab,FALSE,,,Rope Ladder,rope_ladder,,,ladder,,,,
FALSE,westeros_misc_tab,FALSE,,,Rope Pulley,rope_pulley,,,cuboid-nsewud,,,,
FALSE,westeros_banners_tab,FALSE,,,Rosby Banner,rosby_banner,WesterosBlocks,,cuboid-nsew-stack,,,,
FALSE,westeros_misc_tab,FALSE,,,Rose Road Marker,rose_road_marker,,,cuboid-nsew,,,,
TRUE,westeros_brick_tab,FALSE,,,Southern Brick Rough,rough_southern_brick,,,solid,rough_southern_brick,,,
TRUE,westeros_brick_tab,FALSE,,,Southern Brick Rough Fence,rough_southern_brick_fence,,,fence,rough_southern_brick,,,
TRUE,westeros_brick_tab,FALSE,,,Southern Brick Rough Hopper,rough_southern_brick_hopper,,,cuboid,rough_southern_brick,,,
TRUE,westeros_brick_tab,FALSE,,,Southern Brick Rough Slab,rough_southern_brick_slab,,,slab,rough_southern_brick,,,
TRUE,westeros_brick_tab,FALSE,,,Southern Brick Rough Stairs,rough_southern_brick_stairs,,,stair,rough_southern_brick,,,
TRUE,westeros_brick_tab,FALSE,,,Southern Brick Rough Tip,rough_southern_brick_tip,,,cuboid,rough_southern_brick,,,
TRUE,westeros_brick_tab,FALSE,,,Southern Brick Rough Wall,rough_southern_brick_wall,,,wall,rough_southern_brick,,,
FALSE,westeros_banners_tab,FALSE,,,Rowan Banner,rowan_banner,WesterosBlocks,,cuboid-nsew-stack,,,,
FALSE,westeros_banners_tab,FALSE,,,Royce Banner,royce_banner,WesterosBlocks,,cuboid-nsew-stack,,,,
FALSE,westeros_sounds_tab,FALSE,,,Rushing Water Large,rushing_water_large,,,sound,,,,
FALSE,westeros_sounds_tab,FALSE,,,Rushing Water Small,rushing_water_small,,,sound,,,,
FALSE,westeros_banners_tab,FALSE,,,Ryger Banner,ryger_banner,WesterosBlocks,,cuboid-nsew-stack,,,,
FALSE,westeros_banners_tab,FALSE,,,Rykker Banner,rykker_banner,WesterosBlocks,,cuboid-nsew-stack,,,,
FALSE,westeros_banners_tab,FALSE,,,Ryswell Banner,ryswell_banner,WesterosBlocks,,cuboid-nsew-stack,,,,
FALSE,westeros_lighting_tab,FALSE,,,Safe Fire,safe_fire,,,fire,,,,
FALSE,westeros_food_blocks_tab,FALSE,Wood Update,Ready For Work,Salt Crate,salt_crate,,,solid,,,,
FALSE,westeros_sand_gravel_tab,FALSE,,,Sand Skeleton,sand_skeleton,,,sand,,,,
TRUE,westeros_sand_gravel_tab,FALSE,,,Sand Stones,sand_stones,,,solid,sand_stones,,,
TRUE,westeros_sand_gravel_tab,FALSE,,,Sand Stones Layer,sand_stones_layer,,,layer,sand_stones,,,
FALSE,westeros_furniture_tab,FALSE,,,Ashlar Furnace Light Brown,sandstone_furnace,,,furnace,,,,
FALSE,westeros_panelling_carvings_tab,FALSE,,,Sandstone Pillar,sandstone_pillar,,,log,,,,
TRUE,westeros_medium_ashlar_tab,FALSE,,,Medium Ashlar Sandstone Stairs,sandstone_stairs,,,stair,desert_sandstone,,,
TRUE,westeros_quarter_ashlar_tab,FALSE,,,Quarter Rounded Ashlar Sandy Pink,sandy_pink_brick,,,solid,sandy_pink_brick,,,
TRUE,westeros_quarter_ashlar_tab,FALSE,,,Quarter Rounded Ashlar Sandy Pink Arrow_slit,sandy_pink_brick_arrow_slit,,,solid,sandy_pink_brick,,,
TRUE,westeros_quarter_ashlar_tab,FALSE,,,Quarter Rounded Ashlar Sandy Pink Arrow_slit_ornate,sandy_pink_brick_arrow_slit_ornate,,,solid,sandy_pink_brick,,,
TRUE,westeros_quarter_ashlar_tab,FALSE,,,Quarter Rounded Ashlar Sandy Pink Arrow_slit_window,sandy_pink_brick_arrow_slit_window,,,solid,sandy_pink_brick,,,
TRUE,westeros_quarter_ashlar_tab,FALSE,,,Quarter Rounded Ashlar Sandy Pink Fence,sandy_pink_brick_fence,,,fence,sandy_pink_brick,,,
TRUE,westeros_quarter_ashlar_tab,FALSE,,,Quarter Rounded Ashlar Sandy Pink Hopper,sandy_pink_brick_hopper,,,cuboid,sandy_pink_brick,,,
TRUE,westeros_quarter_ashlar_tab,FALSE,,,Quarter Rounded Ashlar Sandy Pink Slab,sandy_pink_brick_slab,,,slab,sandy_pink_brick,,,
TRUE,westeros_quarter_ashlar_tab,FALSE,,,Quarter Rounded Ashlar Sandy Pink Stairs,sandy_pink_brick_stairs,,,stair,sandy_pink_brick,,,
TRUE,westeros_quarter_ashlar_tab,FALSE,,,Quarter Rounded Ashlar Sandy Pink Tip,sandy_pink_brick_tip,,,cuboid,sandy_pink_brick,,,
TRUE,westeros_quarter_ashlar_tab,FALSE,,,Quarter Rounded Ashlar Sandy Pink Wall,sandy_pink_brick_wall,,,wall,sandy_pink_brick,,,
TRUE,westeros_cobblestone_tab,FALSE,Cobblestone Update,Ready For Work,Dark Cobblestone Sandy Pink Stairs,sandy_pink_cobble_stairs,,,stair,sandy_pink_cobblestone,,,
TRUE,westeros_cobblestone_tab,FALSE,Cobblestone Update,Ready For Work,Dark Cobblestone Sandy Pink Wall,sandy_pink_cobble_wall,,,wall,sandy_pink_cobblestone,,,
TRUE,westeros_cobblestone_tab,FALSE,Cobblestone Update,Ready For Work,Dark Cobblestone Sandy Pink,sandy_pink_cobblestone,,,solid,sandy_pink_cobblestone,,,
TRUE,westeros_cobblestone_tab,FALSE,Cobblestone Update,Ready For Work,Dark Cobblestone Sandy Pink Fence,sandy_pink_cobblestone_fence,,,fence,sandy_pink_cobblestone,,,
TRUE,westeros_cobblestone_tab,FALSE,Cobblestone Update,Ready For Work,Dark Cobblestone Sandy Pink Hopper,sandy_pink_cobblestone_hopper,,,cuboid,sandy_pink_cobblestone,,,
TRUE,westeros_cobblestone_tab,FALSE,Cobblestone Update,Ready For Work,Dark Cobblestone Sandy Pink Slab,sandy_pink_cobblestone_slab,,,slab,sandy_pink_cobblestone,,,
TRUE,westeros_cobblestone_tab,FALSE,Cobblestone Update,Ready For Work,Dark Cobblestone Sandy Pink Tip,sandy_pink_cobblestone_tip,,,cuboid,sandy_pink_cobblestone,,,
TRUE,westeros_fieldstone_tab,FALSE,,,Fieldstone Light Sandy Pink,sandy_pink_faint_light_brick,Doku,,solid,sandy_pink_faint_light_brick,,,
TRUE,westeros_fieldstone_tab,FALSE,,,Fieldstone Light Sandy Pink Arrow_slit,sandy_pink_faint_light_brick_arrow_slit,Doku,,solid,sandy_pink_faint_light_brick,,,
TRUE,westeros_fieldstone_tab,FALSE,,,Fieldstone Light Sandy Pink Arrow_slit_ornate,sandy_pink_faint_light_brick_arrow_slit_ornate,Doku,,solid,sandy_pink_faint_light_brick,,,
TRUE,westeros_fieldstone_tab,FALSE,,,Fieldstone Light Sandy Pink Arrow_slit_window,sandy_pink_faint_light_brick_arrow_slit_window,Doku,,solid,sandy_pink_faint_light_brick,,,
TRUE,westeros_fieldstone_tab,FALSE,,,Fieldstone Light Sandy Pink Fence,sandy_pink_faint_light_brick_fence,Doku,,fence,sandy_pink_faint_light_brick,,,
TRUE,westeros_fieldstone_tab,FALSE,,,Fieldstone Light Sandy Pink Hopper,sandy_pink_faint_light_brick_hopper,Doku,,cuboid,sandy_pink_faint_light_brick,,,
TRUE,westeros_fieldstone_tab,FALSE,,,Fieldstone Light Sandy Pink Slab,sandy_pink_faint_light_brick_slab,Doku,,slab,sandy_pink_faint_light_brick,,,
TRUE,westeros_fieldstone_tab,FALSE,,,Fieldstone Light Sandy Pink Stairs,sandy_pink_faint_light_brick_stairs,Doku,,stair,sandy_pink_faint_light_brick,,,
TRUE,westeros_fieldstone_tab,FALSE,,,Fieldstone Light Sandy Pink Tip,sandy_pink_faint_light_brick_tip,Doku,,cuboid,sandy_pink_faint_light_brick,,,
TRUE,westeros_fieldstone_tab,FALSE,,,Fieldstone Light Sandy Pink Wall,sandy_pink_faint_light_brick_wall,Doku,,wall,sandy_pink_faint_light_brick,,,
TRUE,westeros_half_ashlar_tab,FALSE,,,Half Ashlar Sandy Pink,sandy_pink_large_brick,Doku,,solid,sandy_pink_large_brick,,,
TRUE,westeros_half_ashlar_tab,FALSE,,,Half Ashlar Sandy Pink Arrow_slit,sandy_pink_large_brick_arrow_slit,Doku,,solid,sandy_pink_large_brick,,,
TRUE,westeros_half_ashlar_tab,FALSE,,,Half Ashlar Sandy Pink Arrow_slit_ornate,sandy_pink_large_brick_arrow_slit_ornate,Doku,,solid,sandy_pink_large_brick,,,
TRUE,westeros_half_ashlar_tab,FALSE,,,Half Ashlar Sandy Pink Arrow_slit_window,sandy_pink_large_brick_arrow_slit_window,Doku,,solid,sandy_pink_large_brick,,,
TRUE,westeros_half_ashlar_tab,FALSE,,,Half Ashlar Sandy Pink Fence,sandy_pink_large_brick_fence,Doku,,fence,sandy_pink_large_brick,,,
TRUE,westeros_half_ashlar_tab,FALSE,,,Half Ashlar Sandy Pink Hopper,sandy_pink_large_brick_hopper,Doku,,cuboid,sandy_pink_large_brick,,,
TRUE,westeros_half_ashlar_tab,FALSE,,,Half Ashlar Sandy Pink Slab,sandy_pink_large_brick_slab,Doku,,slab,sandy_pink_large_brick,,,
TRUE,westeros_half_ashlar_tab,FALSE,,,Half Ashlar Sandy Pink Stairs,sandy_pink_large_brick_stairs,Doku,,stair,sandy_pink_large_brick,,,
TRUE,westeros_half_ashlar_tab,FALSE,,,Half Ashlar Sandy Pink Tip,sandy_pink_large_brick_tip,Doku,,cuboid,sandy_pink_large_brick,,,
TRUE,westeros_half_ashlar_tab,FALSE,,,Half Ashlar Sandy Pink Wall,sandy_pink_large_brick_wall,Doku,,wall,sandy_pink_large_brick,,,
TRUE,westeros_fieldstone_tab,FALSE,,,Fieldstone Sandy Pink,sandy_pink_light_brick,Doku,,solid,sandy_pink_light_brick,,,
TRUE,westeros_fieldstone_tab,FALSE,,,Fieldstone Sandy Pink Arrow_slit,sandy_pink_light_brick_arrow_slit,Doku,,solid,sandy_pink_light_brick,,,
TRUE,westeros_fieldstone_tab,FALSE,,,Fieldstone Sandy Pink Arrow_slit_ornate,sandy_pink_light_brick_arrow_slit_ornate,Doku,,solid,sandy_pink_light_brick,,,
TRUE,westeros_fieldstone_tab,FALSE,,,Fieldstone Sandy Pink Arrow_slit_window,sandy_pink_light_brick_arrow_slit_window,Doku,,solid,sandy_pink_light_brick,,,
TRUE,westeros_fieldstone_tab,FALSE,,,Fieldstone Sandy Pink Fence,sandy_pink_light_brick_fence,Doku,,fence,sandy_pink_light_brick,,,
TRUE,westeros_fieldstone_tab,FALSE,,,Fieldstone Sandy Pink Hopper,sandy_pink_light_brick_hopper,Doku,,cuboid,sandy_pink_light_brick,,,
TRUE,westeros_fieldstone_tab,FALSE,,,Fieldstone Sandy Pink Slab,sandy_pink_light_brick_slab,Doku,,slab,sandy_pink_light_brick,,,
TRUE,westeros_fieldstone_tab,FALSE,,,Fieldstone Sandy Pink Stairs,sandy_pink_light_brick_stairs,Doku,,stair,sandy_pink_light_brick,,,
TRUE,westeros_fieldstone_tab,FALSE,,,Fieldstone Sandy Pink Tip,sandy_pink_light_brick_tip,Doku,,cuboid,sandy_pink_light_brick,,,
TRUE,westeros_fieldstone_tab,FALSE,,,Fieldstone Sandy Pink Wall,sandy_pink_light_brick_wall,Doku,,wall,sandy_pink_light_brick,,,
TRUE,westeros_cobblestone_tab,FALSE,Cobblestone Update,Ready For Work,Cobblestone Sandy Pink,sandy_pink_light_cobblestone,,,solid,sandy_pink_light_cobblestone,,,
TRUE,westeros_cobblestone_tab,FALSE,Cobblestone Update,Ready For Work,Cobblestone Sandy Pink Fence,sandy_pink_light_cobblestone_fence,,,fence,sandy_pink_light_cobblestone,,,
TRUE,westeros_cobblestone_tab,FALSE,Cobblestone Update,Ready For Work,Cobblestone Sandy Pink Hopper,sandy_pink_light_cobblestone_hopper,,,cuboid,sandy_pink_light_cobblestone,,,
TRUE,westeros_cobblestone_tab,FALSE,Cobblestone Update,Ready For Work,Cobblestone Sandy Pink Slab,sandy_pink_light_cobblestone_slab,,,slab,sandy_pink_light_cobblestone,,,
TRUE,westeros_cobblestone_tab,FALSE,Cobblestone Update,Ready For Work,Cobblestone Sandy Pink Stairs,sandy_pink_light_cobblestone_stairs,,,stair,sandy_pink_light_cobblestone,,,
TRUE,westeros_cobblestone_tab,FALSE,Cobblestone Update,Ready For Work,Cobblestone Sandy Pink Tip,sandy_pink_light_cobblestone_tip,,,cuboid,sandy_pink_light_cobblestone,,,
TRUE,westeros_cobblestone_tab,FALSE,Cobblestone Update,Ready For Work,Cobblestone Sandy Pink Wall,sandy_pink_light_cobblestone_wall,,,wall,sandy_pink_light_cobblestone,,,
TRUE,westeros_smooth_ashlar_tab,FALSE,,,Smooth Ashlar Sandy Pink,sandy_pink_light_stone,,,solid,sandy_pink_light_stone,,,
TRUE,westeros_smooth_ashlar_tab,FALSE,,,Smooth Ashlar Sandy Pink Arrow_slit,sandy_pink_light_stone_arrow_slit,,,solid,sandy_pink_light_stone,,,
TRUE,westeros_smooth_ashlar_tab,FALSE,,,Smooth Ashlar Sandy Pink Arrow_slit_ornate,sandy_pink_light_stone_arrow_slit_ornate,,,solid,sandy_pink_light_stone,,,
TRUE,westeros_smooth_ashlar_tab,FALSE,,,Smooth Ashlar Sandy Pink Arrow_slit_window,sandy_pink_light_stone_arrow_slit_window,,,solid,sandy_pink_light_stone,,,
TRUE,westeros_smooth_ashlar_tab,FALSE,,,Smooth Ashlar Sandy Pink Fence,sandy_pink_light_stone_fence,,,fence,sandy_pink_light_stone,,,
TRUE,westeros_smooth_ashlar_tab,FALSE,,,Smooth Ashlar Sandy Pink Hopper,sandy_pink_light_stone_hopper,,,cuboid,sandy_pink_light_stone,,,
TRUE,westeros_smooth_ashlar_tab,FALSE,,,Smooth Ashlar Sandy Pink Slab,sandy_pink_light_stone_slab,,,slab,sandy_pink_light_stone,,,
TRUE,westeros_smooth_ashlar_tab,FALSE,,,Smooth Ashlar Sandy Pink Stairs,sandy_pink_light_stone_stairs,,,stair,sandy_pink_light_stone,,,
TRUE,westeros_smooth_ashlar_tab,FALSE,,,Smooth Ashlar Sandy Pink Tip,sandy_pink_light_stone_tip,,,cuboid,sandy_pink_light_stone,,,
TRUE,westeros_smooth_ashlar_tab,FALSE,,,Smooth Ashlar Sandy Pink Wall,sandy_pink_light_stone_wall,,,wall,sandy_pink_light_stone,,,
TRUE,westeros_marble_plaster_tab,FALSE,,,Sandy Pink Plaster Smooth,sandy_pink_plaster,,,solid,sandy_pink_plaster,,,
TRUE,westeros_marble_plaster_tab,FALSE,,,Sandy Pink Plaster Smooth Fence,sandy_pink_plaster_fence,,,fence,sandy_pink_plaster,,,
TRUE,westeros_marble_plaster_tab,FALSE,,,Sandy Pink Plaster Smooth Hopper,sandy_pink_plaster_hopper,,,cuboid,sandy_pink_plaster,,,
TRUE,westeros_marble_plaster_tab,FALSE,,,Sandy Pink Plaster Rough,sandy_pink_plaster_rough,,,solid,sandy_pink_plaster_rough,,,
TRUE,westeros_marble_plaster_tab,FALSE,,,Sandy Pink Plaster Rough Fence,sandy_pink_plaster_rough_fence,,,fence,sandy_pink_plaster_rough,,,
TRUE,westeros_marble_plaster_tab,FALSE,,,Sandy Pink Plaster Rough Hopper,sandy_pink_plaster_rough_hopper,,,cuboid,sandy_pink_plaster_rough,,,
TRUE,westeros_marble_plaster_tab,FALSE,,,Sandy Pink Plaster Rough Slab,sandy_pink_plaster_rough_slab,,,slab,sandy_pink_plaster_rough,,,
TRUE,westeros_marble_plaster_tab,FALSE,,,Sandy Pink Plaster Rough Stairs,sandy_pink_plaster_rough_stairs,,,stair,sandy_pink_plaster_rough,,,
TRUE,westeros_marble_plaster_tab,FALSE,,,Sandy Pink Plaster Rough Tip,sandy_pink_plaster_rough_tip,,,cuboid,sandy_pink_plaster_rough,,,
TRUE,westeros_marble_plaster_tab,FALSE,,,Sandy Pink Plaster Rough Wall,sandy_pink_plaster_rough_wall,,,wall,sandy_pink_plaster_rough,,,
TRUE,westeros_marble_plaster_tab,FALSE,,,Sandy Pink Plaster Smooth Slab,sandy_pink_plaster_slab,,,slab,sandy_pink_plaster,,,
TRUE,westeros_marble_plaster_tab,FALSE,,,Sandy Pink Plaster Smooth Stairs,sandy_pink_plaster_stairs,,,stair,sandy_pink_plaster,,,
TRUE,westeros_marble_plaster_tab,FALSE,,,Sandy Pink Plaster Smooth Tip,sandy_pink_plaster_tip,,,cuboid,sandy_pink_plaster,,,
TRUE,westeros_marble_plaster_tab,FALSE,,,Sandy Pink Plaster Smooth Wall,sandy_pink_plaster_wall,,,wall,sandy_pink_plaster,,,
FALSE,westeros_cobblestone_tab,FALSE,Cobblestone Update,Ready For Work,Sandy Stone Slabs,sandy_stone_slabs,,,solid,,,,
FALSE,westeros_banners_tab,FALSE,,,Santagar Banner,santagar_banner,WesterosBlocks,,cuboid-nsew-stack,,,,
FALSE,westeros_food_blocks_tab,FALSE,,,Sausages Leg of Ham,sausages_leg_of_ham,,,web,,,,
FALSE,westeros_grasses_shrubs_tab,FALSE,,,Savanna Tall Grass,savanna_tall_grass,,,web,,,,
TRUE,westeros_grass_dirt_tab,FALSE,,,Scorched Earth,scorched_earth,,,solid,scorched_earth,,,
TRUE,westeros_grass_dirt_tab,FALSE,,,Scorched Earth Layer,scorched_earth_layer,,,layer,scorched_earth,,,
TRUE,westeros_grass_dirt_tab,FALSE,,,Scorched Earth Slab,scorched_earth_slab,,,slab,scorched_earth,,,
FALSE,westeros_water_air_tab,FALSE,,,Seagrass,seagrass,,,crop,,,,
FALSE,westeros_banners_tab,FALSE,,,Selmy Banner,selmy_banner,WesterosBlocks,,cuboid-nsew-stack,,,,
FALSE,westeros_windows_glass_tab,FALSE,,,Sept Crystal Large,sept_crystal_large,,,solid,,,,
FALSE,westeros_decor_tab,FALSE,,,Sept Crystal Medium,sept_crystal_medium,,,wall,,,,
FALSE,westeros_decor_tab,FALSE,,,Sept Crystal Small,sept_crystal_small,,,fence,,,,
FALSE,westeros_sounds_tab,FALSE,,,Sept Large,sept_large,,,sound,,,,
FALSE,westeros_sounds_tab,FALSE,,,Sept Small,sept_small,,,sound,,,,
FALSE,westeros_banners_tab,FALSE,,,Serrett Banner,serrett_banner,WesterosBlocks,,cuboid-nsew-stack,,,,
FALSE,westeros_sounds_tab,FALSE,,,Sewer,sewer,,,sound,,,,
FALSE,westeros_decor_tab,FALSE,,,Generic Sewer Manhole,sewer_manhole,,,trapdoor,,,,
FALSE,westeros_sounds_tab,FALSE,,,Ship Sails,ship_sails,,,sound,,,,
FALSE,westeros_utility_tab,FALSE,,,Shop' Utility Block,shop_utility_block,,,solid,,,,
FALSE,westeros_tool_blocks_tab,FALSE,,,Shovel Block,shovel_block,,,cuboid-nsew,,,,
FALSE,westeros_decor_tab,FALSE,,,Signal Smoke Particle Emitter,signal_smoke_particle_emitter,,,particle,,,,
TRUE,westeros_terrain_sets_tab,FALSE,,,Silver Ore,silver_ore,,,solid,silver_ore,,,
TRUE,westeros_terrain_sets_tab,FALSE,,,Silver Ore Slab,silver_ore_slab,,,slab,silver_ore,,,
TRUE,westeros_terrain_sets_tab,FALSE,,,Silver Ore Stairs,silver_ore_stairs,,,stair,silver_ore,,,
TRUE,westeros_terrain_sets_tab,FALSE,,,Silver Ore Wall,silver_ore_wall,,,wall,silver_ore,,,
FALSE,westeros_decor_tab,FALSE,Wood Update,Ready For Work,Silver Tin Crate,silver_tin_crate,,,solid,,,,
FALSE,westeros_decor_tab,FALSE,,,Skull,skull,,,cuboid-16way,,,,
TRUE,westeros_quarter_ashlar_tab,FALSE,,,Quarter Rounded Ashlar Arbor,small_arbor_brick,,,solid,small_arbor_brick,,,
TRUE,westeros_quarter_ashlar_tab,FALSE,,,Quarter Rounded Ashlar Arbor Arrow_slit,small_arbor_brick_arrow_slit,,,solid,small_arbor_brick,,,
TRUE,westeros_quarter_ashlar_tab,FALSE,,,Quarter Rounded Ashlar Arbor Arrow_slit_ornate,small_arbor_brick_arrow_slit_ornate,,,solid,small_arbor_brick,,,
TRUE,westeros_quarter_ashlar_tab,FALSE,,,Quarter Rounded Ashlar Arbor Arrow_slit_window,small_arbor_brick_arrow_slit_window,,,solid,small_arbor_brick,,,
TRUE,westeros_quarter_ashlar_tab,FALSE,,,Quarter Rounded Ashlar Arbor Fence,small_arbor_brick_fence,,,fence,small_arbor_brick,,,
TRUE,westeros_quarter_ashlar_tab,FALSE,,,Quarter Rounded Ashlar Arbor Hopper,small_arbor_brick_hopper,,,cuboid,small_arbor_brick,,,
TRUE,westeros_quarter_ashlar_tab,FALSE,,,Quarter Rounded Ashlar Arbor Slab,small_arbor_brick_slab,,,slab,small_arbor_brick,,,
TRUE,westeros_quarter_ashlar_tab,FALSE,,,Quarter Rounded Ashlar Arbor Stairs,small_arbor_brick_stairs,,,stair,small_arbor_brick,,,
TRUE,westeros_quarter_ashlar_tab,FALSE,,,Quarter Rounded Ashlar Arbor Tip,small_arbor_brick_tip,,,cuboid,small_arbor_brick,,,
TRUE,westeros_quarter_ashlar_tab,FALSE,,,Quarter Rounded Ashlar Arbor Wall,small_arbor_brick_wall,,,wall,small_arbor_brick,,,
TRUE,westeros_quarter_ashlar_tab,FALSE,,,Quarter Ashlar Brown Grey,small_brown_grey_brick,,,solid,small_brown_grey_brick,,,
TRUE,westeros_quarter_ashlar_tab,FALSE,,,Quarter Ashlar Brown Grey Arrow_slit,small_brown_grey_brick_arrow_slit,,,solid,small_brown_grey_brick,,,
TRUE,westeros_quarter_ashlar_tab,FALSE,,,Quarter Ashlar Brown Grey Arrow_slit_ornate,small_brown_grey_brick_arrow_slit_ornate,,,solid,small_brown_grey_brick,,,
TRUE,westeros_quarter_ashlar_tab,FALSE,,,Quarter Ashlar Brown Grey Arrow_slit_window,small_brown_grey_brick_arrow_slit_window,,,solid,small_brown_grey_brick,,,
TRUE,westeros_quarter_ashlar_tab,FALSE,,,Quarter Ashlar Brown Grey Fence,small_brown_grey_brick_fence,,,fence,small_brown_grey_brick,,,
TRUE,westeros_quarter_ashlar_tab,FALSE,,,Quarter Ashlar Brown Grey Hopper,small_brown_grey_brick_hopper,,,cuboid,small_brown_grey_brick,,,
TRUE,westeros_quarter_ashlar_tab,FALSE,,,Quarter Ashlar Brown Grey Slab,small_brown_grey_brick_slab,,,slab,small_brown_grey_brick,,,
TRUE,westeros_quarter_ashlar_tab,FALSE,,,Quarter Ashlar Brown Grey Stairs,small_brown_grey_brick_stairs,,,stair,small_brown_grey_brick,,,
TRUE,westeros_quarter_ashlar_tab,FALSE,,,Quarter Ashlar Brown Grey Tip,small_brown_grey_brick_tip,,,cuboid,small_brown_grey_brick,,,
TRUE,westeros_quarter_ashlar_tab,FALSE,,,Quarter Ashlar Brown Grey Wall,small_brown_grey_brick_wall,,,wall,small_brown_grey_brick,,,
TRUE,westeros_quarter_ashlar_tab,FALSE,,,Quarter Rounded Ashlar Pale Red,small_coarse_red_brick,,,solid,small_coarse_red_brick,,,
TRUE,westeros_quarter_ashlar_tab,FALSE,,,Quarter Rounded Ashlar Pale Red Arrow_slit,small_coarse_red_brick_arrow_slit,,,solid,small_coarse_red_brick,,,
TRUE,westeros_quarter_ashlar_tab,FALSE,,,Quarter Rounded Ashlar Pale Red Arrow_slit_ornate,small_coarse_red_brick_arrow_slit_ornate,,,solid,small_coarse_red_brick,,,
TRUE,westeros_quarter_ashlar_tab,FALSE,,,Quarter Rounded Ashlar Pale Red Arrow_slit_window,small_coarse_red_brick_arrow_slit_window,,,solid,small_coarse_red_brick,,,
TRUE,westeros_quarter_ashlar_tab,FALSE,,,Quarter Rounded Ashlar Pale Red Fence,small_coarse_red_brick_fence,,,fence,small_coarse_red_brick,,,
TRUE,westeros_quarter_ashlar_tab,FALSE,,,Quarter Rounded Ashlar Pale Red Hopper,small_coarse_red_brick_hopper,,,cuboid,small_coarse_red_brick,,,
TRUE,westeros_quarter_ashlar_tab,FALSE,,,Quarter Rounded Ashlar Pale Red Slab,small_coarse_red_brick_slab,,,slab,small_coarse_red_brick,,,
TRUE,westeros_quarter_ashlar_tab,FALSE,,,Quarter Rounded Ashlar Pale Red Stairs,small_coarse_red_brick_stairs,,,stair,small_coarse_red_brick,,,
TRUE,westeros_quarter_ashlar_tab,FALSE,,,Quarter Rounded Ashlar Pale Red Tip,small_coarse_red_brick_tip,,,cuboid,small_coarse_red_brick,,,
TRUE,westeros_quarter_ashlar_tab,FALSE,,,Quarter Rounded Ashlar Pale Red Wall,small_coarse_red_brick_wall,,,wall,small_coarse_red_brick,,,
TRUE,westeros_quarter_ashlar_tab,FALSE,,,Quarter Ashlar Dark Grey,small_dark_grey_brick,,,solid,small_dark_grey_brick,,,
TRUE,westeros_quarter_ashlar_tab,FALSE,,,Quarter Ashlar Dark Grey Arrow_slit,small_dark_grey_brick_arrow_slit,,,solid,small_dark_grey_brick,,,
TRUE,westeros_quarter_ashlar_tab,FALSE,,,Quarter Ashlar Dark Grey Arrow_slit_ornate,small_dark_grey_brick_arrow_slit_ornate,,,solid,small_dark_grey_brick,,,
TRUE,westeros_quarter_ashlar_tab,FALSE,,,Quarter Ashlar Dark Grey Arrow_slit_window,small_dark_grey_brick_arrow_slit_window,,,solid,small_dark_grey_brick,,,
TRUE,westeros_quarter_ashlar_tab,FALSE,,,Quarter Ashlar Dark Grey Fence,small_dark_grey_brick_fence,,,fence,small_dark_grey_brick,,,
TRUE,westeros_quarter_ashlar_tab,FALSE,,,Quarter Ashlar Dark Grey Hopper,small_dark_grey_brick_hopper,,,cuboid,small_dark_grey_brick,,,
TRUE,westeros_quarter_ashlar_tab,FALSE,,,Quarter Ashlar Dark Grey Slab,small_dark_grey_brick_slab,,,slab,small_dark_grey_brick,,,
TRUE,westeros_quarter_ashlar_tab,FALSE,,,Quarter Ashlar Dark Grey Stairs,small_dark_grey_brick_stairs,,,stair,small_dark_grey_brick,,,
TRUE,westeros_quarter_ashlar_tab,FALSE,,,Quarter Ashlar Dark Grey Tip,small_dark_grey_brick_tip,,,cuboid,small_dark_grey_brick,,,
TRUE,westeros_quarter_ashlar_tab,FALSE,,,Quarter Ashlar Dark Grey Wall,small_dark_grey_brick_wall,,,wall,small_dark_grey_brick,,,
TRUE,westeros_quarter_ashlar_tab,FALSE,,,Quarter Rounded Ashlar Light Grey,small_faint_light_grey_brick,,,solid,small_faint_light_grey_brick,,,
TRUE,westeros_quarter_ashlar_tab,FALSE,,,Quarter Rounded Ashlar Light Grey Arrow_slit,small_faint_light_grey_brick_arrow_slit,,,solid,small_faint_light_grey_brick,,,
TRUE,westeros_quarter_ashlar_tab,FALSE,,,Quarter Rounded Ashlar Light Grey Arrow_slit_ornate,small_faint_light_grey_brick_arrow_slit_ornate,,,solid,small_faint_light_grey_brick,,,
TRUE,westeros_quarter_ashlar_tab,FALSE,,,Quarter Rounded Ashlar Light Grey Arrow_slit_window,small_faint_light_grey_brick_arrow_slit_window,,,solid,small_faint_light_grey_brick,,,
TRUE,westeros_quarter_ashlar_tab,FALSE,,,Quarter Rounded Ashlar Light Grey Fence,small_faint_light_grey_brick_fence,,,fence,small_faint_light_grey_brick,,,
TRUE,westeros_quarter_ashlar_tab,FALSE,,,Quarter Rounded Ashlar Light Grey Hopper,small_faint_light_grey_brick_hopper,,,cuboid,small_faint_light_grey_brick,,,
TRUE,westeros_quarter_ashlar_tab,FALSE,,,Quarter Rounded Ashlar Light Grey Slab,small_faint_light_grey_brick_slab,,,slab,small_faint_light_grey_brick,,,
TRUE,westeros_quarter_ashlar_tab,FALSE,,,Quarter Rounded Ashlar Light Grey Stairs,small_faint_light_grey_brick_stairs,,,stair,small_faint_light_grey_brick,,,
TRUE,westeros_quarter_ashlar_tab,FALSE,,,Quarter Rounded Ashlar Light Grey Tip,small_faint_light_grey_brick_tip,,,cuboid,small_faint_light_grey_brick,,,
TRUE,westeros_quarter_ashlar_tab,FALSE,,,Quarter Rounded Ashlar Light Grey Wall,small_faint_light_grey_brick_wall,,,wall,small_faint_light_grey_brick,,,
TRUE,westeros_quarter_ashlar_tab,FALSE,,,Quarter Rounded Ashlar Dun,small_kl_dun_brick,,,solid,small_kl_dun_brick,,,
TRUE,westeros_quarter_ashlar_tab,FALSE,,,Quarter Rounded Ashlar Dun Arrow_slit,small_kl_dun_brick_arrow_slit,,,solid,small_kl_dun_brick,,,
TRUE,westeros_quarter_ashlar_tab,FALSE,,,Quarter Rounded Ashlar Dun Arrow_slit_ornate,small_kl_dun_brick_arrow_slit_ornate,,,solid,small_kl_dun_brick,,,
TRUE,westeros_quarter_ashlar_tab,FALSE,,,Quarter Rounded Ashlar Dun Arrow_slit_window,small_kl_dun_brick_arrow_slit_window,,,solid,small_kl_dun_brick,,,
TRUE,westeros_quarter_ashlar_tab,FALSE,,,Quarter Rounded Ashlar Dun Fence,small_kl_dun_brick_fence,,,fence,small_kl_dun_brick,,,
TRUE,westeros_quarter_ashlar_tab,FALSE,,,Quarter Rounded Ashlar Dun Hopper,small_kl_dun_brick_hopper,,,cuboid,small_kl_dun_brick,,,
TRUE,westeros_quarter_ashlar_tab,FALSE,,,Quarter Rounded Ashlar Dun Slab,small_kl_dun_brick_slab,,,slab,small_kl_dun_brick,,,
TRUE,westeros_quarter_ashlar_tab,FALSE,,,Quarter Rounded Ashlar Dun Stairs,small_kl_dun_brick_stairs,,,stair,small_kl_dun_brick,,,
TRUE,westeros_quarter_ashlar_tab,FALSE,,,Quarter Rounded Ashlar Dun Tip,small_kl_dun_brick_tip,,,cuboid,small_kl_dun_brick,,,
TRUE,westeros_quarter_ashlar_tab,FALSE,,,Quarter Rounded Ashlar Dun Wall,small_kl_dun_brick_wall,,,wall,small_kl_dun_brick,,,
TRUE,westeros_quarter_ashlar_tab,FALSE,,,Quarter Ashlar Westerlands,small_lannisport_brick,,,solid,small_lannisport_brick,,,
TRUE,westeros_quarter_ashlar_tab,FALSE,,,Quarter Ashlar Westerlands Arrow_slit,small_lannisport_brick_arrow_slit,,,solid,small_lannisport_brick,,,
TRUE,westeros_quarter_ashlar_tab,FALSE,,,Quarter Ashlar Westerlands Arrow_slit_ornate,small_lannisport_brick_arrow_slit_ornate,,,solid,small_lannisport_brick,,,
TRUE,westeros_quarter_ashlar_tab,FALSE,,,Quarter Ashlar Westerlands Arrow_slit_window,small_lannisport_brick_arrow_slit_window,,,solid,small_lannisport_brick,,,
TRUE,westeros_quarter_ashlar_tab,FALSE,,,Quarter Ashlar Westerlands Fence,small_lannisport_brick_fence,,,fence,small_lannisport_brick,,,
TRUE,westeros_quarter_ashlar_tab,FALSE,,,Quarter Ashlar Westerlands Hopper,small_lannisport_brick_hopper,,,cuboid,small_lannisport_brick,,,
TRUE,westeros_quarter_ashlar_tab,FALSE,,,Quarter Ashlar Westerlands Slab,small_lannisport_brick_slab,,,slab,small_lannisport_brick,,,
TRUE,westeros_quarter_ashlar_tab,FALSE,,,Quarter Ashlar Westerlands Stairs,small_lannisport_brick_stairs,,,stair,small_lannisport_brick,,,
TRUE,westeros_quarter_ashlar_tab,FALSE,,,Quarter Ashlar Westerlands Tip,small_lannisport_brick_tip,,,cuboid,small_lannisport_brick,,,
TRUE,westeros_quarter_ashlar_tab,FALSE,,,Quarter Ashlar Westerlands Wall,small_lannisport_brick_wall,,,wall,small_lannisport_brick,,,
TRUE,westeros_quarter_ashlar_tab,FALSE,,,Quarter Ashlar Oldtown,small_oldtown_brick,,,solid,small_oldtown_brick,,,
TRUE,westeros_quarter_ashlar_tab,FALSE,,,Quarter Ashlar Oldtown Arrow_slit,small_oldtown_brick_arrow_slit,,,solid,small_oldtown_brick,,,
TRUE,westeros_quarter_ashlar_tab,FALSE,,,Quarter Ashlar Oldtown Arrow_slit_ornate,small_oldtown_brick_arrow_slit_ornate,,,solid,small_oldtown_brick,,,
TRUE,westeros_quarter_ashlar_tab,FALSE,,,Quarter Ashlar Oldtown Arrow_slit_window,small_oldtown_brick_arrow_slit_window,,,solid,small_oldtown_brick,,,
TRUE,westeros_quarter_ashlar_tab,FALSE,,,Quarter Ashlar Oldtown Fence,small_oldtown_brick_fence,,,fence,small_oldtown_brick,,,
TRUE,westeros_quarter_ashlar_tab,FALSE,,,Quarter Ashlar Oldtown Hopper,small_oldtown_brick_hopper,,,cuboid,small_oldtown_brick,,,
TRUE,westeros_quarter_ashlar_tab,FALSE,,,Quarter Ashlar Oldtown Slab,small_oldtown_brick_slab,,,slab,small_oldtown_brick,,,
TRUE,westeros_quarter_ashlar_tab,FALSE,,,Quarter Ashlar Oldtown Stairs,small_oldtown_brick_stairs,,,stair,small_oldtown_brick,,,
TRUE,westeros_quarter_ashlar_tab,FALSE,,,Quarter Ashlar Oldtown Tip,small_oldtown_brick_tip,,,cuboid,small_oldtown_brick,,,
TRUE,westeros_quarter_ashlar_tab,FALSE,,,Quarter Ashlar Oldtown Wall,small_oldtown_brick_wall,,,wall,small_oldtown_brick,,,
TRUE,westeros_brick_tab,FALSE,,,Orange Brick Arrow_slit,small_orange_brick_arrow_slit,,,solid,small_orange_brick,,,
TRUE,westeros_brick_tab,FALSE,,,Orange Brick Arrow_slit_ornate,small_orange_brick_arrow_slit_ornate,,,solid,small_orange_brick,,,
TRUE,westeros_brick_tab,FALSE,,,Orange Brick Arrow_slit_window,small_orange_brick_arrow_slit_window,,,solid,small_orange_brick,,,
TRUE,westeros_brick_tab,FALSE,,,Orange Brick Fence,small_orange_brick_fence,,,fence,small_orange_brick,,,
TRUE,westeros_brick_tab,FALSE,,,Orange Brick Hopper,small_orange_brick_hopper,,,cuboid,small_orange_brick,,,
TRUE,westeros_brick_tab,FALSE,,,Orange Brick Slab,small_orange_brick_slab,,,slab,small_orange_brick,,,
TRUE,westeros_brick_tab,FALSE,,,Orange Brick Stairs,small_orange_brick_stairs,,,stair,small_orange_brick,,,
TRUE,westeros_brick_tab,FALSE,,,Orange Brick Tip,small_orange_brick_tip,,,cuboid,small_orange_brick,,,
TRUE,westeros_brick_tab,FALSE,,,Orange Brick Wall,small_orange_brick_wall,,,wall,small_orange_brick,,,
TRUE,westeros_brick_tab,FALSE,,,Orange Brick,small_orange_bricks,,,solid,small_orange_brick,,,
FALSE,westeros_panelling_carvings_tab,FALSE,,,Orange Brick Ornate,small_orange_bricks_ornate,,,solid,,,,
FALSE,westeros_panelling_carvings_tab,FALSE,,,Orange Brick Ornate Top,small_orange_bricks_ornate_top,,,solid,,,,
TRUE,westeros_quarter_ashlar_tab,FALSE,,,Quarter Rounded Ashlar Brown Grey,small_smooth_brown_grey_brick,,,solid,small_smooth_brown_grey_brick,,,
TRUE,westeros_quarter_ashlar_tab,FALSE,,,Quarter Rounded Ashlar Brown Grey Arrow_slit,small_smooth_brown_grey_brick_arrow_slit,,,solid,small_smooth_brown_grey_brick,,,
TRUE,westeros_quarter_ashlar_tab,FALSE,,,Quarter Rounded Ashlar Brown Grey Arrow_slit_ornate,small_smooth_brown_grey_brick_arrow_slit_ornate,,,solid,small_smooth_brown_grey_brick,,,
TRUE,westeros_quarter_ashlar_tab,FALSE,,,Quarter Rounded Ashlar Brown Grey Arrow_slit_window,small_smooth_brown_grey_brick_arrow_slit_window,,,solid,small_smooth_brown_grey_brick,,,
TRUE,westeros_quarter_ashlar_tab,FALSE,,,Quarter Rounded Ashlar Brown Grey Fence,small_smooth_brown_grey_brick_fence,,,fence,small_smooth_brown_grey_brick,,,
TRUE,westeros_quarter_ashlar_tab,FALSE,,,Quarter Rounded Ashlar Brown Grey Hopper,small_smooth_brown_grey_brick_hopper,,,cuboid,small_smooth_brown_grey_brick,,,
TRUE,westeros_quarter_ashlar_tab,FALSE,,,Quarter Rounded Ashlar Brown Grey Slab,small_smooth_brown_grey_brick_slab,,,slab,small_smooth_brown_grey_brick,,,
TRUE,westeros_quarter_ashlar_tab,FALSE,,,Quarter Rounded Ashlar Brown Grey Stairs,small_smooth_brown_grey_brick_stairs,,,stair,small_smooth_brown_grey_brick,,,
TRUE,westeros_quarter_ashlar_tab,FALSE,,,Quarter Rounded Ashlar Brown Grey Tip,small_smooth_brown_grey_brick_tip,,,cuboid,small_smooth_brown_grey_brick,,,
TRUE,westeros_quarter_ashlar_tab,FALSE,,,Quarter Rounded Ashlar Brown Grey Wall,small_smooth_brown_grey_brick_wall,,,wall,small_smooth_brown_grey_brick,,,
TRUE,westeros_quarter_ashlar_tab,FALSE,,,Quarter Rounded Ashlar Westerlands,small_smooth_lannisport_brick,,,solid,small_smooth_lannisport_brick,,,
TRUE,westeros_quarter_ashlar_tab,FALSE,,,Quarter Rounded Ashlar Westerlands Arrow_slit,small_smooth_lannisport_brick_arrow_slit,,,solid,small_smooth_lannisport_brick,,,
TRUE,westeros_quarter_ashlar_tab,FALSE,,,Quarter Rounded Ashlar Westerlands Arrow_slit_ornate,small_smooth_lannisport_brick_arrow_slit_ornate,,,solid,small_smooth_lannisport_brick,,,
TRUE,westeros_quarter_ashlar_tab,FALSE,,,Quarter Rounded Ashlar Westerlands Arrow_slit_window,small_smooth_lannisport_brick_arrow_slit_window,,,solid,small_smooth_lannisport_brick,,,
TRUE,westeros_quarter_ashlar_tab,FALSE,,,Quarter Rounded Ashlar Westerlands Fence,small_smooth_lannisport_brick_fence,,,fence,small_smooth_lannisport_brick,,,
TRUE,westeros_quarter_ashlar_tab,FALSE,,,Quarter Rounded Ashlar Westerlands Hopper,small_smooth_lannisport_brick_hopper,,,cuboid,small_smooth_lannisport_brick,,,
TRUE,westeros_quarter_ashlar_tab,FALSE,,,Quarter Rounded Ashlar Westerlands Slab,small_smooth_lannisport_brick_slab,,,slab,small_smooth_lannisport_brick,,,
TRUE,westeros_quarter_ashlar_tab,FALSE,,,Quarter Rounded Ashlar Westerlands Stairs,small_smooth_lannisport_brick_stairs,,,stair,small_smooth_lannisport_brick,,,
TRUE,westeros_quarter_ashlar_tab,FALSE,,,Quarter Rounded Ashlar Westerlands Tip,small_smooth_lannisport_brick_tip,,,cuboid,small_smooth_lannisport_brick,,,
TRUE,westeros_quarter_ashlar_tab,FALSE,,,Quarter Rounded Ashlar Westerlands Wall,small_smooth_lannisport_brick_wall,,,wall,small_smooth_lannisport_brick,,,
TRUE,westeros_quarter_ashlar_tab,FALSE,,,Quarter Rounded Ashlar Light Oldtown,small_smooth_oldtown_brick,,,solid,small_smooth_oldtown_brick,,,
TRUE,westeros_quarter_ashlar_tab,FALSE,,,Quarter Rounded Ashlar Light Oldtown Arrow_slit,small_smooth_oldtown_brick_arrow_slit,,,solid,small_smooth_oldtown_brick,,,
TRUE,westeros_quarter_ashlar_tab,FALSE,,,Quarter Rounded Ashlar Light Oldtown Arrow_slit_ornate,small_smooth_oldtown_brick_arrow_slit_ornate,,,solid,small_smooth_oldtown_brick,,,
TRUE,westeros_quarter_ashlar_tab,FALSE,,,Quarter Rounded Ashlar Light Oldtown Arrow_slit_window,small_smooth_oldtown_brick_arrow_slit_window,,,solid,small_smooth_oldtown_brick,,,
TRUE,westeros_quarter_ashlar_tab,FALSE,,,Quarter Rounded Ashlar Light Oldtown Fence,small_smooth_oldtown_brick_fence,,,fence,small_smooth_oldtown_brick,,,
TRUE,westeros_quarter_ashlar_tab,FALSE,,,Quarter Rounded Ashlar Light Oldtown Hopper,small_smooth_oldtown_brick_hopper,,,cuboid,small_smooth_oldtown_brick,,,
TRUE,westeros_quarter_ashlar_tab,FALSE,,,Quarter Rounded Ashlar Light Oldtown Slab,small_smooth_oldtown_brick_slab,,,slab,small_smooth_oldtown_brick,,,
TRUE,westeros_quarter_ashlar_tab,FALSE,,,Quarter Rounded Ashlar Light Oldtown Stairs,small_smooth_oldtown_brick_stairs,,,stair,small_smooth_oldtown_brick,,,
TRUE,westeros_quarter_ashlar_tab,FALSE,,,Quarter Rounded Ashlar Light Oldtown Tip,small_smooth_oldtown_brick_tip,,,cuboid,small_smooth_oldtown_brick,,,
TRUE,westeros_quarter_ashlar_tab,FALSE,,,Quarter Rounded Ashlar Light Oldtown Wall,small_smooth_oldtown_brick_wall,,,wall,small_smooth_oldtown_brick,,,
TRUE,westeros_quarter_ashlar_tab,FALSE,,,Quarter Rounded Ashlar Normal Grey,small_smooth_stone_brick,,,solid,small_smooth_stone_brick,,,
TRUE,westeros_quarter_ashlar_tab,FALSE,,,Quarter Rounded Ashlar Normal Grey Arrow_slit,small_smooth_stone_brick_arrow_slit,,,solid,small_smooth_stone_brick,,,
TRUE,westeros_quarter_ashlar_tab,FALSE,,,Quarter Rounded Ashlar Normal Grey Arrow_slit_ornate,small_smooth_stone_brick_arrow_slit_ornate,,,solid,small_smooth_stone_brick,,,
TRUE,westeros_quarter_ashlar_tab,FALSE,,,Quarter Rounded Ashlar Normal Grey Arrow_slit_window,small_smooth_stone_brick_arrow_slit_window,,,solid,small_smooth_stone_brick,,,
FALSE,westeros_marble_plaster_tab,FALSE,,,Small Smooth Stone Brick Keystone Blue Plaster,small_smooth_stone_brick_blue_plaster,,,solid,,,,
TRUE,westeros_quarter_ashlar_tab,FALSE,,,Quarter Rounded Ashlar Normal Grey Fence,small_smooth_stone_brick_fence,,,fence,small_smooth_stone_brick,,,
TRUE,westeros_quarter_ashlar_tab,FALSE,,,Quarter Rounded Ashlar Normal Grey Hopper,small_smooth_stone_brick_hopper,,,cuboid,small_smooth_stone_brick,,,
TRUE,westeros_quarter_ashlar_tab,FALSE,,,Quarter Rounded Ashlar Normal Grey Slab,small_smooth_stone_brick_slab,,,slab,small_smooth_stone_brick,,,
TRUE,westeros_quarter_ashlar_tab,FALSE,,,Quarter Rounded Ashlar Normal Grey Stairs,small_smooth_stone_brick_stairs,,,stair,small_smooth_stone_brick,,,
TRUE,westeros_quarter_ashlar_tab,FALSE,,,Quarter Rounded Ashlar Normal Grey Tip,small_smooth_stone_brick_tip,,,cuboid,small_smooth_stone_brick,,,
TRUE,westeros_quarter_ashlar_tab,FALSE,,,Quarter Rounded Ashlar Normal Grey Wall,small_smooth_stone_brick_wall,,,wall,small_smooth_stone_brick,,,
FALSE,westeros_marble_plaster_tab,FALSE,,,Small Smooth Stone Brick Keystone Brownish White Plaster,small_smooth_stone_brick_white_plaster,,,solid,,,,
TRUE,westeros_quarter_ashlar_tab,FALSE,,,Quarter Ashlar Green Grey,small_stone_brick,,,solid,small_stone_brick,,,
TRUE,westeros_quarter_ashlar_tab,FALSE,,,Quarter Ashlar Green Grey Arrow_slit,small_stone_brick_arrow_slit,,,solid,small_stone_brick,,,
TRUE,westeros_quarter_ashlar_tab,FALSE,,,Quarter Ashlar Green Grey Arrow_slit_ornate,small_stone_brick_arrow_slit_ornate,,,solid,small_stone_brick,,,
TRUE,westeros_quarter_ashlar_tab,FALSE,,,Quarter Ashlar Green Grey Arrow_slit_window,small_stone_brick_arrow_slit_window,,,solid,small_stone_brick,,,
TRUE,westeros_quarter_ashlar_tab,FALSE,,,Quarter Ashlar Green Grey Fence,small_stone_brick_fence,,,fence,small_stone_brick,,,
TRUE,westeros_quarter_ashlar_tab,FALSE,,,Quarter Ashlar Green Grey Hopper,small_stone_brick_hopper,,,cuboid,small_stone_brick,,,
TRUE,westeros_quarter_ashlar_tab,FALSE,,,Quarter Ashlar Green Grey Slab,small_stone_brick_slab,,,slab,small_stone_brick,,,
TRUE,westeros_quarter_ashlar_tab,FALSE,,,Quarter Ashlar Green Grey Stairs,small_stone_brick_stairs,,,stair,small_stone_brick,,,
TRUE,westeros_quarter_ashlar_tab,FALSE,,,Quarter Ashlar Green Grey Tip,small_stone_brick_tip,,,cuboid,small_stone_brick,,,
TRUE,westeros_quarter_ashlar_tab,FALSE,,,Quarter Ashlar Green Grey Wall,small_stone_brick_wall,,,wall,small_stone_brick,,,
FALSE,westeros_marble_plaster_tab,FALSE,,,Small Stone Brick Keystone White Plaster,small_stone_brick_white_plaster,,,solid,,,,
TRUE,westeros_quarter_ashlar_tab,FALSE,,,Quarter Rounded Ashlar Terracotta,small_terracotta_brick,,,solid,small_terracotta_brick,,,
TRUE,westeros_quarter_ashlar_tab,FALSE,,,Quarter Rounded Ashlar Terracotta Arrow_slit,small_terracotta_brick_arrow_slit,,,solid,small_terracotta_brick,,,
TRUE,westeros_quarter_ashlar_tab,FALSE,,,Quarter Rounded Ashlar Terracotta Arrow_slit_ornate,small_terracotta_brick_arrow_slit_ornate,,,solid,small_terracotta_brick,,,
TRUE,westeros_quarter_ashlar_tab,FALSE,,,Quarter Rounded Ashlar Terracotta Arrow_slit_window,small_terracotta_brick_arrow_slit_window,,,solid,small_terracotta_brick,,,
TRUE,westeros_quarter_ashlar_tab,FALSE,,,Quarter Rounded Ashlar Terracotta Fence,small_terracotta_brick_fence,,,fence,small_terracotta_brick,,,
TRUE,westeros_quarter_ashlar_tab,FALSE,,,Quarter Rounded Ashlar Terracotta Hopper,small_terracotta_brick_hopper,,,cuboid,small_terracotta_brick,,,
TRUE,westeros_quarter_ashlar_tab,FALSE,,,Quarter Rounded Ashlar Terracotta Slab,small_terracotta_brick_slab,,,slab,small_terracotta_brick,,,
TRUE,westeros_quarter_ashlar_tab,FALSE,,,Quarter Rounded Ashlar Terracotta Stairs,small_terracotta_brick_stairs,,,stair,small_terracotta_brick,,,
TRUE,westeros_quarter_ashlar_tab,FALSE,,,Quarter Rounded Ashlar Terracotta Tip,small_terracotta_brick_tip,,,cuboid,small_terracotta_brick,,,
TRUE,westeros_quarter_ashlar_tab,FALSE,,,Quarter Rounded Ashlar Terracotta Wall,small_terracotta_brick_wall,,,wall,small_terracotta_brick,,,
TRUE,westeros_quarter_ashlar_tab,FALSE,,,Quarter Rounded Ashlar White,small_white_brick,,,solid,small_white_brick,,,
TRUE,westeros_quarter_ashlar_tab,FALSE,,,Quarter Rounded Ashlar White Arrow_slit,small_white_brick_arrow_slit,,,solid,small_white_brick,,,
TRUE,westeros_quarter_ashlar_tab,FALSE,,,Quarter Rounded Ashlar White Arrow_slit_ornate,small_white_brick_arrow_slit_ornate,,,solid,small_white_brick,,,
TRUE,westeros_quarter_ashlar_tab,FALSE,,,Quarter Rounded Ashlar White Arrow_slit_window,small_white_brick_arrow_slit_window,,,solid,small_white_brick,,,
FALSE,westeros_marble_plaster_tab,FALSE,,,Small White Brick Keystone Brownish White Plaster,small_white_brick_brownish_white_plaster,,,solid,,,,
TRUE,westeros_quarter_ashlar_tab,FALSE,,,Quarter Rounded Ashlar White Fence,small_white_brick_fence,,,fence,small_white_brick,,,
TRUE,westeros_quarter_ashlar_tab,FALSE,,,Quarter Rounded Ashlar White Hopper,small_white_brick_hopper,,,cuboid,small_white_brick,,,
TRUE,westeros_quarter_ashlar_tab,FALSE,,,Quarter Rounded Ashlar White Slab,small_white_brick_slab,,,slab,small_white_brick,,,
TRUE,westeros_quarter_ashlar_tab,FALSE,,,Quarter Rounded Ashlar White Stairs,small_white_brick_stairs,,,stair,small_white_brick,,,
TRUE,westeros_quarter_ashlar_tab,FALSE,,,Quarter Rounded Ashlar White Tip,small_white_brick_tip,,,cuboid,small_white_brick,,,
TRUE,westeros_quarter_ashlar_tab,FALSE,,,Quarter Rounded Ashlar White Wall,small_white_brick_wall,,,wall,small_white_brick,,,
FALSE,westeros_marble_plaster_tab,FALSE,,,Small White Brick Keystone White Plaster,small_white_brick_white_plaster,,,solid,,,,
FALSE,westeros_water_air_tab,FALSE,,,Smoke,smoke,,,web,,,,
TRUE,westeros_water_air_tab,FALSE,Ice & Snow Update,Not Started,Snow,snow,,,solid,snow,,,
TRUE,westeros_water_air_tab,FALSE,Ice & Snow Update,Not Started,Snow Fence,snow_fence,,,fence,snow,,,
TRUE,westeros_water_air_tab,FALSE,Ice & Snow Update,Not Started,Snow Layer,snow_layer,,,layer,snow,,,
TRUE,westeros_water_air_tab,FALSE,Ice & Snow Update,Not Started,Snow Slab,snow_slab,,,slab,snow,,,
TRUE,westeros_water_air_tab,FALSE,Ice & Snow Update,Not Started,Snow Stairs,snow_stairs,,,stair,snow,,,
TRUE,westeros_water_air_tab,FALSE,Ice & Snow Update,Not Started,Snow Wall,snow_wall,,,wall,snow,,,
FALSE,westeros_foliage_tab,FALSE,,,Snowy Spruce Leaves,snowy_spruce_leaves,,,leaves,,,,
TRUE,westeros_roofing_tab,FALSE,Roofing Update,,Snowy Thatch Dark Fur,snowy_thatch_dark_fur,,,solid,snowy_thatch_dark_fur,,,
TRUE,westeros_roofing_tab,FALSE,Roofing Update,,Snowy Thatch Dark Fur Directional,snowy_thatch_dark_fur2,,,cuboid-nsew,snowy_thatch_dark_fur,,,
TRUE,westeros_roofing_tab,FALSE,Roofing Update,,Snowy Thatch Dark Fur Carpet,snowy_thatch_dark_fur_carpet,,,cuboid,snowy_thatch_dark_fur,,,
TRUE,westeros_roofing_tab,FALSE,Roofing Update,,Snowy Thatch Dark Fur Fence,snowy_thatch_dark_fur_fence,,,fence,snowy_thatch_dark_fur,,,
TRUE,westeros_roofing_tab,FALSE,Roofing Update,,Snowy Thatch Dark Fur Slab,snowy_thatch_dark_fur_slab,,,slab,snowy_thatch_dark_fur,,,
TRUE,westeros_roofing_tab,FALSE,Roofing Update,,Snowy Thatch Dark Fur Stairs,snowy_thatch_dark_fur_stairs,,,stair,snowy_thatch_dark_fur,,,
TRUE,westeros_roofing_tab,FALSE,Roofing Update,,Snowy Thatch Dark Fur Tip,snowy_thatch_dark_fur_tip,,,cuboid,snowy_thatch_dark_fur,,,
TRUE,westeros_roofing_tab,FALSE,Roofing Update,,Snowy Thatch Dark Fur Wall,snowy_thatch_dark_wall,,,wall,snowy_thatch_dark_fur,,,
TRUE,westeros_roofing_tab,FALSE,Roofing Update,,Snowy Thatch Light Fur,snowy_thatch_light_fur,,,solid,snowy_thatch_light_fur,,,
TRUE,westeros_roofing_tab,FALSE,Roofing Update,,Snowy Thatch Light Fur Directional,snowy_thatch_light_fur2,,,cuboid-nsew,snowy_thatch_light_fur,,,
TRUE,westeros_roofing_tab,FALSE,Roofing Update,,Snowy Thatch Light Fur Carpet,snowy_thatch_light_fur_carpet,,,cuboid,snowy_thatch_light_fur,,,
TRUE,westeros_roofing_tab,FALSE,Roofing Update,,Snowy Thatch Light Fur Fence,snowy_thatch_light_fur_fence,,,fence,snowy_thatch_light_fur,,,
TRUE,westeros_roofing_tab,FALSE,Roofing Update,,Snowy Thatch Light Fur Slab,snowy_thatch_light_fur_slab,,,slab,snowy_thatch_light_fur,,,
TRUE,westeros_roofing_tab,FALSE,Roofing Update,,Snowy Thatch Light Fur Stairs,snowy_thatch_light_fur_stairs,,,stair,snowy_thatch_light_fur,,,
TRUE,westeros_roofing_tab,FALSE,Roofing Update,,Snowy Thatch Light Fur Tip,snowy_thatch_light_fur_tip,,,cuboid,snowy_thatch_light_fur,,,
TRUE,westeros_roofing_tab,FALSE,Roofing Update,,Snowy Thatch Light Fur Wall,snowy_thatch_light_wall,,,wall,snowy_thatch_light_fur,,,
FALSE,westeros_foliage_tab,FALSE,,,Snowy Weirwood Leaves,snowy_weirwood_leaves,,,leaves,,,,
FALSE,westeros_food_blocks_tab,FALSE,,,Sourleaf Basket,sourleaf_basket,,,solid,,,,
FALSE,westeros_food_blocks_tab,FALSE,,,Sourleaf Basket Slab,sourleaf_basket_slab,,,slab,,,,
FALSE,westeros_food_blocks_tab,FALSE,Wood Update,Ready For Work,Sourleaf Crate,sourleaf_crate,,,solid,,,,
TRUE,westeros_brick_tab,FALSE,,,Southern Brick,southern_brick,,,solid,southern_brick,,,
FALSE,westeros_brick_tab,FALSE,,,Southern Brick Arch,southern_brick_arch,,,solid,,,,
FALSE,westeros_brick_tab,FALSE,,,Southern Brick Arch Flat,southern_brick_arch_flat,,,solid,,,,
TRUE,westeros_brick_tab,FALSE,,,Southern Brick Arrow_slit,southern_brick_arrow_slit,,,solid,southern_brick,,,
TRUE,westeros_brick_tab,FALSE,,,Southern Brick Arrow_slit_ornate,southern_brick_arrow_slit_ornate,,,solid,southern_brick,,,
TRUE,westeros_brick_tab,FALSE,,,Southern Brick Arrow_slit_window,southern_brick_arrow_slit_window,,,solid,southern_brick,,,
TRUE,westeros_brick_tab,FALSE,,,Southern Brick Fence,southern_brick_fence,,,fence,southern_brick,,,
FALSE,westeros_furniture_tab,FALSE,,,Southern Brick Furnace,southern_brick_furnace,,,furnace,,,,
TRUE,westeros_brick_tab,FALSE,,,Southern Brick Hopper,southern_brick_hopper,,,cuboid,southern_brick,,,
FALSE,westeros_brick_tab,FALSE,,,Southern Brick Lintel,southern_brick_lintel,,,solid,,,,
TRUE,westeros_brick_tab,FALSE,,,Southern Brick Slab,southern_brick_slab,,,slab,southern_brick,,,
TRUE,westeros_brick_tab,FALSE,,,Southern Brick Stairs,southern_brick_stairs,,,stair,southern_brick,,,
TRUE,westeros_brick_tab,FALSE,,,Southern Brick Tip,southern_brick_tip,,,cuboid,southern_brick,,,
TRUE,westeros_brick_tab,FALSE,,,Southern Brick Wall,southern_brick_wall,,,wall,southern_brick,,,
FALSE,westeros_utility_tab,FALSE,,,Special' Utility Block,special_utility_block,,,solid,,,,
FALSE,westeros_food_blocks_tab,FALSE,,,Spit Roast,spit_roast,,,solid,,,,
FALSE,westeros_logs_tab,FALSE,Wood Update,Complete,Spruce Bark Fence,spruce_bark_fence,,,fence,,,,
TRUE,westeros_wood_planks_tab,FALSE,Wood Update,Complete,Spruce Wood Carpet,spruce_carpet,Doku,,cuboid,spruce,,,
TRUE,westeros_wood_planks_tab,FALSE,Wood Update,Complete,Spruce Wood Cover,spruce_cover,Doku,,rail,spruce,,,
FALSE,westeros_wood_planks_tab,FALSE,Wood Update,Complete,Spruce Door,spruce_door,,,door,,,,
TRUE,westeros_wood_planks_tab,FALSE,Wood Update,Complete,Spruce Wood Fence,spruce_fence,Doku,,fence,spruce,,,
FALSE,westeros_wood_planks_tab,FALSE,Wood Update,Complete,Spruce Fence with Grapes,spruce_fence_with_grapes,,,fence,,,,
FALSE,westeros_wood_planks_tab,FALSE,Wood Update,Complete,Spruce Fence with Vines,spruce_fence_with_vines,,,fence,,,,
TRUE,westeros_wood_planks_tab,FALSE,Wood Update,Complete,Spruce Vertical Planks Half_door,spruce_half_door,,,cuboid-nsew,spruce_vertical_planks,,,
TRUE,westeros_wood_planks_tab,FALSE,Wood Update,Complete,Spruce Wood Hopper,spruce_hopper,Doku,,cuboid,spruce,,,
FALSE,westeros_logs_tab,FALSE,Wood Update,Ready For Work,Spruce Log Chain,spruce_log_chain,,,log,,,,
FALSE,westeros_logs_tab,FALSE,Wood Update,Ready For Work,Spruce Log Rope,spruce_log_rope,,,log,,,,
TRUE,westeros_wood_planks_tab,FALSE,Wood Update,Complete,Spruce Wood,spruce_planks,Doku,,solid,spruce,,,
TRUE,westeros_wood_planks_tab,FALSE,Wood Update,Complete,Spruce Wood Slab,spruce_slab,Doku,,slab,spruce,,,
TRUE,westeros_wood_planks_tab,FALSE,Wood Update,Complete,Spruce Wood Stairs,spruce_stairs,Doku,,stair,spruce,,,
TRUE,westeros_wood_planks_tab,FALSE,Wood Update,Ready For Work,Spruce Wood Window_frame,spruce_timber_window_frame,Doku,,solid,spruce,,,
TRUE,westeros_wood_planks_tab,FALSE,Wood Update,Ready For Work,Spruce Wood Window_frame_mullion,spruce_timber_window_frame_mullion,Doku,,solid,spruce,,,
TRUE,westeros_wood_planks_tab,FALSE,Wood Update,Complete,Spruce Wood Tip,spruce_tip,Doku,,cuboid,spruce,,,
TRUE,westeros_wood_planks_tab,FALSE,Wood Update,Complete,Spruce Vertical Planks,spruce_vertical_planks,,,solid,spruce_vertical_planks,,,
TRUE,westeros_wood_planks_tab,FALSE,Wood Update,Complete,Spruce Vertical Planks Carpet,spruce_vertical_planks_carpet,,,cuboid,spruce_vertical_planks,,,
TRUE,westeros_wood_planks_tab,FALSE,Wood Update,Complete,Spruce Vertical Planks Fence,spruce_vertical_planks_fence,,,fence,spruce_vertical_planks,,,
TRUE,westeros_wood_planks_tab,FALSE,Wood Update,Complete,Spruce Vertical Planks Hopper,spruce_vertical_planks_hopper,,,cuboid,spruce_vertical_planks,,,
TRUE,westeros_wood_planks_tab,FALSE,Wood Update,Complete,Spruce Vertical Planks Slab,spruce_vertical_planks_slab,,,slab,spruce_vertical_planks,,,
TRUE,westeros_wood_planks_tab,FALSE,Wood Update,Complete,Spruce Vertical Planks Stairs,spruce_vertical_planks_stairs,,,stair,spruce_vertical_planks,,,
TRUE,westeros_wood_planks_tab,FALSE,Wood Update,Complete,Spruce Vertical Planks Tip,spruce_vertical_planks_tip,,,cuboid,spruce_vertical_planks,,,
TRUE,westeros_wood_planks_tab,FALSE,Wood Update,Complete,Spruce Vertical Planks Wall,spruce_vertical_planks_wall,,,wall,spruce_vertical_planks,,,
TRUE,westeros_wood_planks_tab,FALSE,Wood Update,Complete,Spruce Wood Wall,spruce_wall,Doku,,wall,spruce,,,
FALSE,westeros_windows_glass_tab,FALSE,Wood Update,Complete,Spruce Window Shutters,spruce_window_shutters,,,halfdoor,,,,
FALSE,westeros_food_blocks_tab,FALSE,,,Squash,squash,,,solid,,,,
FALSE,westeros_sounds_tab,FALSE,,,Stables Large,stables_large,,,sound,,,,
FALSE,westeros_sounds_tab,FALSE,,,Stables Small,stables_small,,,sound,,,,
FALSE,westeros_misc_tab,FALSE,,,Stacked Bones,stacked_bones,,,log,,,,
FALSE,westeros_misc_tab,FALSE,,,Stacked Bones Fence,stacked_bones_fence,,,fence,,,,
FALSE,westeros_misc_tab,FALSE,,,Stacked Bones Slab,stacked_bones_slab,,,slab,,,,
FALSE,westeros_misc_tab,FALSE,,,Stacked Bones Solid,stacked_bones_solid,,,solid,,,,
FALSE,westeros_misc_tab,FALSE,,,Stacked Bones Stairs,stacked_bones_stairs,,,stair,,,,
FALSE,westeros_misc_tab,FALSE,,,Stacked Bones Wall,stacked_bones_wall,,,wall,,,,
TRUE,westeros_windows_glass_tab,FALSE,,,Stained Glass Black,stained_glass_black,,,solid,stained_glass_black,,,
TRUE,westeros_windows_glass_tab,FALSE,,,Stained Glass Blue,stained_glass_blue,,,solid,stained_glass_blue,,,
TRUE,westeros_windows_glass_tab,FALSE,,,Stained Glass Green,stained_glass_green,,,solid,stained_glass_green,,,
TRUE,westeros_windows_glass_tab,FALSE,,,Stained Glass Orange,stained_glass_orange,,,solid,stained_glass_orange,,,
TRUE,westeros_windows_glass_tab,FALSE,,,Stained Glass Black Pane,stained_glass_pane_black,,,pane,stained_glass_black,,,
TRUE,westeros_windows_glass_tab,FALSE,,,Stained Glass Blue Pane,stained_glass_pane_blue,,,pane,stained_glass_blue,,,
TRUE,westeros_windows_glass_tab,FALSE,,,Stained Glass Green Pane,stained_glass_pane_green,,,pane,stained_glass_green,,,
TRUE,westeros_windows_glass_tab,FALSE,,,Stained Glass Orange Pane,stained_glass_pane_orange,,,pane,stained_glass_orange,,,
TRUE,westeros_windows_glass_tab,FALSE,,,Stained Glass Pink Pane,stained_glass_pane_pink,,,pane,stained_glass_pink,,,
TRUE,westeros_windows_glass_tab,FALSE,,,Stained Glass Purple Pane,stained_glass_pane_purple,,,pane,stained_glass_purple,,,
TRUE,westeros_windows_glass_tab,FALSE,,,Stained Glass Red Pane,stained_glass_pane_red,,,pane,stained_glass_red,,,
TRUE,westeros_windows_glass_tab,FALSE,,,Stained Glass Yellow Pane,stained_glass_pane_yellow,,,pane,stained_glass_yellow,,,
TRUE,westeros_windows_glass_tab,FALSE,,,Stained Glass Pink,stained_glass_pink,,,solid,stained_glass_pink,,,
TRUE,westeros_windows_glass_tab,FALSE,,,Stained Glass Purple,stained_glass_purple,,,solid,stained_glass_purple,,,
TRUE,westeros_windows_glass_tab,FALSE,,,Stained Glass Red,stained_glass_red,,,solid,stained_glass_red,,,
TRUE,westeros_windows_glass_tab,FALSE,,,Stained Glass Yellow,stained_glass_yellow,,,solid,stained_glass_yellow,,,
FALSE,westeros_banners_tab,FALSE,,,Stannis Banner,stannis_banner,WesterosBlocks,,cuboid-nsew-stack,,,,
FALSE,westeros_decor_tab,FALSE,,,Star Chart 2x2,star_chart_2x2,,,cuboid-nsew,,,,
FALSE,westeros_decor_tab,FALSE,,,Star Chart 3x3,star_chart_3x3,,,cuboid-nsew,,,,
FALSE,westeros_banners_tab,FALSE,,,Stark Banner,stark_banner,WesterosBlocks,,cuboid-nsew-stack,,,,
FALSE,westeros_banners_tab,FALSE,,,Stark Damaged Banner,stark_damaged_banner,WesterosBlocks,,cuboid-nsew-stack,,,,
TRUE,westeros_marble_plaster_tab,FALSE,,,Starry Sept Marble,starry_sept_marble,,,solid,starry_sept_marble,,,
TRUE,westeros_marble_plaster_tab,FALSE,,,Starry Sept Marble Fence,starry_sept_marble_fence,,,fence,starry_sept_marble,,,
TRUE,westeros_marble_plaster_tab,FALSE,,,Starry Sept Marble Hopper,starry_sept_marble_hopper,,,cuboid,starry_sept_marble,,,
TRUE,westeros_marble_plaster_tab,FALSE,,,Starry Sept Marble Slab,starry_sept_marble_slab,,,slab,starry_sept_marble,,,
TRUE,westeros_marble_plaster_tab,FALSE,,,Starry Sept Marble Stairs,starry_sept_marble_stairs,,,stair,starry_sept_marble,,,
TRUE,westeros_marble_plaster_tab,FALSE,,,Starry Sept Marble Tip,starry_sept_marble_tip,,,cuboid,starry_sept_marble,,,
TRUE,westeros_marble_plaster_tab,FALSE,,,Starry Sept Marble Wall,starry_sept_marble_wall,,,wall,starry_sept_marble,,,
FALSE,westeros_banners_tab,FALSE,,,Staunton Banner,staunton_banner,WesterosBlocks,,cuboid-nsew-stack,,,,
TRUE,westeros_metal_tab,FALSE,,,Steel,steel_block,,,solid,steel,,,
TRUE,westeros_metal_tab,FALSE,,,Steel Fence,steel_fence,,,fence,steel,,,
TRUE,westeros_metal_tab,FALSE,,,Steel Hopper,steel_hopper,,,cuboid,steel,,,
TRUE,westeros_metal_tab,FALSE,,,Steel Slab,steel_slab,,,slab,steel,,,
TRUE,westeros_metal_tab,FALSE,,,Steel Stairs,steel_stairs,,,stair,steel,,,
TRUE,westeros_metal_tab,FALSE,,,Steel Tip,steel_tip,,,cuboid,steel,,,
TRUE,westeros_metal_tab,FALSE,,,Steel Wall,steel_wall,,,wall,steel,,,
FALSE,westeros_tool_blocks_tab,FALSE,,,Sticky Piston Extension,sticky_piston_extension,,,cuboid-nsewud,,,,
FALSE,westeros_banners_tab,FALSE,,,Stokeworth Banner,stokeworth_banner,WesterosBlocks,,cuboid-nsew-stack,,,,
TRUE,westeros_half_ashlar_tab,FALSE,,,Half Ashlar Normal Grey,stone_brick,Doku,,solid,stone_brick,,,
TRUE,westeros_half_ashlar_tab,FALSE,,,Half Ashlar Normal Grey Arrow_slit,stone_brick_arrow_slit,Doku,,solid,stone_brick,,,
TRUE,westeros_half_ashlar_tab,FALSE,,,Half Ashlar Normal Grey Arrow_slit_ornate,stone_brick_arrow_slit_ornate,Doku,,solid,stone_brick,,,
TRUE,westeros_half_ashlar_tab,FALSE,,,Half Ashlar Normal Grey Arrow_slit_window,stone_brick_arrow_slit_window,Doku,,solid,stone_brick,,,
TRUE,westeros_half_ashlar_tab,FALSE,,,Half Ashlar Normal Grey Fence,stone_brick_fence,Doku,,fence,stone_brick,,,
TRUE,westeros_half_ashlar_tab,FALSE,,,Half Ashlar Normal Grey Hopper,stone_brick_hopper,Doku,,cuboid,stone_brick,,,
TRUE,westeros_half_ashlar_tab,FALSE,,,Half Ashlar Normal Grey Slab,stone_brick_slab,Doku,,slab,stone_brick,,,
TRUE,westeros_half_ashlar_tab,FALSE,,,Half Ashlar Normal Grey Stairs,stone_brick_stairs,Doku,,stair,stone_brick,,,
TRUE,westeros_half_ashlar_tab,FALSE,,,Half Ashlar Normal Grey Tip,stone_brick_tip,Doku,,cuboid,stone_brick,,,
TRUE,westeros_half_ashlar_tab,FALSE,,,Half Ashlar Normal Grey Wall,stone_brick_wall,Doku,,wall,stone_brick,,,
FALSE,westeros_furniture_tab,FALSE,,,Ashlar Furnace Green Grey,stone_furnace,,,furnace,,,,
TRUE,westeros_half_ashlar_tab,FALSE,,,Half Ashlar White,stone_slab,Doku,,solid,stone_slab,,,
TRUE,westeros_half_ashlar_tab,FALSE,,,Half Ashlar White Arrow_slit,stone_slab_arrow_slit,Doku,,solid,stone_slab,,,
TRUE,westeros_half_ashlar_tab,FALSE,,,Half Ashlar White Arrow_slit_ornate,stone_slab_arrow_slit_ornate,Doku,,solid,stone_slab,,,
TRUE,westeros_half_ashlar_tab,FALSE,,,Half Ashlar White Arrow_slit_window,stone_slab_arrow_slit_window,Doku,,solid,stone_slab,,,
TRUE,westeros_half_ashlar_tab,FALSE,,,Half Ashlar White Fence,stone_slab_fence,Doku,,fence,stone_slab,,,
TRUE,westeros_half_ashlar_tab,FALSE,,,Half Ashlar White Hopper,stone_slab_hopper,Doku,,cuboid,stone_slab,,,
TRUE,westeros_half_ashlar_tab,FALSE,,,Half Ashlar White Slab,stone_slab_slab,Doku,,slab,stone_slab,,,
TRUE,westeros_half_ashlar_tab,FALSE,,,Half Ashlar White Stairs,stone_slab_stairs,Doku,,stair,stone_slab,,,
TRUE,westeros_half_ashlar_tab,FALSE,,,Half Ashlar White Tip,stone_slab_tip,Doku,,cuboid,stone_slab,,,
TRUE,westeros_half_ashlar_tab,FALSE,,,Half Ashlar White Wall,stone_slab_wall,Doku,,wall,stone_slab,,,
FALSE,westeros_banners_tab,FALSE,,,Stonehouse Banner,stonehouse_banner,WesterosBlocks,,cuboid-nsew-stack,,,,
FALSE,westeros_furniture_tab,FALSE,,,Stool,stool,,,slab,,,,
FALSE,westeros_furniture_tab,FALSE,,,Stool Cushion,stool_cushion,,,slab,,,,
TRUE,westeros_quarter_ashlar_tab,FALSE,,,Quarter Ashlar Stormlands,stormlands_brick,,,solid,stormlands_brick,,,
TRUE,westeros_quarter_ashlar_tab,FALSE,,,Quarter Ashlar Stormlands Arrow_slit,stormlands_brick_arrow_slit,,,solid,stormlands_brick,,,
TRUE,westeros_quarter_ashlar_tab,FALSE,,,Quarter Ashlar Stormlands Arrow_slit_ornate,stormlands_brick_arrow_slit_ornate,,,solid,stormlands_brick,,,
TRUE,westeros_quarter_ashlar_tab,FALSE,,,Quarter Ashlar Stormlands Arrow_slit_window,stormlands_brick_arrow_slit_window,,,solid,stormlands_brick,,,
FALSE,westeros_panelling_carvings_tab,FALSE,,,Ashlar Engraved Stormlands,stormlands_brick_engraved,,,solid,,,,
FALSE,westeros_panelling_carvings_tab,FALSE,,,Ashlar Engraved Stormlands Wall,stormlands_brick_engraved_wall,,,wall,,,,
TRUE,westeros_quarter_ashlar_tab,FALSE,,,Quarter Ashlar Stormlands Fence,stormlands_brick_fence,,,fence,stormlands_brick,,,
TRUE,westeros_quarter_ashlar_tab,FALSE,,,Quarter Ashlar Stormlands Hopper,stormlands_brick_hopper,,,cuboid,stormlands_brick,,,
TRUE,westeros_polished_stone_tab,FALSE,,,Polished Stone Stormlands,stormlands_brick_polished,Doku,,solid,stormlands_brick_polished,,,
TRUE,westeros_polished_stone_tab,FALSE,,,Polished Stone Stormlands Slab,stormlands_brick_polished_slab,Doku,,slab,stormlands_brick_polished,,,
TRUE,westeros_polished_stone_tab,FALSE,,,Polished Stone Stormlands Stairs,stormlands_brick_polished_stairs,Doku,,stair,stormlands_brick_polished,,,
TRUE,westeros_polished_stone_tab,FALSE,,,Polished Stone Stormlands Wall,stormlands_brick_polished_wall,Doku,,wall,stormlands_brick_polished,,,
TRUE,westeros_quarter_ashlar_tab,FALSE,,,Quarter Ashlar Stormlands Slab,stormlands_brick_slab,,,slab,stormlands_brick,,,
TRUE,westeros_quarter_ashlar_tab,FALSE,,,Quarter Ashlar Stormlands Stairs,stormlands_brick_stairs,,,stair,stormlands_brick,,,
TRUE,westeros_quarter_ashlar_tab,FALSE,,,Quarter Ashlar Stormlands Tip,stormlands_brick_tip,,,cuboid,stormlands_brick,,,
TRUE,westeros_quarter_ashlar_tab,FALSE,,,Quarter Ashlar Stormlands Wall,stormlands_brick_wall,,,wall,stormlands_brick,,,
TRUE,westeros_cobblestone_tab,FALSE,Cobblestone Update,Ready For Work,Cobblestone Stormlands,stormlands_cobblestone,,,solid,stormlands_cobblestone,,,
TRUE,westeros_cobblestone_tab,FALSE,Cobblestone Update,Ready For Work,Cobblestone Stormlands Fence,stormlands_cobblestone_fence,,,fence,stormlands_cobblestone,,,
TRUE,westeros_cobblestone_tab,FALSE,Cobblestone Update,Ready For Work,Cobblestone Stormlands Hopper,stormlands_cobblestone_hopper,,,cuboid,stormlands_cobblestone,,,
TRUE,westeros_cobblestone_tab,FALSE,Cobblestone Update,Ready For Work,Cobblestone Stormlands Slab,stormlands_cobblestone_slab,,,slab,stormlands_cobblestone,,,
TRUE,westeros_cobblestone_tab,FALSE,Cobblestone Update,Ready For Work,Cobblestone Stormlands Stairs,stormlands_cobblestone_stairs,,,stair,stormlands_cobblestone,,,
TRUE,westeros_cobblestone_tab,FALSE,Cobblestone Update,Ready For Work,Cobblestone Stormlands Tip,stormlands_cobblestone_tip,,,cuboid,stormlands_cobblestone,,,
TRUE,westeros_cobblestone_tab,FALSE,Cobblestone Update,Ready For Work,Cobblestone Stormlands Wall,stormlands_cobblestone_wall,,,wall,stormlands_cobblestone,,,
TRUE,westeros_cobblestone_tab,FALSE,Cobblestone Update,Ready For Work,Dark Cobblestone Stormlands,stormlands_dark_cobblestone,,,solid,stormlands_dark_cobblestone,,,
TRUE,westeros_cobblestone_tab,FALSE,Cobblestone Update,Ready For Work,Dark Cobblestone Stormlands Fence,stormlands_dark_cobblestone_fence,,,fence,stormlands_dark_cobblestone,,,
TRUE,westeros_cobblestone_tab,FALSE,Cobblestone Update,Ready For Work,Dark Cobblestone Stormlands Hopper,stormlands_dark_cobblestone_hopper,,,cuboid,stormlands_dark_cobblestone,,,
TRUE,westeros_cobblestone_tab,FALSE,Cobblestone Update,Ready For Work,Dark Cobblestone Stormlands Slab,stormlands_dark_cobblestone_slab,,,slab,stormlands_dark_cobblestone,,,
TRUE,westeros_cobblestone_tab,FALSE,Cobblestone Update,Ready For Work,Dark Cobblestone Stormlands Stairs,stormlands_dark_cobblestone_stairs,,,stair,stormlands_dark_cobblestone,,,
TRUE,westeros_cobblestone_tab,FALSE,Cobblestone Update,Ready For Work,Dark Cobblestone Stormlands Tip,stormlands_dark_cobblestone_tip,,,cuboid,stormlands_dark_cobblestone,,,
TRUE,westeros_cobblestone_tab,FALSE,Cobblestone Update,Ready For Work,Dark Cobblestone Stormlands Wall,stormlands_dark_cobblestone_wall,,,wall,stormlands_dark_cobblestone,,,
TRUE,westeros_half_ashlar_tab,FALSE,,,Half Ashlar Stormlands,stormlands_large_brick,Doku,,solid,stormlands_large_brick,,,
TRUE,westeros_half_ashlar_tab,FALSE,,,Half Ashlar Stormlands Arrow_slit,stormlands_large_brick_arrow_slit,Doku,,solid,stormlands_large_brick,,,
TRUE,westeros_half_ashlar_tab,FALSE,,,Half Ashlar Stormlands Arrow_slit_ornate,stormlands_large_brick_arrow_slit_ornate,Doku,,solid,stormlands_large_brick,,,
TRUE,westeros_half_ashlar_tab,FALSE,,,Half Ashlar Stormlands Arrow_slit_window,stormlands_large_brick_arrow_slit_window,Doku,,solid,stormlands_large_brick,,,
TRUE,westeros_half_ashlar_tab,FALSE,,,Half Ashlar Stormlands Fence,stormlands_large_brick_fence,Doku,,fence,stormlands_large_brick,,,
TRUE,westeros_half_ashlar_tab,FALSE,,,Half Ashlar Stormlands Hopper,stormlands_large_brick_hopper,Doku,,cuboid,stormlands_large_brick,,,
TRUE,westeros_half_ashlar_tab,FALSE,,,Half Ashlar Stormlands Slab,stormlands_large_brick_slab,Doku,,slab,stormlands_large_brick,,,
TRUE,westeros_half_ashlar_tab,FALSE,,,Half Ashlar Stormlands Stairs,stormlands_large_brick_stairs,Doku,,stair,stormlands_large_brick,,,
TRUE,westeros_half_ashlar_tab,FALSE,,,Half Ashlar Stormlands Tip,stormlands_large_brick_tip,Doku,,cuboid,stormlands_large_brick,,,
TRUE,westeros_half_ashlar_tab,FALSE,,,Half Ashlar Stormlands Wall,stormlands_large_brick_wall,Doku,,wall,stormlands_large_brick,,,
TRUE,westeros_smooth_ashlar_tab,FALSE,,,Smooth Ashlar Stormlands,stormlands_light_stone,,,solid,stormlands_light_stone,,,
TRUE,westeros_smooth_ashlar_tab,FALSE,,,Smooth Ashlar Stormlands Arrow_slit,stormlands_light_stone_arrow_slit,,,solid,stormlands_light_stone,,,
TRUE,westeros_smooth_ashlar_tab,FALSE,,,Smooth Ashlar Stormlands Arrow_slit_ornate,stormlands_light_stone_arrow_slit_ornate,,,solid,stormlands_light_stone,,,
TRUE,westeros_smooth_ashlar_tab,FALSE,,,Smooth Ashlar Stormlands Arrow_slit_window,stormlands_light_stone_arrow_slit_window,,,solid,stormlands_light_stone,,,
TRUE,westeros_smooth_ashlar_tab,FALSE,,,Smooth Ashlar Stormlands Fence,stormlands_light_stone_fence,,,fence,stormlands_light_stone,,,
TRUE,westeros_smooth_ashlar_tab,FALSE,,,Smooth Ashlar Stormlands Hopper,stormlands_light_stone_hopper,,,cuboid,stormlands_light_stone,,,
TRUE,westeros_smooth_ashlar_tab,FALSE,,,Smooth Ashlar Stormlands Slab,stormlands_light_stone_slab,,,slab,stormlands_light_stone,,,
TRUE,westeros_smooth_ashlar_tab,FALSE,,,Smooth Ashlar Stormlands Stairs,stormlands_light_stone_stairs,,,stair,stormlands_light_stone,,,
TRUE,westeros_smooth_ashlar_tab,FALSE,,,Smooth Ashlar Stormlands Tip,stormlands_light_stone_tip,,,cuboid,stormlands_light_stone,,,
TRUE,westeros_smooth_ashlar_tab,FALSE,,,Smooth Ashlar Stormlands Wall,stormlands_light_stone_wall,,,wall,stormlands_light_stone,,,
TRUE,westeros_cobblestone_tab,FALSE,Cobblestone Update,Ready For Work,Cobblestone Stormlands Mossy,stormlands_mossy_cobblestone,,,solid,stormlands_mossy_cobblestone,,,
TRUE,westeros_cobblestone_tab,FALSE,Cobblestone Update,Ready For Work,Cobblestone Stormlands Mossy Fence,stormlands_mossy_cobblestone_fence,,,fence,stormlands_mossy_cobblestone,,,
TRUE,westeros_cobblestone_tab,FALSE,Cobblestone Update,Ready For Work,Cobblestone Stormlands Mossy Hopper,stormlands_mossy_cobblestone_hopper,,,cuboid,stormlands_mossy_cobblestone,,,
TRUE,westeros_cobblestone_tab,FALSE,Cobblestone Update,Ready For Work,Cobblestone Stormlands Mossy Slab,stormlands_mossy_cobblestone_slab,,,slab,stormlands_mossy_cobblestone,,,
TRUE,westeros_cobblestone_tab,FALSE,Cobblestone Update,Ready For Work,Cobblestone Stormlands Mossy Stairs,stormlands_mossy_cobblestone_stairs,,,stair,stormlands_mossy_cobblestone,,,
TRUE,westeros_cobblestone_tab,FALSE,Cobblestone Update,Ready For Work,Cobblestone Stormlands Mossy Tip,stormlands_mossy_cobblestone_tip,,,cuboid,stormlands_mossy_cobblestone,,,
TRUE,westeros_cobblestone_tab,FALSE,Cobblestone Update,Ready For Work,Cobblestone Stormlands Mossy Wall,stormlands_mossy_cobblestone_wall,,,wall,stormlands_mossy_cobblestone,,,
FALSE,westeros_furniture_tab,FALSE,,,Straw Bed,straw_bed,,,bed,,,,
FALSE,westeros_crops_herbs_tab,FALSE,,,Strawberry Bush,strawberry_bush,,,plant,,,,
FALSE,westeros_banners_tab,FALSE,,,Sunderland Banner,sunderland_banner,WesterosBlocks,,cuboid-nsew-stack,,,,
FALSE,westeros_banners_tab,FALSE,,,Sunderly Banner,sunderly_banner,WesterosBlocks,,cuboid-nsew-stack,,,,
FALSE,westeros_banners_tab,FALSE,,,Sunglass Banner,sunglass_banner,WesterosBlocks,,cuboid-nsew-stack,,,,
TRUE,westeros_marble_plaster_tab,FALSE,,,Sunspear Yellow Veined Marble,sunspear_yellow_veined_marble,,,solid,sunspear_yellow_veined_marble,,,
TRUE,westeros_marble_plaster_tab,FALSE,,,Sunspear Yellow Veined Marble Fence,sunspear_yellow_veined_marble_fence,,,fence,sunspear_yellow_veined_marble,,,
TRUE,westeros_marble_plaster_tab,FALSE,,,Sunspear Yellow Veined Marble Hopper,sunspear_yellow_veined_marble_hopper,,,cuboid,sunspear_yellow_veined_marble,,,
TRUE,westeros_marble_plaster_tab,FALSE,,,Sunspear Yellow Veined Marble Slab,sunspear_yellow_veined_marble_slab,,,slab,sunspear_yellow_veined_marble,,,
TRUE,westeros_marble_plaster_tab,FALSE,,,Sunspear Yellow Veined Marble Stairs,sunspear_yellow_veined_marble_stairs,,,stair,sunspear_yellow_veined_marble,,,
TRUE,westeros_marble_plaster_tab,FALSE,,,Sunspear Yellow Veined Marble Tip,sunspear_yellow_veined_marble_tip,,,cuboid,sunspear_yellow_veined_marble,,,
TRUE,westeros_marble_plaster_tab,FALSE,,,Sunspear Yellow Veined Marble Wall,sunspear_yellow_veined_marble_wall,,,wall,sunspear_yellow_veined_marble,,,
FALSE,westeros_banners_tab,FALSE,,,Swann Banner,swann_banner,WesterosBlocks,,cuboid-nsew-stack,,,,
FALSE,westeros_decor_tab,FALSE,,,Sword Rack,sword_rack,,,cuboid-ne,,,,
FALSE,westeros_banners_tab,FALSE,,,Swyft Banner,swyft_banner,WesterosBlocks,,cuboid-nsew-stack,,,,
FALSE,westeros_furniture_tab,FALSE,Wood Update,Ready For Work,Table,table,,,cuboid,,,,
FALSE,westeros_furniture_tab,FALSE,Wood Update,Ready For Work,Table Books,table_books,,,solid,,,,
FALSE,westeros_furniture_tab,FALSE,Wood Update,Ready For Work,Table Drawers,table_drawers,,,solid,,,,
FALSE,westeros_furniture_tab,FALSE,Wood Update,Ready For Work,Table Widgets,table_widgets,,,solid,,,,
FALSE,westeros_banners_tab,FALSE,,,Tallhart Banner,tallhart_banner,WesterosBlocks,,cuboid-nsew-stack,,,,
FALSE,westeros_banners_tab,FALSE,,,Tarbeck Banner,tarbeck_banner,WesterosBlocks,,cuboid-nsew-stack,,,,
FALSE,westeros_banners_tab,FALSE,,,Targaryen Banner,targaryen_banner,WesterosBlocks,,cuboid-nsew-stack,,,,
FALSE,westeros_banners_tab,FALSE,,,Targaryen Greens Banner,targaryen_greens_banner,WesterosBlocks,,cuboid-nsew-stack,,,,
FALSE,westeros_banners_tab,FALSE,,,Targaryen Old Banner,targaryen_old_banner,WesterosBlocks,,cuboid-nsew-stack,,,,
FALSE,westeros_banners_tab,FALSE,,,Tarly Banner,tarly_banner,WesterosBlocks,,cuboid-nsew-stack,,,,
FALSE,westeros_banners_tab,FALSE,,,Tarth Banner,tarth_banner,WesterosBlocks,,cuboid-nsew-stack,,,,
FALSE,westeros_sounds_tab,FALSE,,,Tavern Large,tavern_large,,,sound,,,,
FALSE,westeros_sounds_tab,FALSE,,,Tavern Small,tavern_small,,,sound,,,,
FALSE,westeros_banners_tab,FALSE,,,Tawney Banner,tawney_banner,WesterosBlocks,,cuboid-nsew-stack,,,,
TRUE,westeros_medium_ashlar_tab,FALSE,,,Medium Ashlar Terracotta,terracotta,,,solid,terracotta,,,
TRUE,westeros_medium_ashlar_tab,FALSE,,,Medium Ashlar Terracotta Arrow_slit,terracotta_arrow_slit,,,solid,terracotta,,,
TRUE,westeros_medium_ashlar_tab,FALSE,,,Medium Ashlar Terracotta Arrow_slit_ornate,terracotta_arrow_slit_ornate,,,solid,terracotta,,,
TRUE,westeros_medium_ashlar_tab,FALSE,,,Medium Ashlar Terracotta Arrow_slit_window,terracotta_arrow_slit_window,,,solid,terracotta,,,
TRUE,westeros_cobblestone_tab,FALSE,Cobblestone Update,Ready For Work,Cobblestone Terracotta,terracotta_cobblestone,,,solid,terracotta_cobblestone,,,
TRUE,westeros_cobblestone_tab,FALSE,Cobblestone Update,Ready For Work,Cobblestone Terracotta Fence,terracotta_cobblestone_fence,,,fence,terracotta_cobblestone,,,
TRUE,westeros_cobblestone_tab,FALSE,Cobblestone Update,Ready For Work,Cobblestone Terracotta Hopper,terracotta_cobblestone_hopper,,,cuboid,terracotta_cobblestone,,,
TRUE,westeros_cobblestone_tab,FALSE,Cobblestone Update,Ready For Work,Cobblestone Terracotta Slab,terracotta_cobblestone_slab,,,slab,terracotta_cobblestone,,,
TRUE,westeros_cobblestone_tab,FALSE,Cobblestone Update,Ready For Work,Cobblestone Terracotta Stairs,terracotta_cobblestone_stairs,,,stair,terracotta_cobblestone,,,
TRUE,westeros_cobblestone_tab,FALSE,Cobblestone Update,Ready For Work,Cobblestone Terracotta Tip,terracotta_cobblestone_tip,,,cuboid,terracotta_cobblestone,,,
TRUE,westeros_cobblestone_tab,FALSE,Cobblestone Update,Ready For Work,Cobblestone Terracotta Wall,terracotta_cobblestone_wall,,,wall,terracotta_cobblestone,,,
FALSE,westeros_panelling_carvings_tab,FALSE,,,Ashlar Engraved Terracotta,terracotta_engraved,,,solid,,,,
FALSE,westeros_panelling_carvings_tab,FALSE,,,Ashlar Engraved Terracotta Wall,terracotta_engraved_wall,,,wall,,,,
TRUE,westeros_medium_ashlar_tab,FALSE,,,Medium Ashlar Terracotta Fence,terracotta_fence,,,fence,terracotta,,,
TRUE,westeros_medium_ashlar_tab,FALSE,,,Medium Ashlar Terracotta Hopper,terracotta_hopper,,,cuboid,terracotta,,,
TRUE,westeros_half_ashlar_tab,FALSE,,,Half Ashlar Terracotta,terracotta_large_brick,Doku,,solid,terracotta_large_brick,,,
TRUE,westeros_half_ashlar_tab,FALSE,,,Half Ashlar Terracotta Arrow_slit,terracotta_large_brick_arrow_slit,Doku,,solid,terracotta_large_brick,,,
TRUE,westeros_half_ashlar_tab,FALSE,,,Half Ashlar Terracotta Arrow_slit_ornate,terracotta_large_brick_arrow_slit_ornate,Doku,,solid,terracotta_large_brick,,,
TRUE,westeros_half_ashlar_tab,FALSE,,,Half Ashlar Terracotta Arrow_slit_window,terracotta_large_brick_arrow_slit_window,Doku,,solid,terracotta_large_brick,,,
TRUE,westeros_half_ashlar_tab,FALSE,,,Half Ashlar Terracotta Fence,terracotta_large_brick_fence,Doku,,fence,terracotta_large_brick,,,
TRUE,westeros_half_ashlar_tab,FALSE,,,Half Ashlar Terracotta Hopper,terracotta_large_brick_hopper,Doku,,cuboid,terracotta_large_brick,,,
TRUE,westeros_half_ashlar_tab,FALSE,,,Half Ashlar Terracotta Slab,terracotta_large_brick_slab,Doku,,slab,terracotta_large_brick,,,
TRUE,westeros_half_ashlar_tab,FALSE,,,Half Ashlar Terracotta Stairs,terracotta_large_brick_stairs,Doku,,stair,terracotta_large_brick,,,
TRUE,westeros_half_ashlar_tab,FALSE,,,Half Ashlar Terracotta Tip,terracotta_large_brick_tip,Doku,,cuboid,terracotta_large_brick,,,
TRUE,westeros_half_ashlar_tab,FALSE,,,Half Ashlar Terracotta Wall,terracotta_large_brick_wall,Doku,,wall,terracotta_large_brick,,,
TRUE,westeros_smooth_ashlar_tab,FALSE,,,Smooth Ashlar Terracotta,terracotta_light_stone,,,solid,terracotta_light_stone,,,
TRUE,westeros_smooth_ashlar_tab,FALSE,,,Smooth Ashlar Terracotta Arrow_slit,terracotta_light_stone_arrow_slit,,,solid,terracotta_light_stone,,,
TRUE,westeros_smooth_ashlar_tab,FALSE,,,Smooth Ashlar Terracotta Arrow_slit_ornate,terracotta_light_stone_arrow_slit_ornate,,,solid,terracotta_light_stone,,,
TRUE,westeros_smooth_ashlar_tab,FALSE,,,Smooth Ashlar Terracotta Arrow_slit_window,terracotta_light_stone_arrow_slit_window,,,solid,terracotta_light_stone,,,
TRUE,westeros_smooth_ashlar_tab,FALSE,,,Smooth Ashlar Terracotta Fence,terracotta_light_stone_fence,,,fence,terracotta_light_stone,,,
TRUE,westeros_smooth_ashlar_tab,FALSE,,,Smooth Ashlar Terracotta Hopper,terracotta_light_stone_hopper,,,cuboid,terracotta_light_stone,,,
TRUE,westeros_smooth_ashlar_tab,FALSE,,,Smooth Ashlar Terracotta Slab,terracotta_light_stone_slab,,,slab,terracotta_light_stone,,,
TRUE,westeros_smooth_ashlar_tab,FALSE,,,Smooth Ashlar Terracotta Stairs,terracotta_light_stone_stairs,,,stair,terracotta_light_stone,,,
TRUE,westeros_smooth_ashlar_tab,FALSE,,,Smooth Ashlar Terracotta Tip,terracotta_light_stone_tip,,,cuboid,terracotta_light_stone,,,
TRUE,westeros_smooth_ashlar_tab,FALSE,,,Smooth Ashlar Terracotta Wall,terracotta_light_stone_wall,,,wall,terracotta_light_stone,,,
TRUE,westeros_polished_stone_tab,FALSE,,,Polished Stone Terracotta,terracotta_polished,Doku,,solid,terracotta_polished,,,
TRUE,westeros_polished_stone_tab,FALSE,,,Polished Stone Terracotta Slab,terracotta_polished_slab,Doku,,slab,terracotta_polished,,,
TRUE,westeros_polished_stone_tab,FALSE,,,Polished Stone Terracotta Stairs,terracotta_polished_stairs,Doku,,stair,terracotta_polished,,,
TRUE,westeros_polished_stone_tab,FALSE,,,Polished Stone Terracotta Wall,terracotta_polished_wall,Doku,,wall,terracotta_polished,,,
TRUE,westeros_sand_gravel_tab,FALSE,,,Terracotta Sand,terracotta_sand,,,solid,terracotta_sand,,,
TRUE,westeros_sand_gravel_tab,FALSE,,,Terracotta Sand Layer,terracotta_sand_layer,,,layer,terracotta_sand,,,
TRUE,westeros_medium_ashlar_tab,FALSE,,,Medium Ashlar Terracotta Slab,terracotta_slab,,,slab,terracotta,,,
TRUE,westeros_medium_ashlar_tab,FALSE,,,Medium Ashlar Terracotta Stairs,terracotta_stairs,,,stair,terracotta,,,
TRUE,westeros_medium_ashlar_tab,FALSE,,,Medium Ashlar Terracotta Tip,terracotta_tip,,,cuboid,terracotta,,,
TRUE,westeros_medium_ashlar_tab,FALSE,,,Medium Ashlar Terracotta Wall,terracotta_wall,,,wall,terracotta,,,
TRUE,westeros_terrain_sets_tab,FALSE,,,TerrainSet Arbor Dorne,terrainset_arbor_dorne,WesterosBlocks,,solid,terrainset_arbor_dorne,,,
TRUE,westeros_terrain_sets_tab,FALSE,,,TerrainSet Arbor Dorne Alt,terrainset_arbor_dorne_alt,WesterosBlocks,,solid,terrainset_arbor_dorne_alt,,,
TRUE,westeros_terrain_sets_tab,FALSE,,,TerrainSet Arbor Dorne Alt Fence,terrainset_arbor_dorne_alt_fence,WesterosBlocks,,fence,terrainset_arbor_dorne_alt,,,
TRUE,westeros_terrain_sets_tab,FALSE,,,TerrainSet Arbor Dorne Alt Fence_gate,terrainset_arbor_dorne_alt_fence_gate,WesterosBlocks,,fencegate,terrainset_arbor_dorne_alt,,,
TRUE,westeros_terrain_sets_tab,FALSE,,,TerrainSet Arbor Dorne Alt Hopper,terrainset_arbor_dorne_alt_hopper,WesterosBlocks,,cuboid,terrainset_arbor_dorne_alt,,,
TRUE,westeros_terrain_sets_tab,FALSE,,,TerrainSet Arbor Dorne Alt Slab,terrainset_arbor_dorne_alt_slab,WesterosBlocks,,slab,terrainset_arbor_dorne_alt,,,
TRUE,westeros_terrain_sets_tab,FALSE,,,TerrainSet Arbor Dorne Alt Stairs,terrainset_arbor_dorne_alt_stairs,WesterosBlocks,,stair,terrainset_arbor_dorne_alt,,,
TRUE,westeros_terrain_sets_tab,FALSE,,,TerrainSet Arbor Dorne Alt Tip,terrainset_arbor_dorne_alt_tip,WesterosBlocks,,cuboid,terrainset_arbor_dorne_alt,,,
TRUE,westeros_terrain_sets_tab,FALSE,,,TerrainSet Arbor Dorne Alt Wall,terrainset_arbor_dorne_alt_wall,WesterosBlocks,,wall,terrainset_arbor_dorne_alt,,,
TRUE,westeros_terrain_sets_tab,FALSE,,,TerrainSet Arbor Dorne Fence,terrainset_arbor_dorne_fence,WesterosBlocks,,fence,terrainset_arbor_dorne,,,
TRUE,westeros_terrain_sets_tab,FALSE,,,TerrainSet Arbor Dorne Fence_gate,terrainset_arbor_dorne_fence_gate,WesterosBlocks,,fencegate,terrainset_arbor_dorne,,,
TRUE,westeros_terrain_sets_tab,FALSE,,,TerrainSet Arbor Dorne Hopper,terrainset_arbor_dorne_hopper,WesterosBlocks,,cuboid,terrainset_arbor_dorne,,,
TRUE,westeros_terrain_sets_tab,FALSE,,,TerrainSet Arbor Dorne Slab,terrainset_arbor_dorne_slab,WesterosBlocks,,slab,terrainset_arbor_dorne,,,
TRUE,westeros_terrain_sets_tab,FALSE,,,TerrainSet Arbor Dorne Stairs,terrainset_arbor_dorne_stairs,WesterosBlocks,,stair,terrainset_arbor_dorne,,,
TRUE,westeros_terrain_sets_tab,FALSE,,,TerrainSet Arbor Dorne Tip,terrainset_arbor_dorne_tip,WesterosBlocks,,cuboid,terrainset_arbor_dorne,,,
TRUE,westeros_terrain_sets_tab,FALSE,,,TerrainSet Arbor Dorne Wall,terrainset_arbor_dorne_wall,WesterosBlocks,,wall,terrainset_arbor_dorne,,,
TRUE,westeros_terrain_sets_tab,FALSE,,,TerrainSet Brown Granite,terrainset_brown_granite,WesterosBlocks,,solid,terrainset_brown_granite,,,
TRUE,westeros_terrain_sets_tab,FALSE,,,TerrainSet Brown Granite Alt,terrainset_brown_granite_alt,WesterosBlocks,,solid,terrainset_brown_granite_alt,,,
TRUE,westeros_terrain_sets_tab,FALSE,,,TerrainSet Brown Granite Alt Fence,terrainset_brown_granite_alt_fence,WesterosBlocks,,fence,terrainset_brown_granite_alt,,,
TRUE,westeros_terrain_sets_tab,FALSE,,,TerrainSet Brown Granite Alt Fence_gate,terrainset_brown_granite_alt_fence_gate,WesterosBlocks,,fencegate,terrainset_brown_granite_alt,,,
TRUE,westeros_terrain_sets_tab,FALSE,,,TerrainSet Brown Granite Alt Hopper,terrainset_brown_granite_alt_hopper,WesterosBlocks,,cuboid,terrainset_brown_granite_alt,,,
TRUE,westeros_terrain_sets_tab,FALSE,,,TerrainSet Brown Granite Alt Slab,terrainset_brown_granite_alt_slab,WesterosBlocks,,slab,terrainset_brown_granite_alt,,,
TRUE,westeros_terrain_sets_tab,FALSE,,,TerrainSet Brown Granite Alt Stairs,terrainset_brown_granite_alt_stairs,WesterosBlocks,,stair,terrainset_brown_granite_alt,,,
TRUE,westeros_terrain_sets_tab,FALSE,,,TerrainSet Brown Granite Alt Tip,terrainset_brown_granite_alt_tip,WesterosBlocks,,cuboid,terrainset_brown_granite_alt,,,
TRUE,westeros_terrain_sets_tab,FALSE,,,TerrainSet Brown Granite Alt Wall,terrainset_brown_granite_alt_wall,WesterosBlocks,,wall,terrainset_brown_granite_alt,,,
TRUE,westeros_terrain_sets_tab,FALSE,,,TerrainSet Brown Granite Fence,terrainset_brown_granite_fence,WesterosBlocks,,fence,terrainset_brown_granite,,,
TRUE,westeros_terrain_sets_tab,FALSE,,,TerrainSet Brown Granite Fence_gate,terrainset_brown_granite_fence_gate,WesterosBlocks,,fencegate,terrainset_brown_granite,,,
TRUE,westeros_terrain_sets_tab,FALSE,,,TerrainSet Brown Granite Hopper,terrainset_brown_granite_hopper,WesterosBlocks,,cuboid,terrainset_brown_granite,,,
TRUE,westeros_terrain_sets_tab,FALSE,,,TerrainSet Brown Granite Slab,terrainset_brown_granite_slab,WesterosBlocks,,slab,terrainset_brown_granite,,,
TRUE,westeros_terrain_sets_tab,FALSE,,,TerrainSet Brown Granite Stairs,terrainset_brown_granite_stairs,WesterosBlocks,,stair,terrainset_brown_granite,,,
TRUE,westeros_terrain_sets_tab,FALSE,,,TerrainSet Brown Granite Tip,terrainset_brown_granite_tip,WesterosBlocks,,cuboid,terrainset_brown_granite,,,
TRUE,westeros_terrain_sets_tab,FALSE,,,TerrainSet Brown Granite Wall,terrainset_brown_granite_wall,WesterosBlocks,,wall,terrainset_brown_granite,,,
TRUE,westeros_terrain_sets_tab,FALSE,,,TerrainSet Dark Westerlands,terrainset_dark_westerlands,WesterosBlocks,,solid,terrainset_dark_westerlands,,,
TRUE,westeros_terrain_sets_tab,FALSE,,,TerrainSet Dark Westerlands Fence,terrainset_dark_westerlands_fence,WesterosBlocks,,fence,terrainset_dark_westerlands,,,
TRUE,westeros_terrain_sets_tab,FALSE,,,TerrainSet Dark Westerlands Fence_gate,terrainset_dark_westerlands_fence_gate,WesterosBlocks,,fencegate,terrainset_dark_westerlands,,,
TRUE,westeros_terrain_sets_tab,FALSE,,,TerrainSet Dark Westerlands Hopper,terrainset_dark_westerlands_hopper,WesterosBlocks,,cuboid,terrainset_dark_westerlands,,,
TRUE,westeros_terrain_sets_tab,FALSE,,,TerrainSet Dark Westerlands Slab,terrainset_dark_westerlands_slab,WesterosBlocks,,slab,terrainset_dark_westerlands,,,
TRUE,westeros_terrain_sets_tab,FALSE,,,TerrainSet Dark Westerlands Stairs,terrainset_dark_westerlands_stairs,WesterosBlocks,,stair,terrainset_dark_westerlands,,,
TRUE,westeros_terrain_sets_tab,FALSE,,,TerrainSet Dark Westerlands Tip,terrainset_dark_westerlands_tip,WesterosBlocks,,cuboid,terrainset_dark_westerlands,,,
TRUE,westeros_terrain_sets_tab,FALSE,,,TerrainSet Dark Westerlands Wall,terrainset_dark_westerlands_wall,WesterosBlocks,,wall,terrainset_dark_westerlands,,,
TRUE,westeros_terrain_sets_tab,FALSE,,,TerrainSet Dornish Marches,terrainset_dornish_marches,WesterosBlocks,,solid,terrainset_dornish_marches,,,
TRUE,westeros_terrain_sets_tab,FALSE,,,TerrainSet Dornish Marches Alt,terrainset_dornish_marches_alt,WesterosBlocks,,solid,terrainset_dornish_marches_alt,,,
TRUE,westeros_terrain_sets_tab,FALSE,,,TerrainSet Dornish Marches Alt Fence,terrainset_dornish_marches_alt_fence,WesterosBlocks,,fence,terrainset_dornish_marches_alt,,,
TRUE,westeros_terrain_sets_tab,FALSE,,,TerrainSet Dornish Marches Alt Fence_gate,terrainset_dornish_marches_alt_fence_gate,WesterosBlocks,,fencegate,terrainset_dornish_marches_alt,,,
TRUE,westeros_terrain_sets_tab,FALSE,,,TerrainSet Dornish Marches Alt Hopper,terrainset_dornish_marches_alt_hopper,WesterosBlocks,,cuboid,terrainset_dornish_marches_alt,,,
TRUE,westeros_terrain_sets_tab,FALSE,,,TerrainSet Dornish Marches Alt Slab,terrainset_dornish_marches_alt_slab,WesterosBlocks,,slab,terrainset_dornish_marches_alt,,,
TRUE,westeros_terrain_sets_tab,FALSE,,,TerrainSet Dornish Marches Alt Stairs,terrainset_dornish_marches_alt_stairs,WesterosBlocks,,stair,terrainset_dornish_marches_alt,,,
TRUE,westeros_terrain_sets_tab,FALSE,,,TerrainSet Dornish Marches Alt Tip,terrainset_dornish_marches_alt_tip,WesterosBlocks,,cuboid,terrainset_dornish_marches_alt,,,
TRUE,westeros_terrain_sets_tab,FALSE,,,TerrainSet Dornish Marches Alt Wall,terrainset_dornish_marches_alt_wall,WesterosBlocks,,wall,terrainset_dornish_marches_alt,,,
TRUE,westeros_terrain_sets_tab,FALSE,,,TerrainSet Dornish Marches Fence,terrainset_dornish_marches_fence,WesterosBlocks,,fence,terrainset_dornish_marches,,,
TRUE,westeros_terrain_sets_tab,FALSE,,,TerrainSet Dornish Marches Fence_gate,terrainset_dornish_marches_fence_gate,WesterosBlocks,,fencegate,terrainset_dornish_marches,,,
TRUE,westeros_terrain_sets_tab,FALSE,,,TerrainSet Dornish Marches Hopper,terrainset_dornish_marches_hopper,WesterosBlocks,,cuboid,terrainset_dornish_marches,,,
TRUE,westeros_terrain_sets_tab,FALSE,,,TerrainSet Dornish Marches Slab,terrainset_dornish_marches_slab,WesterosBlocks,,slab,terrainset_dornish_marches,,,
TRUE,westeros_terrain_sets_tab,FALSE,,,TerrainSet Dornish Marches Stairs,terrainset_dornish_marches_stairs,WesterosBlocks,,stair,terrainset_dornish_marches,,,
TRUE,westeros_terrain_sets_tab,FALSE,,,TerrainSet Dornish Marches Tip,terrainset_dornish_marches_tip,WesterosBlocks,,cuboid,terrainset_dornish_marches,,,
TRUE,westeros_terrain_sets_tab,FALSE,,,TerrainSet Dornish Marches Wall,terrainset_dornish_marches_wall,WesterosBlocks,,wall,terrainset_dornish_marches,,,
TRUE,westeros_terrain_sets_tab,FALSE,,,TerrainSet Eastern Islands,terrainset_eastern_islands,WesterosBlocks,,solid,terrainset_eastern_islands,,,
TRUE,westeros_terrain_sets_tab,FALSE,,,TerrainSet Eastern Islands Alt,terrainset_eastern_islands_alt,WesterosBlocks,,solid,terrainset_eastern_islands_alt,,,
TRUE,westeros_terrain_sets_tab,FALSE,,,TerrainSet Eastern Islands Alt Fence,terrainset_eastern_islands_alt_fence,WesterosBlocks,,fence,terrainset_eastern_islands_alt,,,
TRUE,westeros_terrain_sets_tab,FALSE,,,TerrainSet Eastern Islands Alt Fence_gate,terrainset_eastern_islands_alt_fence_gate,WesterosBlocks,,fencegate,terrainset_eastern_islands_alt,,,
TRUE,westeros_terrain_sets_tab,FALSE,,,TerrainSet Eastern Islands Alt Hopper,terrainset_eastern_islands_alt_hopper,WesterosBlocks,,cuboid,terrainset_eastern_islands_alt,,,
TRUE,westeros_terrain_sets_tab,FALSE,,,TerrainSet Eastern Islands Alt Slab,terrainset_eastern_islands_alt_slab,WesterosBlocks,,slab,terrainset_eastern_islands_alt,,,
TRUE,westeros_terrain_sets_tab,FALSE,,,TerrainSet Eastern Islands Alt Stairs,terrainset_eastern_islands_alt_stairs,WesterosBlocks,,stair,terrainset_eastern_islands_alt,,,
TRUE,westeros_terrain_sets_tab,FALSE,,,TerrainSet Eastern Islands Alt Tip,terrainset_eastern_islands_alt_tip,WesterosBlocks,,cuboid,terrainset_eastern_islands_alt,,,
TRUE,westeros_terrain_sets_tab,FALSE,,,TerrainSet Eastern Islands Alt Wall,terrainset_eastern_islands_alt_wall,WesterosBlocks,,wall,terrainset_eastern_islands_alt,,,
TRUE,westeros_terrain_sets_tab,FALSE,,,TerrainSet Eastern Islands Fence,terrainset_eastern_islands_fence,WesterosBlocks,,fence,terrainset_eastern_islands,,,
TRUE,westeros_terrain_sets_tab,FALSE,,,TerrainSet Eastern Islands Fence_gate,terrainset_eastern_islands_fence_gate,WesterosBlocks,,fencegate,terrainset_eastern_islands,,,
TRUE,westeros_terrain_sets_tab,FALSE,,,TerrainSet Eastern Islands Hopper,terrainset_eastern_islands_hopper,WesterosBlocks,,cuboid,terrainset_eastern_islands,,,
TRUE,westeros_terrain_sets_tab,FALSE,,,TerrainSet Eastern Islands Slab,terrainset_eastern_islands_slab,WesterosBlocks,,slab,terrainset_eastern_islands,,,
TRUE,westeros_terrain_sets_tab,FALSE,,,TerrainSet Eastern Islands Stairs,terrainset_eastern_islands_stairs,WesterosBlocks,,stair,terrainset_eastern_islands,,,
TRUE,westeros_terrain_sets_tab,FALSE,,,TerrainSet Eastern Islands Tip,terrainset_eastern_islands_tip,WesterosBlocks,,cuboid,terrainset_eastern_islands,,,
TRUE,westeros_terrain_sets_tab,FALSE,,,TerrainSet Eastern Islands Wall,terrainset_eastern_islands_wall,WesterosBlocks,,wall,terrainset_eastern_islands,,,
TRUE,westeros_terrain_sets_tab,FALSE,,,TerrainSet Grey Sandstone,terrainset_grey_sandstone,WesterosBlocks,,solid,terrainset_grey_sandstone,,,
TRUE,westeros_terrain_sets_tab,FALSE,,,TerrainSet Grey Sandstone Fence,terrainset_grey_sandstone_fence,WesterosBlocks,,fence,terrainset_grey_sandstone,,,
TRUE,westeros_terrain_sets_tab,FALSE,,,TerrainSet Grey Sandstone Fence_gate,terrainset_grey_sandstone_fence_gate,WesterosBlocks,,fencegate,terrainset_grey_sandstone,,,
TRUE,westeros_terrain_sets_tab,FALSE,,,TerrainSet Grey Sandstone Hopper,terrainset_grey_sandstone_hopper,WesterosBlocks,,cuboid,terrainset_grey_sandstone,,,
TRUE,westeros_terrain_sets_tab,FALSE,,,TerrainSet Grey Sandstone Slab,terrainset_grey_sandstone_slab,WesterosBlocks,,slab,terrainset_grey_sandstone,,,
TRUE,westeros_terrain_sets_tab,FALSE,,,TerrainSet Grey Sandstone Stairs,terrainset_grey_sandstone_stairs,WesterosBlocks,,stair,terrainset_grey_sandstone,,,
TRUE,westeros_terrain_sets_tab,FALSE,,,TerrainSet Grey Sandstone Tip,terrainset_grey_sandstone_tip,WesterosBlocks,,cuboid,terrainset_grey_sandstone,,,
TRUE,westeros_terrain_sets_tab,FALSE,,,TerrainSet Grey Sandstone Wall,terrainset_grey_sandstone_wall,WesterosBlocks,,wall,terrainset_grey_sandstone,,,
TRUE,westeros_terrain_sets_tab,FALSE,,,TerrainSet Iron Islands,terrainset_iron_islands,WesterosBlocks,,solid,terrainset_iron_islands,,,
TRUE,westeros_terrain_sets_tab,FALSE,,,TerrainSet Iron Islands Alt,terrainset_iron_islands_alt,WesterosBlocks,,solid,terrainset_iron_islands_alt,,,
TRUE,westeros_terrain_sets_tab,FALSE,,,TerrainSet Iron Islands Alt Fence,terrainset_iron_islands_alt_fence,WesterosBlocks,,fence,terrainset_iron_islands_alt,,,
TRUE,westeros_terrain_sets_tab,FALSE,,,TerrainSet Iron Islands Alt Fence_gate,terrainset_iron_islands_alt_fence_gate,WesterosBlocks,,fencegate,terrainset_iron_islands_alt,,,
TRUE,westeros_terrain_sets_tab,FALSE,,,TerrainSet Iron Islands Alt Hopper,terrainset_iron_islands_alt_hopper,WesterosBlocks,,cuboid,terrainset_iron_islands_alt,,,
TRUE,westeros_terrain_sets_tab,FALSE,,,TerrainSet Iron Islands Alt Slab,terrainset_iron_islands_alt_slab,WesterosBlocks,,slab,terrainset_iron_islands_alt,,,
TRUE,westeros_terrain_sets_tab,FALSE,,,TerrainSet Iron Islands Alt Stairs,terrainset_iron_islands_alt_stairs,WesterosBlocks,,stair,terrainset_iron_islands_alt,,,
TRUE,westeros_terrain_sets_tab,FALSE,,,TerrainSet Iron Islands Alt Tip,terrainset_iron_islands_alt_tip,WesterosBlocks,,cuboid,terrainset_iron_islands_alt,,,
TRUE,westeros_terrain_sets_tab,FALSE,,,TerrainSet Iron Islands Alt Wall,terrainset_iron_islands_alt_wall,WesterosBlocks,,wall,terrainset_iron_islands_alt,,,
TRUE,westeros_terrain_sets_tab,FALSE,,,TerrainSet Iron Islands Fence,terrainset_iron_islands_fence,WesterosBlocks,,fence,terrainset_iron_islands,,,
TRUE,westeros_terrain_sets_tab,FALSE,,,TerrainSet Iron Islands Fence_gate,terrainset_iron_islands_fence_gate,WesterosBlocks,,fencegate,terrainset_iron_islands,,,
TRUE,westeros_terrain_sets_tab,FALSE,,,TerrainSet Iron Islands Hopper,terrainset_iron_islands_hopper,WesterosBlocks,,cuboid,terrainset_iron_islands,,,
TRUE,westeros_terrain_sets_tab,FALSE,,,TerrainSet Iron Islands Slab,terrainset_iron_islands_slab,WesterosBlocks,,slab,terrainset_iron_islands,,,
TRUE,westeros_terrain_sets_tab,FALSE,,,TerrainSet Iron Islands Stairs,terrainset_iron_islands_stairs,WesterosBlocks,,stair,terrainset_iron_islands,,,
TRUE,westeros_terrain_sets_tab,FALSE,,,TerrainSet Iron Islands Tip,terrainset_iron_islands_tip,WesterosBlocks,,cuboid,terrainset_iron_islands,,,
TRUE,westeros_terrain_sets_tab,FALSE,,,TerrainSet Iron Islands Wall,terrainset_iron_islands_wall,WesterosBlocks,,wall,terrainset_iron_islands,,,
TRUE,westeros_terrain_sets_tab,FALSE,,,TerrainSet Mountains of the Moon,terrainset_mountains_of_the_moon,WesterosBlocks,,solid,terrainset_mountains_of_the_moon,,,
TRUE,westeros_terrain_sets_tab,FALSE,,,TerrainSet Mountains of the Moon Alt,terrainset_mountains_of_the_moon_alt,WesterosBlocks,,solid,terrainset_mountains_of_the_moon_alt,,,
TRUE,westeros_terrain_sets_tab,FALSE,,,TerrainSet Mountains of the Moon Alt Fence,terrainset_mountains_of_the_moon_alt_fence,WesterosBlocks,,fence,terrainset_mountains_of_the_moon_alt,,,
TRUE,westeros_terrain_sets_tab,FALSE,,,TerrainSet Mountains of the Moon Alt Fence_gate,terrainset_mountains_of_the_moon_alt_fence_gate,WesterosBlocks,,fencegate,terrainset_mountains_of_the_moon_alt,,,
TRUE,westeros_terrain_sets_tab,FALSE,,,TerrainSet Mountains of the Moon Alt Hopper,terrainset_mountains_of_the_moon_alt_hopper,WesterosBlocks,,cuboid,terrainset_mountains_of_the_moon_alt,,,
TRUE,westeros_terrain_sets_tab,FALSE,,,TerrainSet Mountains of the Moon Alt Slab,terrainset_mountains_of_the_moon_alt_slab,WesterosBlocks,,slab,terrainset_mountains_of_the_moon_alt,,,
TRUE,westeros_terrain_sets_tab,FALSE,,,TerrainSet Mountains of the Moon Alt Stairs,terrainset_mountains_of_the_moon_alt_stairs,WesterosBlocks,,stair,terrainset_mountains_of_the_moon_alt,,,
TRUE,westeros_terrain_sets_tab,FALSE,,,TerrainSet Mountains of the Moon Alt Tip,terrainset_mountains_of_the_moon_alt_tip,WesterosBlocks,,cuboid,terrainset_mountains_of_the_moon_alt,,,
TRUE,westeros_terrain_sets_tab,FALSE,,,TerrainSet Mountains of the Moon Alt Wall,terrainset_mountains_of_the_moon_alt_wall,WesterosBlocks,,wall,terrainset_mountains_of_the_moon_alt,,,
TRUE,westeros_terrain_sets_tab,FALSE,,,TerrainSet Mountains of the Moon Fence,terrainset_mountains_of_the_moon_fence,WesterosBlocks,,fence,terrainset_mountains_of_the_moon,,,
TRUE,westeros_terrain_sets_tab,FALSE,,,TerrainSet Mountains of the Moon Fence_gate,terrainset_mountains_of_the_moon_fence_gate,WesterosBlocks,,fencegate,terrainset_mountains_of_the_moon,,,
TRUE,westeros_terrain_sets_tab,FALSE,,,TerrainSet Mountains of the Moon Hopper,terrainset_mountains_of_the_moon_hopper,WesterosBlocks,,cuboid,terrainset_mountains_of_the_moon,,,
TRUE,westeros_terrain_sets_tab,FALSE,,,TerrainSet Mountains of the Moon Slab,terrainset_mountains_of_the_moon_slab,WesterosBlocks,,slab,terrainset_mountains_of_the_moon,,,
TRUE,westeros_terrain_sets_tab,FALSE,,,TerrainSet Mountains of the Moon Stairs,terrainset_mountains_of_the_moon_stairs,WesterosBlocks,,stair,terrainset_mountains_of_the_moon,,,
TRUE,westeros_terrain_sets_tab,FALSE,,,TerrainSet Mountains of the Moon Tip,terrainset_mountains_of_the_moon_tip,WesterosBlocks,,cuboid,terrainset_mountains_of_the_moon,,,
TRUE,westeros_terrain_sets_tab,FALSE,,,TerrainSet Mountains of the Moon Wall,terrainset_mountains_of_the_moon_wall,WesterosBlocks,,wall,terrainset_mountains_of_the_moon,,,
TRUE,westeros_terrain_sets_tab,FALSE,,,TerrainSet Ocean Rocks,terrainset_ocean_rocks,WesterosBlocks,,solid,terrainset_ocean_rocks,,,
TRUE,westeros_terrain_sets_tab,FALSE,,,TerrainSet Ocean Rocks Fence,terrainset_ocean_rocks_fence,WesterosBlocks,,fence,terrainset_ocean_rocks,,,
TRUE,westeros_terrain_sets_tab,FALSE,,,TerrainSet Ocean Rocks Fence_gate,terrainset_ocean_rocks_fence_gate,WesterosBlocks,,fencegate,terrainset_ocean_rocks,,,
TRUE,westeros_terrain_sets_tab,FALSE,,,TerrainSet Ocean Rocks Hopper,terrainset_ocean_rocks_hopper,WesterosBlocks,,cuboid,terrainset_ocean_rocks,,,
TRUE,westeros_terrain_sets_tab,FALSE,,,TerrainSet Ocean Rocks Slab,terrainset_ocean_rocks_slab,WesterosBlocks,,slab,terrainset_ocean_rocks,,,
TRUE,westeros_terrain_sets_tab,FALSE,,,TerrainSet Ocean Rocks Stairs,terrainset_ocean_rocks_stairs,WesterosBlocks,,stair,terrainset_ocean_rocks,,,
TRUE,westeros_terrain_sets_tab,FALSE,,,TerrainSet Ocean Rocks Tip,terrainset_ocean_rocks_tip,WesterosBlocks,,cuboid,terrainset_ocean_rocks,,,
TRUE,westeros_terrain_sets_tab,FALSE,,,TerrainSet Ocean Rocks Wall,terrainset_ocean_rocks_wall,WesterosBlocks,,wall,terrainset_ocean_rocks,,,
TRUE,westeros_terrain_sets_tab,FALSE,,,TerrainSet Reach,terrainset_reach,WesterosBlocks,,solid,terrainset_reach,,,
TRUE,westeros_terrain_sets_tab,FALSE,,,TerrainSet Reach Alt,terrainset_reach_alt,WesterosBlocks,,solid,terrainset_reach_alt,,,
TRUE,westeros_terrain_sets_tab,FALSE,,,TerrainSet Reach Alt Fence,terrainset_reach_alt_fence,WesterosBlocks,,fence,terrainset_reach_alt,,,
TRUE,westeros_terrain_sets_tab,FALSE,,,TerrainSet Reach Alt Fence_gate,terrainset_reach_alt_fence_gate,WesterosBlocks,,fencegate,terrainset_reach_alt,,,
TRUE,westeros_terrain_sets_tab,FALSE,,,TerrainSet Reach Alt Hopper,terrainset_reach_alt_hopper,WesterosBlocks,,cuboid,terrainset_reach_alt,,,
TRUE,westeros_terrain_sets_tab,FALSE,,,TerrainSet Reach Alt Slab,terrainset_reach_alt_slab,WesterosBlocks,,slab,terrainset_reach_alt,,,
TRUE,westeros_terrain_sets_tab,FALSE,,,TerrainSet Reach Alt Stairs,terrainset_reach_alt_stairs,WesterosBlocks,,stair,terrainset_reach_alt,,,
TRUE,westeros_terrain_sets_tab,FALSE,,,TerrainSet Reach Alt Tip,terrainset_reach_alt_tip,WesterosBlocks,,cuboid,terrainset_reach_alt,,,
TRUE,westeros_terrain_sets_tab,FALSE,,,TerrainSet Reach Alt Wall,terrainset_reach_alt_wall,WesterosBlocks,,wall,terrainset_reach_alt,,,
TRUE,westeros_terrain_sets_tab,FALSE,,,TerrainSet Reach Fence,terrainset_reach_fence,WesterosBlocks,,fence,terrainset_reach,,,
TRUE,westeros_terrain_sets_tab,FALSE,,,TerrainSet Reach Fence_gate,terrainset_reach_fence_gate,WesterosBlocks,,fencegate,terrainset_reach,,,
TRUE,westeros_terrain_sets_tab,FALSE,,,TerrainSet Reach Hopper,terrainset_reach_hopper,WesterosBlocks,,cuboid,terrainset_reach,,,
TRUE,westeros_terrain_sets_tab,FALSE,,,TerrainSet Reach Slab,terrainset_reach_slab,WesterosBlocks,,slab,terrainset_reach,,,
TRUE,westeros_terrain_sets_tab,FALSE,,,TerrainSet Reach Stairs,terrainset_reach_stairs,WesterosBlocks,,stair,terrainset_reach,,,
TRUE,westeros_terrain_sets_tab,FALSE,,,TerrainSet Reach Tip,terrainset_reach_tip,WesterosBlocks,,cuboid,terrainset_reach,,,
TRUE,westeros_terrain_sets_tab,FALSE,,,TerrainSet Reach Wall,terrainset_reach_wall,WesterosBlocks,,wall,terrainset_reach,,,
TRUE,westeros_terrain_sets_tab,FALSE,,,TerrainSet Red Granite,terrainset_red_granite,WesterosBlocks,,solid,terrainset_red_granite,,,
TRUE,westeros_terrain_sets_tab,FALSE,,,TerrainSet Red Granite Fence,terrainset_red_granite_fence,WesterosBlocks,,fence,terrainset_red_granite,,,
TRUE,westeros_terrain_sets_tab,FALSE,,,TerrainSet Red Granite Fence_gate,terrainset_red_granite_fence_gate,WesterosBlocks,,fencegate,terrainset_red_granite,,,
TRUE,westeros_terrain_sets_tab,FALSE,,,TerrainSet Red Granite Hopper,terrainset_red_granite_hopper,WesterosBlocks,,cuboid,terrainset_red_granite,,,
TRUE,westeros_terrain_sets_tab,FALSE,,,TerrainSet Red Granite Slab,terrainset_red_granite_slab,WesterosBlocks,,slab,terrainset_red_granite,,,
TRUE,westeros_terrain_sets_tab,FALSE,,,TerrainSet Red Granite Stairs,terrainset_red_granite_stairs,WesterosBlocks,,stair,terrainset_red_granite,,,
TRUE,westeros_terrain_sets_tab,FALSE,,,TerrainSet Red Granite Tip,terrainset_red_granite_tip,WesterosBlocks,,cuboid,terrainset_red_granite,,,
TRUE,westeros_terrain_sets_tab,FALSE,,,TerrainSet Red Granite Wall,terrainset_red_granite_wall,WesterosBlocks,,wall,terrainset_red_granite,,,
TRUE,westeros_terrain_sets_tab,FALSE,,,TerrainSet Red Mountains,terrainset_red_mountains,WesterosBlocks,,solid,terrainset_red_mountains,,,
TRUE,westeros_terrain_sets_tab,FALSE,,,TerrainSet Red Mountains Alt,terrainset_red_mountains_alt,WesterosBlocks,,solid,terrainset_red_mountains_alt,,,
TRUE,westeros_terrain_sets_tab,FALSE,,,TerrainSet Red Mountains Alt Fence,terrainset_red_mountains_alt_fence,WesterosBlocks,,fence,terrainset_red_mountains_alt,,,
TRUE,westeros_terrain_sets_tab,FALSE,,,TerrainSet Red Mountains Alt Fence_gate,terrainset_red_mountains_alt_fence_gate,WesterosBlocks,,fencegate,terrainset_red_mountains_alt,,,
TRUE,westeros_terrain_sets_tab,FALSE,,,TerrainSet Red Mountains Alt Hopper,terrainset_red_mountains_alt_hopper,WesterosBlocks,,cuboid,terrainset_red_mountains_alt,,,
TRUE,westeros_terrain_sets_tab,FALSE,,,TerrainSet Red Mountains Alt Slab,terrainset_red_mountains_alt_slab,WesterosBlocks,,slab,terrainset_red_mountains_alt,,,
TRUE,westeros_terrain_sets_tab,FALSE,,,TerrainSet Red Mountains Alt Stairs,terrainset_red_mountains_alt_stairs,WesterosBlocks,,stair,terrainset_red_mountains_alt,,,
TRUE,westeros_terrain_sets_tab,FALSE,,,TerrainSet Red Mountains Alt Tip,terrainset_red_mountains_alt_tip,WesterosBlocks,,cuboid,terrainset_red_mountains_alt,,,
TRUE,westeros_terrain_sets_tab,FALSE,,,TerrainSet Red Mountains Alt Wall,terrainset_red_mountains_alt_wall,WesterosBlocks,,wall,terrainset_red_mountains_alt,,,
TRUE,westeros_terrain_sets_tab,FALSE,,,TerrainSet Red Mountains Fence,terrainset_red_mountains_fence,WesterosBlocks,,fence,terrainset_red_mountains,,,
TRUE,westeros_terrain_sets_tab,FALSE,,,TerrainSet Red Mountains Fence_gate,terrainset_red_mountains_fence_gate,WesterosBlocks,,fencegate,terrainset_red_mountains,,,
TRUE,westeros_terrain_sets_tab,FALSE,,,TerrainSet Red Mountains Hopper,terrainset_red_mountains_hopper,WesterosBlocks,,cuboid,terrainset_red_mountains,,,
TRUE,westeros_terrain_sets_tab,FALSE,,,TerrainSet Red Mountains Slab,terrainset_red_mountains_slab,WesterosBlocks,,slab,terrainset_red_mountains,,,
TRUE,westeros_terrain_sets_tab,FALSE,,,TerrainSet Red Mountains Stairs,terrainset_red_mountains_stairs,WesterosBlocks,,stair,terrainset_red_mountains,,,
TRUE,westeros_terrain_sets_tab,FALSE,,,TerrainSet Red Mountains Tip,terrainset_red_mountains_tip,WesterosBlocks,,cuboid,terrainset_red_mountains,,,
TRUE,westeros_terrain_sets_tab,FALSE,,,TerrainSet Red Mountains Wall,terrainset_red_mountains_wall,WesterosBlocks,,wall,terrainset_red_mountains,,,
TRUE,westeros_terrain_sets_tab,FALSE,,,TerrainSet River Rocks,terrainset_river_rocks,WesterosBlocks,,solid,terrainset_river_rocks,,,
TRUE,westeros_terrain_sets_tab,FALSE,,,TerrainSet River Rocks Fence,terrainset_river_rocks_fence,WesterosBlocks,,fence,terrainset_river_rocks,,,
TRUE,westeros_terrain_sets_tab,FALSE,,,TerrainSet River Rocks Fence_gate,terrainset_river_rocks_fence_gate,WesterosBlocks,,fencegate,terrainset_river_rocks,,,
TRUE,westeros_terrain_sets_tab,FALSE,,,TerrainSet River Rocks Hopper,terrainset_river_rocks_hopper,WesterosBlocks,,cuboid,terrainset_river_rocks,,,
TRUE,westeros_terrain_sets_tab,FALSE,,,TerrainSet River Rocks Slab,terrainset_river_rocks_slab,WesterosBlocks,,slab,terrainset_river_rocks,,,
TRUE,westeros_terrain_sets_tab,FALSE,,,TerrainSet River Rocks Stairs,terrainset_river_rocks_stairs,WesterosBlocks,,stair,terrainset_river_rocks,,,
TRUE,westeros_terrain_sets_tab,FALSE,,,TerrainSet River Rocks Tip,terrainset_river_rocks_tip,WesterosBlocks,,cuboid,terrainset_river_rocks,,,
TRUE,westeros_terrain_sets_tab,FALSE,,,TerrainSet River Rocks Wall,terrainset_river_rocks_wall,WesterosBlocks,,wall,terrainset_river_rocks,,,
TRUE,westeros_terrain_sets_tab,FALSE,,,TerrainSet Stormlands,terrainset_stormlands,WesterosBlocks,,solid,terrainset_stormlands,,,
TRUE,westeros_terrain_sets_tab,FALSE,,,TerrainSet Stormlands Alt,terrainset_stormlands_alt,WesterosBlocks,,solid,terrainset_stormlands_alt,,,
TRUE,westeros_terrain_sets_tab,FALSE,,,TerrainSet Stormlands Alt Fence,terrainset_stormlands_alt_fence,WesterosBlocks,,fence,terrainset_stormlands_alt,,,
TRUE,westeros_terrain_sets_tab,FALSE,,,TerrainSet Stormlands Alt Fence_gate,terrainset_stormlands_alt_fence_gate,WesterosBlocks,,fencegate,terrainset_stormlands_alt,,,
TRUE,westeros_terrain_sets_tab,FALSE,,,TerrainSet Stormlands Alt Hopper,terrainset_stormlands_alt_hopper,WesterosBlocks,,cuboid,terrainset_stormlands_alt,,,
TRUE,westeros_terrain_sets_tab,FALSE,,,TerrainSet Stormlands Alt Slab,terrainset_stormlands_alt_slab,WesterosBlocks,,slab,terrainset_stormlands_alt,,,
TRUE,westeros_terrain_sets_tab,FALSE,,,TerrainSet Stormlands Alt Stairs,terrainset_stormlands_alt_stairs,WesterosBlocks,,stair,terrainset_stormlands_alt,,,
TRUE,westeros_terrain_sets_tab,FALSE,,,TerrainSet Stormlands Alt Tip,terrainset_stormlands_alt_tip,WesterosBlocks,,cuboid,terrainset_stormlands_alt,,,
TRUE,westeros_terrain_sets_tab,FALSE,,,TerrainSet Stormlands Alt Wall,terrainset_stormlands_alt_wall,WesterosBlocks,,wall,terrainset_stormlands_alt,,,
TRUE,westeros_terrain_sets_tab,FALSE,,,TerrainSet Stormlands Fence,terrainset_stormlands_fence,WesterosBlocks,,fence,terrainset_stormlands,,,
TRUE,westeros_terrain_sets_tab,FALSE,,,TerrainSet Stormlands Fence_gate,terrainset_stormlands_fence_gate,WesterosBlocks,,fencegate,terrainset_stormlands,,,
TRUE,westeros_terrain_sets_tab,FALSE,,,TerrainSet Stormlands Hopper,terrainset_stormlands_hopper,WesterosBlocks,,cuboid,terrainset_stormlands,,,
TRUE,westeros_terrain_sets_tab,FALSE,,,TerrainSet Stormlands Slab,terrainset_stormlands_slab,WesterosBlocks,,slab,terrainset_stormlands,,,
TRUE,westeros_terrain_sets_tab,FALSE,,,TerrainSet Stormlands Stairs,terrainset_stormlands_stairs,WesterosBlocks,,stair,terrainset_stormlands,,,
TRUE,westeros_terrain_sets_tab,FALSE,,,TerrainSet Stormlands Tip,terrainset_stormlands_tip,WesterosBlocks,,cuboid,terrainset_stormlands,,,
TRUE,westeros_terrain_sets_tab,FALSE,,,TerrainSet Stormlands Wall,terrainset_stormlands_wall,WesterosBlocks,,wall,terrainset_stormlands,,,
TRUE,westeros_terrain_sets_tab,FALSE,,,TerrainSet The North,terrainset_the_north,WesterosBlocks,,solid,terrainset_the_north,,,
TRUE,westeros_terrain_sets_tab,FALSE,,,TerrainSet The North Alt,terrainset_the_north_alt,WesterosBlocks,,solid,terrainset_the_north_alt,,,
TRUE,westeros_terrain_sets_tab,FALSE,,,TerrainSet The North Alt Fence,terrainset_the_north_alt_fence,WesterosBlocks,,fence,terrainset_the_north_alt,,,
TRUE,westeros_terrain_sets_tab,FALSE,,,TerrainSet The North Alt Fence_gate,terrainset_the_north_alt_fence_gate,WesterosBlocks,,fencegate,terrainset_the_north_alt,,,
TRUE,westeros_terrain_sets_tab,FALSE,,,TerrainSet The North Alt Hopper,terrainset_the_north_alt_hopper,WesterosBlocks,,cuboid,terrainset_the_north_alt,,,
TRUE,westeros_terrain_sets_tab,FALSE,,,TerrainSet The North Alt Slab,terrainset_the_north_alt_slab,WesterosBlocks,,slab,terrainset_the_north_alt,,,
TRUE,westeros_terrain_sets_tab,FALSE,,,TerrainSet The North Alt Stairs,terrainset_the_north_alt_stairs,WesterosBlocks,,stair,terrainset_the_north_alt,,,
TRUE,westeros_terrain_sets_tab,FALSE,,,TerrainSet The North Alt Tip,terrainset_the_north_alt_tip,WesterosBlocks,,cuboid,terrainset_the_north_alt,,,
TRUE,westeros_terrain_sets_tab,FALSE,,,TerrainSet The North Alt Wall,terrainset_the_north_alt_wall,WesterosBlocks,,wall,terrainset_the_north_alt,,,
TRUE,westeros_terrain_sets_tab,FALSE,,,TerrainSet The North Fence,terrainset_the_north_fence,WesterosBlocks,,fence,terrainset_the_north,,,
TRUE,westeros_terrain_sets_tab,FALSE,,,TerrainSet The North Fence_gate,terrainset_the_north_fence_gate,WesterosBlocks,,fencegate,terrainset_the_north,,,
TRUE,westeros_terrain_sets_tab,FALSE,,,TerrainSet The North Hopper,terrainset_the_north_hopper,WesterosBlocks,,cuboid,terrainset_the_north,,,
TRUE,westeros_terrain_sets_tab,FALSE,,,TerrainSet The North Slab,terrainset_the_north_slab,WesterosBlocks,,slab,terrainset_the_north,,,
TRUE,westeros_terrain_sets_tab,FALSE,,,TerrainSet The North Stairs,terrainset_the_north_stairs,WesterosBlocks,,stair,terrainset_the_north,,,
TRUE,westeros_terrain_sets_tab,FALSE,,,TerrainSet The North Tip,terrainset_the_north_tip,WesterosBlocks,,cuboid,terrainset_the_north,,,
TRUE,westeros_terrain_sets_tab,FALSE,,,TerrainSet The North Wall,terrainset_the_north_wall,WesterosBlocks,,wall,terrainset_the_north,,,
TRUE,westeros_terrain_sets_tab,FALSE,,,TerrainSet Westerlands,terrainset_westerlands,WesterosBlocks,,solid,terrainset_westerlands,,,
TRUE,westeros_terrain_sets_tab,FALSE,,,TerrainSet Westerlands Alt,terrainset_westerlands_alt,WesterosBlocks,,solid,terrainset_westerlands_alt,,,
TRUE,westeros_terrain_sets_tab,FALSE,,,TerrainSet Westerlands Alt Fence,terrainset_westerlands_alt_fence,WesterosBlocks,,fence,terrainset_westerlands_alt,,,
TRUE,westeros_terrain_sets_tab,FALSE,,,TerrainSet Westerlands Alt Fence_gate,terrainset_westerlands_alt_fence_gate,WesterosBlocks,,fencegate,terrainset_westerlands_alt,,,
TRUE,westeros_terrain_sets_tab,FALSE,,,TerrainSet Westerlands Alt Hopper,terrainset_westerlands_alt_hopper,WesterosBlocks,,cuboid,terrainset_westerlands_alt,,,
TRUE,westeros_terrain_sets_tab,FALSE,,,TerrainSet Westerlands Alt Slab,terrainset_westerlands_alt_slab,WesterosBlocks,,slab,terrainset_westerlands_alt,,,
TRUE,westeros_terrain_sets_tab,FALSE,,,TerrainSet Westerlands Alt Stairs,terrainset_westerlands_alt_stairs,WesterosBlocks,,stair,terrainset_westerlands_alt,,,
TRUE,westeros_terrain_sets_tab,FALSE,,,TerrainSet Westerlands Alt Tip,terrainset_westerlands_alt_tip,WesterosBlocks,,cuboid,terrainset_westerlands_alt,,,
TRUE,westeros_terrain_sets_tab,FALSE,,,TerrainSet Westerlands Alt Wall,terrainset_westerlands_alt_wall,WesterosBlocks,,wall,terrainset_westerlands_alt,,,
TRUE,westeros_terrain_sets_tab,FALSE,,,TerrainSet Westerlands Fence,terrainset_westerlands_fence,WesterosBlocks,,fence,terrainset_westerlands,,,
TRUE,westeros_terrain_sets_tab,FALSE,,,TerrainSet Westerlands Fence_gate,terrainset_westerlands_fence_gate,WesterosBlocks,,fencegate,terrainset_westerlands,,,
TRUE,westeros_terrain_sets_tab,FALSE,,,TerrainSet Westerlands Hopper,terrainset_westerlands_hopper,WesterosBlocks,,cuboid,terrainset_westerlands,,,
TRUE,westeros_terrain_sets_tab,FALSE,,,TerrainSet Westerlands Slab,terrainset_westerlands_slab,WesterosBlocks,,slab,terrainset_westerlands,,,
TRUE,westeros_terrain_sets_tab,FALSE,,,TerrainSet Westerlands Stairs,terrainset_westerlands_stairs,WesterosBlocks,,stair,terrainset_westerlands,,,
TRUE,westeros_terrain_sets_tab,FALSE,,,TerrainSet Westerlands Tip,terrainset_westerlands_tip,WesterosBlocks,,cuboid,terrainset_westerlands,,,
TRUE,westeros_terrain_sets_tab,FALSE,,,TerrainSet Westerlands Wall,terrainset_westerlands_wall,WesterosBlocks,,wall,terrainset_westerlands,,,
FALSE,westeros_banners_tab,FALSE,,,Terrick Banner,terrick_banner,WesterosBlocks,,cuboid-nsew-stack,,,,
FALSE,westeros_test_tab,FALSE,,,Test Block,test_block,,,cuboid-nsewud,,,,
FALSE,westeros_test_tab,FALSE,,,Test Block 2,test_block_2,,,cuboid-nsewud,,,,
FALSE,westeros_test_tab,FALSE,,,Test Block 16-way,test_block_3,,,cuboid-16way,,,,
FALSE,westeros_test_tab,FALSE,,,Test Wall (unconnect),test_block_4,,,wall,,,,
FALSE,westeros_test_tab,FALSE,,,Test Fence (unconnect),test_block_5,,,fence,,,,
FALSE,westeros_test_tab,FALSE,,,Test Stair (unconnect),test_block_6,,,stair,,,,
FALSE,westeros_test_tab,FALSE,,,Test Pane (unconnect),test_block_7,,,pane,,,,
TRUE,westeros_test_tab,FALSE,,,Test Block Set,test_block_set,,,solid,test_block_set,,,
TRUE,westeros_test_tab,FALSE,,,Test Block Set Fence,test_block_set_fence,,,fence,test_block_set,,,
TRUE,westeros_test_tab,FALSE,,,Test Block Set Fence_gate,test_block_set_fence_gate,,,fencegate,test_block_set,,,
TRUE,westeros_test_tab,FALSE,,,Test Block Set Hopper,test_block_set_hopper,,,cuboid,test_block_set,,,
TRUE,westeros_test_tab,FALSE,,,Test Block Set Slab,test_block_set_slab,,,slab,test_block_set,,,
TRUE,westeros_test_tab,FALSE,,,Test Block Set Stairs,test_block_set_stairs,,,stair,test_block_set,,,
TRUE,westeros_test_tab,FALSE,,,Test Block Set Wall,test_block_set_wall,,,wall,test_block_set,,,
FALSE,westeros_test_tab,FALSE,,,Test Block (symmetrical),test_block_symmetrical,,,solid,,,,
FALSE,westeros_test_tab,FALSE,,,Test Cuboid Vertical 8Way,test_cuboid_vertical_8way,,,cuboid-vertical-8way,,,,
FALSE,westeros_test_tab,FALSE,,,Test Multi-Colormap,test_multi_colormap,,,cuboid,,,,
FALSE,westeros_test_tab,FALSE,,,Test Multi-state,test_multistate,,,cuboid,,,,
TRUE,westeros_test_tab,FALSE,,,Test Multistate Overlay Block Set,test_multistate_overlay_block_set,,,solid,test_multistate_overlay_block_set,,,
TRUE,westeros_test_tab,FALSE,,,Test Multistate Overlay Block Set Fence,test_multistate_overlay_block_set_fence,,,fence,test_multistate_overlay_block_set,,,
TRUE,westeros_test_tab,FALSE,,,Test Multistate Overlay Block Set Hopper,test_multistate_overlay_block_set_hopper,,,cuboid,test_multistate_overlay_block_set,,,
TRUE,westeros_test_tab,FALSE,,,Test Multistate Overlay Block Set Slab,test_multistate_overlay_block_set_slab,,,slab,test_multistate_overlay_block_set,,,
TRUE,westeros_test_tab,FALSE,,,Test Multistate Overlay Block Set Stairs,test_multistate_overlay_block_set_stairs,,,stair,test_multistate_overlay_block_set,,,
TRUE,westeros_test_tab,FALSE,,,Test Multistate Overlay Block Set Wall,test_multistate_overlay_block_set_wall,,,wall,test_multistate_overlay_block_set,,,
TRUE,westeros_roofing_tab,FALSE,Roofing Update,,Thatch Dark Fur,thatch_dark_fur,,,solid,thatch_dark_fur,,,
TRUE,westeros_roofing_tab,FALSE,Roofing Update,,Thatch Dark Fur Carpet,thatch_dark_fur_carpet,,,cuboid,thatch_dark_fur,,,
TRUE,westeros_roofing_tab,FALSE,Roofing Update,,Thatch Dark Fur Fence,thatch_dark_fur_fence,,,fence,thatch_dark_fur,,,
TRUE,westeros_roofing_tab,FALSE,Roofing Update,,Thatch Dark Fur Slab,thatch_dark_fur_slab,,,slab,thatch_dark_fur,,,
TRUE,westeros_roofing_tab,FALSE,Roofing Update,,Thatch Dark Fur Stairs,thatch_dark_fur_stairs,,,stair,thatch_dark_fur,,,
TRUE,westeros_roofing_tab,FALSE,Roofing Update,,Thatch Dark Fur Tip,thatch_dark_fur_tip,,,cuboid,thatch_dark_fur,,,
TRUE,westeros_roofing_tab,FALSE,Roofing Update,,Thatch Dark Fur Wall,thatch_dark_wall,,,wall,thatch_dark_fur,,,
TRUE,westeros_roofing_tab,FALSE,Roofing Update,,Thatch Light Fur,thatch_light_fur,,,solid,thatch_light_fur,,,
TRUE,westeros_roofing_tab,FALSE,Roofing Update,,Thatch Light Fur Carpet,thatch_light_fur_carpet,,,cuboid,thatch_light_fur,,,
TRUE,westeros_roofing_tab,FALSE,Roofing Update,,Thatch Light Fur Fence,thatch_light_fur_fence,,,fence,thatch_light_fur,,,
TRUE,westeros_roofing_tab,FALSE,Roofing Update,,Thatch Light Fur Slab,thatch_light_fur_slab,,,slab,thatch_light_fur,,,
TRUE,westeros_roofing_tab,FALSE,Roofing Update,,Thatch Light Fur Stairs,thatch_light_fur_stairs,,,stair,thatch_light_fur,,,
TRUE,westeros_roofing_tab,FALSE,Roofing Update,,Thatch Light Fur Tip,thatch_light_fur_tip,,,cuboid,thatch_light_fur,,,
TRUE,westeros_roofing_tab,FALSE,Roofing Update,,Thatch Light Fur Wall,thatch_light_wall,,,wall,thatch_light_fur,,,
FALSE,westeros_banners_tab,FALSE,,,The Faith Of The Seven Banner,the_faith_of_the_seven_banner,WesterosBlocks,,cuboid-nsew-stack,,,,
FALSE,westeros_grasses_shrubs_tab,FALSE,,,Thick Grass,thick_grass,,,plant,,,,
FALSE,westeros_grass_dirt_tab,FALSE,,,Thick Grass Block,thick_grass_block,,,solid,,,,
FALSE,westeros_logs_tab,FALSE,Wood Update,Complete,Thin Birch Log,thin_birch_log,,,wall,,,,
FALSE,westeros_logs_tab,FALSE,Wood Update,Complete,Thin Jungle Log,thin_jungle_log,,,wall,,,,
FALSE,westeros_marble_plaster_tab,FALSE,,,Thin Marble Column,thin_marble_column,,,wall,,,,
FALSE,westeros_logs_tab,FALSE,Wood Update,Complete,Thin Oak Log,thin_oak_log,,,wall,,,,
FALSE,westeros_logs_tab,FALSE,Wood Update,Ready For Work,Thin Palm Log,thin_palm_log,,,wall,,,,
FALSE,westeros_logs_tab,FALSE,Wood Update,Complete,Thin Spruce Log,thin_spruce_log,,,wall,,,,
FALSE,westeros_timber_frame_tab,FALSE,Wood Update,Ready For Work,Timber Northern Blue Bressummer,timber_northern_blue_bressummer,,,solid,,,,
FALSE,westeros_timber_frame_tab,FALSE,Wood Update,Ready For Work,Timber Northern Blue Close Studding,timber_northern_blue_close_studding,,,solid,,,,
FALSE,westeros_timber_frame_tab,FALSE,Wood Update,Ready For Work,Timber Northern Blue Crosshatch,timber_northern_blue_crosshatch,,,solid,,,,
FALSE,westeros_timber_frame_tab,FALSE,Wood Update,Ready For Work,Timber Northern Blue Frame,timber_northern_blue_frame,,,solid,,,,
FALSE,westeros_timber_frame_tab,FALSE,Wood Update,Ready For Work,Timber Northern Blue Lefthatch,timber_northern_blue_lefthatch,,,solid,,,,
FALSE,westeros_timber_frame_tab,FALSE,Wood Update,Ready For Work,Timber Northern Blue Lefthatch Large,timber_northern_blue_lefthatch_large,,,solid,,,,
FALSE,westeros_timber_frame_tab,FALSE,Wood Update,Ready For Work,Timber Northern Blue Lefthatch Studded,timber_northern_blue_lefthatch_studded,,,solid,,,,
FALSE,westeros_timber_frame_tab,FALSE,Wood Update,Ready For Work,Timber Northern Blue Righthatch,timber_northern_blue_righthatch,,,solid,,,,
FALSE,westeros_timber_frame_tab,FALSE,Wood Update,Ready For Work,Timber Northern Blue Righthatch Large,timber_northern_blue_righthatch_large,,,solid,,,,
FALSE,westeros_timber_frame_tab,FALSE,Wood Update,Ready For Work,Timber Northern Blue Righthatch Studded,timber_northern_blue_righthatch_studded,,,solid,,,,
FALSE,westeros_timber_frame_tab,FALSE,Wood Update,Ready For Work,Timber Northern Blue Vertical,timber_northern_blue_vertical,,,solid,,,,
FALSE,westeros_timber_frame_tab,FALSE,Wood Update,Ready For Work,Timber Northern Brown Bressummer,timber_northern_brown_bressummer,,,solid,,,,
FALSE,westeros_timber_frame_tab,FALSE,Wood Update,Ready For Work,Timber Northern Brown Close Studding,timber_northern_brown_close_studding,,,solid,,,,
FALSE,westeros_timber_frame_tab,FALSE,Wood Update,Ready For Work,Timber Northern Brown Crosshatch,timber_northern_brown_crosshatch,,,solid,,,,
FALSE,westeros_timber_frame_tab,FALSE,Wood Update,Ready For Work,Timber Northern Brown Frame,timber_northern_brown_frame,,,solid,,,,
FALSE,westeros_timber_frame_tab,FALSE,Wood Update,Ready For Work,Timber Northern Brown Lefthatch,timber_northern_brown_lefthatch,,,solid,,,,
FALSE,westeros_timber_frame_tab,FALSE,Wood Update,Ready For Work,Timber Northern Brown Lefthatch Large,timber_northern_brown_lefthatch_large,,,solid,,,,
FALSE,westeros_timber_frame_tab,FALSE,Wood Update,Ready For Work,Timber Northern Brown Lefthatch Studded,timber_northern_brown_lefthatch_studded,,,solid,,,,
FALSE,westeros_timber_frame_tab,FALSE,Wood Update,Ready For Work,Timber Northern Brown Righthatch,timber_northern_brown_righthatch,,,solid,,,,
FALSE,westeros_timber_frame_tab,FALSE,Wood Update,Ready For Work,Timber Northern Brown Righthatch Large,timber_northern_brown_righthatch_large,,,solid,,,,
FALSE,westeros_timber_frame_tab,FALSE,Wood Update,Ready For Work,Timber Northern Brown Righthatch Studded,timber_northern_brown_righthatch_studded,,,solid,,,,
FALSE,westeros_timber_frame_tab,FALSE,Wood Update,Ready For Work,Timber Northern Brown Vertical,timber_northern_brown_vertical,,,solid,,,,
FALSE,westeros_timber_frame_tab,FALSE,Wood Update,Ready For Work,Timber Northern Green Bressummer,timber_northern_green_bressummer,,,solid,,,,
FALSE,westeros_timber_frame_tab,FALSE,Wood Update,Ready For Work,Timber Northern Green Close Studding,timber_northern_green_close_studding,,,solid,,,,
FALSE,westeros_timber_frame_tab,FALSE,Wood Update,Ready For Work,Timber Northern Green Crosshatch,timber_northern_green_crosshatch,,,solid,,,,
FALSE,westeros_timber_frame_tab,FALSE,Wood Update,Ready For Work,Timber Northern Green Frame,timber_northern_green_frame,,,solid,,,,
FALSE,westeros_timber_frame_tab,FALSE,Wood Update,Ready For Work,Timber Northern Green Lefthatch,timber_northern_green_lefthatch,,,solid,,,,
FALSE,westeros_timber_frame_tab,FALSE,Wood Update,Ready For Work,Timber Northern Green Lefthatch Large,timber_northern_green_lefthatch_large,,,solid,,,,
FALSE,westeros_timber_frame_tab,FALSE,Wood Update,Ready For Work,Timber Northern Green Lefthatch Studded,timber_northern_green_lefthatch_studded,,,solid,,,,
FALSE,westeros_timber_frame_tab,FALSE,Wood Update,Ready For Work,Timber Northern Green Righthatch,timber_northern_green_righthatch,,,solid,,,,
FALSE,westeros_timber_frame_tab,FALSE,Wood Update,Ready For Work,Timber Northern Green Righthatch Large,timber_northern_green_righthatch_large,,,solid,,,,
FALSE,westeros_timber_frame_tab,FALSE,Wood Update,Ready For Work,Timber Northern Green Righthatch Studded,timber_northern_green_righthatch_studded,,,solid,,,,
FALSE,westeros_timber_frame_tab,FALSE,Wood Update,Ready For Work,Timber Northern Green Vertical,timber_northern_green_vertical,,,solid,,,,
FALSE,westeros_timber_frame_tab,FALSE,Wood Update,Ready For Work,Timber Northern Fieldstone Normal Grey Bressummer,timber_northern_grey_brick_bressummer,"Doku, WesterosBlocks",,solid,,,,
FALSE,westeros_timber_frame_tab,FALSE,Wood Update,Ready For Work,Timber Northern Fieldstone Normal Grey Close Studding,timber_northern_grey_brick_close_studding,"Doku, WesterosBlocks",,solid,,,,
FALSE,westeros_timber_frame_tab,FALSE,Wood Update,Ready For Work,Timber Northern Fieldstone Normal Grey Crosshatch,timber_northern_grey_brick_crosshatch,"Doku, WesterosBlocks",,solid,,,,
FALSE,westeros_timber_frame_tab,FALSE,Wood Update,Ready For Work,Timber Northern Fieldstone Normal Grey Frame,timber_northern_grey_brick_frame,"Doku, WesterosBlocks",,solid,,,,
FALSE,westeros_timber_frame_tab,FALSE,Wood Update,Ready For Work,Timber Northern Fieldstone Normal Grey Lefthatch,timber_northern_grey_brick_lefthatch,"Doku, WesterosBlocks",,solid,,,,
FALSE,westeros_timber_frame_tab,FALSE,Wood Update,Ready For Work,Timber Northern Fieldstone Normal Grey Lefthatch Large,timber_northern_grey_brick_lefthatch_large,"Doku, WesterosBlocks",,solid,,,,
FALSE,westeros_timber_frame_tab,FALSE,Wood Update,Ready For Work,Timber Northern Fieldstone Normal Grey Lefthatch Studded,timber_northern_grey_brick_lefthatch_studded,"Doku, WesterosBlocks",,solid,,,,
FALSE,westeros_timber_frame_tab,FALSE,Wood Update,Ready For Work,Timber Northern Fieldstone Normal Grey Righthatch,timber_northern_grey_brick_righthatch,"Doku, WesterosBlocks",,solid,,,,
FALSE,westeros_timber_frame_tab,FALSE,Wood Update,Ready For Work,Timber Northern Fieldstone Normal Grey Righthatch Large,timber_northern_grey_brick_righthatch_large,"Doku, WesterosBlocks",,solid,,,,
FALSE,westeros_timber_frame_tab,FALSE,Wood Update,Ready For Work,Timber Northern Fieldstone Normal Grey Righthatch Studded,timber_northern_grey_brick_righthatch_studded,"Doku, WesterosBlocks",,solid,,,,
FALSE,westeros_timber_frame_tab,FALSE,Wood Update,Ready For Work,Timber Northern Fieldstone Normal Grey Vertical,timber_northern_grey_brick_vertical,"Doku, WesterosBlocks",,solid,,,,
FALSE,westeros_timber_frame_tab,FALSE,Wood Update,Ready For Work,Timber Northern Orange Brick Bressummer,timber_northern_orange_brick_bressummer,,,solid,,,,
FALSE,westeros_timber_frame_tab,FALSE,Wood Update,Ready For Work,Timber Northern Orange Brick Close Studding,timber_northern_orange_brick_close_studding,,,solid,,,,
FALSE,westeros_timber_frame_tab,FALSE,Wood Update,Ready For Work,Timber Northern Orange Brick Crosshatch,timber_northern_orange_brick_crosshatch,,,solid,,,,
FALSE,westeros_timber_frame_tab,FALSE,Wood Update,Ready For Work,Timber Northern Orange Brick Frame,timber_northern_orange_brick_frame,,,solid,,,,
FALSE,westeros_timber_frame_tab,FALSE,Wood Update,Ready For Work,Timber Northern Orange Brick Lefthatch,timber_northern_orange_brick_lefthatch,,,solid,,,,
FALSE,westeros_timber_frame_tab,FALSE,Wood Update,Ready For Work,Timber Northern Orange Brick Lefthatch Large,timber_northern_orange_brick_lefthatch_large,,,solid,,,,
FALSE,westeros_timber_frame_tab,FALSE,Wood Update,Ready For Work,Timber Northern Orange Brick Lefthatch Studded,timber_northern_orange_brick_lefthatch_studded,,,solid,,,,
FALSE,westeros_timber_frame_tab,FALSE,Wood Update,Ready For Work,Timber Northern Orange Brick Righthatch,timber_northern_orange_brick_righthatch,,,solid,,,,
FALSE,westeros_timber_frame_tab,FALSE,Wood Update,Ready For Work,Timber Northern Orange Brick Righthatch Large,timber_northern_orange_brick_righthatch_large,,,solid,,,,
FALSE,westeros_timber_frame_tab,FALSE,Wood Update,Ready For Work,Timber Northern Orange Brick Righthatch Studded,timber_northern_orange_brick_righthatch_studded,,,solid,,,,
FALSE,westeros_timber_frame_tab,FALSE,Wood Update,Ready For Work,Timber Northern Orange Brick Vertical,timber_northern_orange_brick_vertical,,,solid,,,,
FALSE,westeros_timber_frame_tab,FALSE,Wood Update,Ready For Work,Timber Northern Pale Yellow Bressummer,timber_northern_pale_yellow_bressummer,,,solid,,,,
FALSE,westeros_timber_frame_tab,FALSE,Wood Update,Ready For Work,Timber Northern Pale Yellow Close Studding,timber_northern_pale_yellow_close_studding,,,solid,,,,
FALSE,westeros_timber_frame_tab,FALSE,Wood Update,Ready For Work,Timber Northern Pale Yellow Crosshatch,timber_northern_pale_yellow_crosshatch,,,solid,,,,
FALSE,westeros_timber_frame_tab,FALSE,Wood Update,Ready For Work,Timber Northern Pale Yellow Frame,timber_northern_pale_yellow_frame,,,solid,,,,
FALSE,westeros_timber_frame_tab,FALSE,Wood Update,Ready For Work,Timber Northern Pale Yellow Lefthatch,timber_northern_pale_yellow_lefthatch,,,solid,,,,
FALSE,westeros_timber_frame_tab,FALSE,Wood Update,Ready For Work,Timber Northern Pale Yellow Lefthatch Large,timber_northern_pale_yellow_lefthatch_large,,,solid,,,,
FALSE,westeros_timber_frame_tab,FALSE,Wood Update,Ready For Work,Timber Northern Pale Yellow Lefthatch Studded,timber_northern_pale_yellow_lefthatch_studded,,,solid,,,,
FALSE,westeros_timber_frame_tab,FALSE,Wood Update,Ready For Work,Timber Northern Pale Yellow Righthatch,timber_northern_pale_yellow_righthatch,,,solid,,,,
FALSE,westeros_timber_frame_tab,FALSE,Wood Update,Ready For Work,Timber Northern Pale Yellow Righthatch Large,timber_northern_pale_yellow_righthatch_large,,,solid,,,,
FALSE,westeros_timber_frame_tab,FALSE,Wood Update,Ready For Work,Timber Northern Pale Yellow Righthatch Studded,timber_northern_pale_yellow_righthatch_studded,,,solid,,,,
FALSE,westeros_timber_frame_tab,FALSE,Wood Update,Ready For Work,Timber Northern Pale Yellow Vertical,timber_northern_pale_yellow_vertical,,,solid,,,,
FALSE,westeros_timber_frame_tab,FALSE,Wood Update,Ready For Work,Timber Northern Red Bressummer,timber_northern_red_bressummer,,,solid,,,,
FALSE,westeros_timber_frame_tab,FALSE,Wood Update,Ready For Work,Timber Northern Red Close Studding,timber_northern_red_close_studding,,,solid,,,,
FALSE,westeros_timber_frame_tab,FALSE,Wood Update,Ready For Work,Timber Northern Red Crosshatch,timber_northern_red_crosshatch,,,solid,,,,
FALSE,westeros_timber_frame_tab,FALSE,Wood Update,Ready For Work,Timber Northern Red Frame,timber_northern_red_frame,,,solid,,,,
FALSE,westeros_timber_frame_tab,FALSE,Wood Update,Ready For Work,Timber Northern Red Lefthatch,timber_northern_red_lefthatch,,,solid,,,,
FALSE,westeros_timber_frame_tab,FALSE,Wood Update,Ready For Work,Timber Northern Red Lefthatch Large,timber_northern_red_lefthatch_large,,,solid,,,,
FALSE,westeros_timber_frame_tab,FALSE,Wood Update,Ready For Work,Timber Northern Red Lefthatch Studded,timber_northern_red_lefthatch_studded,,,solid,,,,
FALSE,westeros_timber_frame_tab,FALSE,Wood Update,Ready For Work,Timber Northern Red Righthatch,timber_northern_red_righthatch,,,solid,,,,
FALSE,westeros_timber_frame_tab,FALSE,Wood Update,Ready For Work,Timber Northern Red Righthatch Large,timber_northern_red_righthatch_large,,,solid,,,,
FALSE,westeros_timber_frame_tab,FALSE,Wood Update,Ready For Work,Timber Northern Red Righthatch Studded,timber_northern_red_righthatch_studded,,,solid,,,,
FALSE,westeros_timber_frame_tab,FALSE,Wood Update,Ready For Work,Timber Northern Red Vertical,timber_northern_red_vertical,,,solid,,,,
FALSE,westeros_timber_frame_tab,FALSE,Wood Update,Ready For Work,Timber Northern Umber Bressummer,timber_northern_umber_bressummer,,,solid,,,,
FALSE,westeros_timber_frame_tab,FALSE,Wood Update,Ready For Work,Timber Northern Umber Close Studding,timber_northern_umber_close_studding,,,solid,,,,
FALSE,westeros_timber_frame_tab,FALSE,Wood Update,Ready For Work,Timber Northern Umber Crosshatch,timber_northern_umber_crosshatch,,,solid,,,,
FALSE,westeros_timber_frame_tab,FALSE,Wood Update,Ready For Work,Timber Northern Umber Frame,timber_northern_umber_frame,,,solid,,,,
FALSE,westeros_timber_frame_tab,FALSE,Wood Update,Ready For Work,Timber Northern Umber Lefthatch,timber_northern_umber_lefthatch,,,solid,,,,
FALSE,westeros_timber_frame_tab,FALSE,Wood Update,Ready For Work,Timber Northern Umber Lefthatch Large,timber_northern_umber_lefthatch_large,,,solid,,,,
FALSE,westeros_timber_frame_tab,FALSE,Wood Update,Ready For Work,Timber Northern Umber Lefthatch Studded,timber_northern_umber_lefthatch_studded,,,solid,,,,
FALSE,westeros_timber_frame_tab,FALSE,Wood Update,Ready For Work,Timber Northern Umber Righthatch,timber_northern_umber_righthatch,,,solid,,,,
FALSE,westeros_timber_frame_tab,FALSE,Wood Update,Ready For Work,Timber Northern Umber Righthatch Large,timber_northern_umber_righthatch_large,,,solid,,,,
FALSE,westeros_timber_frame_tab,FALSE,Wood Update,Ready For Work,Timber Northern Umber Righthatch Studded,timber_northern_umber_righthatch_studded,,,solid,,,,
FALSE,westeros_timber_frame_tab,FALSE,Wood Update,Ready For Work,Timber Northern Umber Vertical,timber_northern_umber_vertical,,,solid,,,,
FALSE,westeros_timber_frame_tab,FALSE,Wood Update,Ready For Work,Timber Northern White Bressummer,timber_northern_white_bressummer,,,solid,,,,
FALSE,westeros_timber_frame_tab,FALSE,Wood Update,Ready For Work,Timber Northern White Close Studding,timber_northern_white_close_studding,,,solid,,,,
FALSE,westeros_timber_frame_tab,FALSE,Wood Update,Ready For Work,Timber Northern White Crosshatch,timber_northern_white_crosshatch,,,solid,,,,
FALSE,westeros_timber_frame_tab,FALSE,Wood Update,Ready For Work,Timber Northern White Frame,timber_northern_white_frame,,,solid,,,,
FALSE,westeros_timber_frame_tab,FALSE,Wood Update,Ready For Work,Timber Northern White Lefthatch,timber_northern_white_lefthatch,,,solid,,,,
FALSE,westeros_timber_frame_tab,FALSE,Wood Update,Ready For Work,Timber Northern White Lefthatch Large,timber_northern_white_lefthatch_large,,,solid,,,,
FALSE,westeros_timber_frame_tab,FALSE,Wood Update,Ready For Work,Timber Northern White Lefthatch Studded,timber_northern_white_lefthatch_studded,,,solid,,,,
FALSE,westeros_timber_frame_tab,FALSE,Wood Update,Ready For Work,Timber Northern White Righthatch,timber_northern_white_righthatch,,,solid,,,,
FALSE,westeros_timber_frame_tab,FALSE,Wood Update,Ready For Work,Timber Northern White Righthatch Large,timber_northern_white_righthatch_large,,,solid,,,,
FALSE,westeros_timber_frame_tab,FALSE,Wood Update,Ready For Work,Timber Northern White Righthatch Studded,timber_northern_white_righthatch_studded,,,solid,,,,
FALSE,westeros_timber_frame_tab,FALSE,Wood Update,Ready For Work,Timber Northern White Vertical,timber_northern_white_vertical,,,solid,,,,
FALSE,westeros_timber_frame_tab,FALSE,Wood Update,Ready For Work,Timber Oak Brown Bressummer,timber_oak_brown_bressummer,,,solid,,,,
FALSE,westeros_timber_frame_tab,FALSE,Wood Update,Ready For Work,Timber Oak Brown Close Studding,timber_oak_brown_close_studding,,,solid,,,,
FALSE,westeros_timber_frame_tab,FALSE,Wood Update,Ready For Work,Timber Oak Brown Crosshatch,timber_oak_brown_crosshatch,,,solid,,,,
FALSE,westeros_timber_frame_tab,FALSE,Wood Update,Ready For Work,Timber Oak Brown Frame,timber_oak_brown_frame,,,solid,,,,
FALSE,westeros_timber_frame_tab,FALSE,Wood Update,Ready For Work,Timber Oak Brown Lefthatch,timber_oak_brown_lefthatch,,,solid,,,,
FALSE,westeros_timber_frame_tab,FALSE,Wood Update,Ready For Work,Timber Oak Brown Lefthatch Large,timber_oak_brown_lefthatch_large,,,solid,,,,
FALSE,westeros_timber_frame_tab,FALSE,Wood Update,Ready For Work,Timber Oak Brown Lefthatch Studded,timber_oak_brown_lefthatch_studded,,,solid,,,,
FALSE,westeros_timber_frame_tab,FALSE,Wood Update,Ready For Work,Timber Oak Brown Righthatch,timber_oak_brown_righthatch,,,solid,,,,
FALSE,westeros_timber_frame_tab,FALSE,Wood Update,Ready For Work,Timber Oak Brown Righthatch Large,timber_oak_brown_righthatch_large,,,solid,,,,
FALSE,westeros_timber_frame_tab,FALSE,Wood Update,Ready For Work,Timber Oak Brown Righthatch Studded,timber_oak_brown_righthatch_studded,,,solid,,,,
FALSE,westeros_timber_frame_tab,FALSE,Wood Update,Ready For Work,Timber Oak Brown Vertical,timber_oak_brown_vertical,,,solid,,,,
FALSE,westeros_timber_frame_tab,FALSE,Wood Update,Ready For Work,Timber Oak Fieldstone Westerlands Bressummer,timber_oak_lannisport_brick_bressummer,"Doku, WesterosBlocks",,solid,,,,
FALSE,westeros_timber_frame_tab,FALSE,Wood Update,Ready For Work,Timber Oak Fieldstone Westerlands Close Studding,timber_oak_lannisport_brick_close_studding,"Doku, WesterosBlocks",,solid,,,,
FALSE,westeros_timber_frame_tab,FALSE,Wood Update,Ready For Work,Timber Oak Fieldstone Westerlands Crosshatch,timber_oak_lannisport_brick_crosshatch,"Doku, WesterosBlocks",,solid,,,,
FALSE,westeros_timber_frame_tab,FALSE,Wood Update,Ready For Work,Timber Oak Fieldstone Westerlands Frame,timber_oak_lannisport_brick_frame,"Doku, WesterosBlocks",,solid,,,,
FALSE,westeros_timber_frame_tab,FALSE,Wood Update,Ready For Work,Timber Oak Fieldstone Westerlands Lefthatch,timber_oak_lannisport_brick_lefthatch,"Doku, WesterosBlocks",,solid,,,,
FALSE,westeros_timber_frame_tab,FALSE,Wood Update,Ready For Work,Timber Oak Fieldstone Westerlands Lefthatch Large,timber_oak_lannisport_brick_lefthatch_large,"Doku, WesterosBlocks",,solid,,,,
FALSE,westeros_timber_frame_tab,FALSE,Wood Update,Ready For Work,Timber Oak Fieldstone Westerlands Lefthatch Studded,timber_oak_lannisport_brick_lefthatch_studded,"Doku, WesterosBlocks",,solid,,,,
FALSE,westeros_timber_frame_tab,FALSE,Wood Update,Ready For Work,Timber Oak Fieldstone Westerlands Righthatch,timber_oak_lannisport_brick_righthatch,"Doku, WesterosBlocks",,solid,,,,
FALSE,westeros_timber_frame_tab,FALSE,Wood Update,Ready For Work,Timber Oak Fieldstone Westerlands Righthatch Large,timber_oak_lannisport_brick_righthatch_large,"Doku, WesterosBlocks",,solid,,,,
FALSE,westeros_timber_frame_tab,FALSE,Wood Update,Ready For Work,Timber Oak Fieldstone Westerlands Righthatch Studded,timber_oak_lannisport_brick_righthatch_studded,"Doku, WesterosBlocks",,solid,,,,
FALSE,westeros_timber_frame_tab,FALSE,Wood Update,Ready For Work,Timber Oak Fieldstone Westerlands Vertical,timber_oak_lannisport_brick_vertical,"Doku, WesterosBlocks",,solid,,,,
FALSE,westeros_timber_frame_tab,FALSE,Wood Update,Ready For Work,Timber Oak Light Umber Bressummer,timber_oak_light_umber_bressummer,,,solid,,,,
FALSE,westeros_timber_frame_tab,FALSE,Wood Update,Ready For Work,Timber Oak Light Umber Close Studding,timber_oak_light_umber_close_studding,,,solid,,,,
FALSE,westeros_timber_frame_tab,FALSE,Wood Update,Ready For Work,Timber Oak Light Umber Crosshatch,timber_oak_light_umber_crosshatch,,,solid,,,,
FALSE,westeros_timber_frame_tab,FALSE,Wood Update,Ready For Work,Timber Oak Light Umber Frame,timber_oak_light_umber_frame,,,solid,,,,
FALSE,westeros_timber_frame_tab,FALSE,Wood Update,Ready For Work,Timber Oak Light Umber Lefthatch,timber_oak_light_umber_lefthatch,,,solid,,,,
FALSE,westeros_timber_frame_tab,FALSE,Wood Update,Ready For Work,Timber Oak Light Umber Lefthatch Large,timber_oak_light_umber_lefthatch_large,,,solid,,,,
FALSE,westeros_timber_frame_tab,FALSE,Wood Update,Ready For Work,Timber Oak Light Umber Lefthatch Studded,timber_oak_light_umber_lefthatch_studded,,,solid,,,,
FALSE,westeros_timber_frame_tab,FALSE,Wood Update,Ready For Work,Timber Oak Light Umber Righthatch,timber_oak_light_umber_righthatch,,,solid,,,,
FALSE,westeros_timber_frame_tab,FALSE,Wood Update,Ready For Work,Timber Oak Light Umber Righthatch Large,timber_oak_light_umber_righthatch_large,,,solid,,,,
FALSE,westeros_timber_frame_tab,FALSE,Wood Update,Ready For Work,Timber Oak Light Umber Righthatch Studded,timber_oak_light_umber_righthatch_studded,,,solid,,,,
FALSE,westeros_timber_frame_tab,FALSE,Wood Update,Ready For Work,Timber Oak Light Umber Vertical,timber_oak_light_umber_vertical,,,solid,,,,
FALSE,westeros_timber_frame_tab,FALSE,Wood Update,Ready For Work,Timber Oak Fieldstone Oldtown Bressummer,timber_oak_oldtown_brick_bressummer,"Doku, WesterosBlocks",,solid,,,,
FALSE,westeros_timber_frame_tab,FALSE,Wood Update,Ready For Work,Timber Oak Fieldstone Oldtown Close Studding,timber_oak_oldtown_brick_close_studding,"Doku, WesterosBlocks",,solid,,,,
FALSE,westeros_timber_frame_tab,FALSE,Wood Update,Ready For Work,Timber Oak Fieldstone Oldtown Crosshatch,timber_oak_oldtown_brick_crosshatch,"Doku, WesterosBlocks",,solid,,,,
FALSE,westeros_timber_frame_tab,FALSE,Wood Update,Ready For Work,Timber Oak Fieldstone Oldtown Frame,timber_oak_oldtown_brick_frame,"Doku, WesterosBlocks",,solid,,,,
FALSE,westeros_timber_frame_tab,FALSE,Wood Update,Ready For Work,Timber Oak Fieldstone Oldtown Lefthatch,timber_oak_oldtown_brick_lefthatch,"Doku, WesterosBlocks",,solid,,,,
FALSE,westeros_timber_frame_tab,FALSE,Wood Update,Ready For Work,Timber Oak Fieldstone Oldtown Lefthatch Large,timber_oak_oldtown_brick_lefthatch_large,"Doku, WesterosBlocks",,solid,,,,
FALSE,westeros_timber_frame_tab,FALSE,Wood Update,Ready For Work,Timber Oak Fieldstone Oldtown Lefthatch Studded,timber_oak_oldtown_brick_lefthatch_studded,"Doku, WesterosBlocks",,solid,,,,
FALSE,westeros_timber_frame_tab,FALSE,Wood Update,Ready For Work,Timber Oak Fieldstone Oldtown Righthatch,timber_oak_oldtown_brick_righthatch,"Doku, WesterosBlocks",,solid,,,,
FALSE,westeros_timber_frame_tab,FALSE,Wood Update,Ready For Work,Timber Oak Fieldstone Oldtown Righthatch Large,timber_oak_oldtown_brick_righthatch_large,"Doku, WesterosBlocks",,solid,,,,
FALSE,westeros_timber_frame_tab,FALSE,Wood Update,Ready For Work,Timber Oak Fieldstone Oldtown Righthatch Studded,timber_oak_oldtown_brick_righthatch_studded,"Doku, WesterosBlocks",,solid,,,,
FALSE,westeros_timber_frame_tab,FALSE,Wood Update,Ready For Work,Timber Oak Fieldstone Oldtown Vertical,timber_oak_oldtown_brick_vertical,"Doku, WesterosBlocks",,solid,,,,
FALSE,westeros_timber_frame_tab,FALSE,Wood Update,Ready For Work,Timber Oak Orange Bressummer,timber_oak_orange_bressummer,,,solid,,,,
FALSE,westeros_timber_frame_tab,FALSE,Wood Update,Ready For Work,Timber Oak Orange Brick Bressummer,timber_oak_orange_brick_bressummer,,,solid,,,,
FALSE,westeros_timber_frame_tab,FALSE,Wood Update,Ready For Work,Timber Oak Orange Brick Close Studding,timber_oak_orange_brick_close_studding,,,solid,,,,
FALSE,westeros_timber_frame_tab,FALSE,Wood Update,Ready For Work,Timber Oak Orange Brick Crosshatch,timber_oak_orange_brick_crosshatch,,,solid,,,,
FALSE,westeros_timber_frame_tab,FALSE,Wood Update,Ready For Work,Timber Oak Orange Brick Frame,timber_oak_orange_brick_frame,,,solid,,,,
FALSE,westeros_timber_frame_tab,FALSE,Wood Update,Ready For Work,Timber Oak Orange Brick Lefthatch,timber_oak_orange_brick_lefthatch,,,solid,,,,
FALSE,westeros_timber_frame_tab,FALSE,Wood Update,Ready For Work,Timber Oak Orange Brick Lefthatch Large,timber_oak_orange_brick_lefthatch_large,,,solid,,,,
FALSE,westeros_timber_frame_tab,FALSE,Wood Update,Ready For Work,Timber Oak Orange Brick Lefthatch Studded,timber_oak_orange_brick_lefthatch_studded,,,solid,,,,
FALSE,westeros_timber_frame_tab,FALSE,Wood Update,Ready For Work,Timber Oak Orange Brick Righthatch,timber_oak_orange_brick_righthatch,,,solid,,,,
FALSE,westeros_timber_frame_tab,FALSE,Wood Update,Ready For Work,Timber Oak Orange Brick Righthatch Large,timber_oak_orange_brick_righthatch_large,,,solid,,,,
FALSE,westeros_timber_frame_tab,FALSE,Wood Update,Ready For Work,Timber Oak Orange Brick Righthatch Studded,timber_oak_orange_brick_righthatch_studded,,,solid,,,,
FALSE,westeros_timber_frame_tab,FALSE,Wood Update,Ready For Work,Timber Oak Orange Brick Vertical,timber_oak_orange_brick_vertical,,,solid,,,,
FALSE,westeros_timber_frame_tab,FALSE,Wood Update,Ready For Work,Timber Oak Orange Close Studding,timber_oak_orange_close_studding,,,solid,,,,
FALSE,westeros_timber_frame_tab,FALSE,Wood Update,Ready For Work,Timber Oak Orange Crosshatch,timber_oak_orange_crosshatch,,,solid,,,,
FALSE,westeros_timber_frame_tab,FALSE,Wood Update,Ready For Work,Timber Oak Orange Frame,timber_oak_orange_frame,,,solid,,,,
FALSE,westeros_timber_frame_tab,FALSE,Wood Update,Ready For Work,Timber Oak Orange Lefthatch,timber_oak_orange_lefthatch,,,solid,,,,
FALSE,westeros_timber_frame_tab,FALSE,Wood Update,Ready For Work,Timber Oak Orange Lefthatch Large,timber_oak_orange_lefthatch_large,,,solid,,,,
FALSE,westeros_timber_frame_tab,FALSE,Wood Update,Ready For Work,Timber Oak Orange Lefthatch Studded,timber_oak_orange_lefthatch_studded,,,solid,,,,
FALSE,westeros_timber_frame_tab,FALSE,Wood Update,Ready For Work,Timber Oak Orange Righthatch,timber_oak_orange_righthatch,,,solid,,,,
FALSE,westeros_timber_frame_tab,FALSE,Wood Update,Ready For Work,Timber Oak Orange Righthatch Large,timber_oak_orange_righthatch_large,,,solid,,,,
FALSE,westeros_timber_frame_tab,FALSE,Wood Update,Ready For Work,Timber Oak Orange Righthatch Studded,timber_oak_orange_righthatch_studded,,,solid,,,,
FALSE,westeros_timber_frame_tab,FALSE,Wood Update,Ready For Work,Timber Oak Orange Vertical,timber_oak_orange_vertical,,,solid,,,,
FALSE,westeros_timber_frame_tab,FALSE,Wood Update,Ready For Work,Timber Oak Fieldstone Reach Bressummer,timber_oak_reach_brick_bressummer,"Doku, WesterosBlocks",,solid,,,,
FALSE,westeros_timber_frame_tab,FALSE,Wood Update,Ready For Work,Timber Oak Fieldstone Reach Close Studding,timber_oak_reach_brick_close_studding,"Doku, WesterosBlocks",,solid,,,,
FALSE,westeros_timber_frame_tab,FALSE,Wood Update,Ready For Work,Timber Oak Fieldstone Reach Crosshatch,timber_oak_reach_brick_crosshatch,"Doku, WesterosBlocks",,solid,,,,
FALSE,westeros_timber_frame_tab,FALSE,Wood Update,Ready For Work,Timber Oak Fieldstone Reach Frame,timber_oak_reach_brick_frame,"Doku, WesterosBlocks",,solid,,,,
FALSE,westeros_timber_frame_tab,FALSE,Wood Update,Ready For Work,Timber Oak Fieldstone Reach Lefthatch,timber_oak_reach_brick_lefthatch,"Doku, WesterosBlocks",,solid,,,,
FALSE,westeros_timber_frame_tab,FALSE,Wood Update,Ready For Work,Timber Oak Fieldstone Reach Lefthatch Large,timber_oak_reach_brick_lefthatch_large,"Doku, WesterosBlocks",,solid,,,,
FALSE,westeros_timber_frame_tab,FALSE,Wood Update,Ready For Work,Timber Oak Fieldstone Reach Lefthatch Studded,timber_oak_reach_brick_lefthatch_studded,"Doku, WesterosBlocks",,solid,,,,
FALSE,westeros_timber_frame_tab,FALSE,Wood Update,Ready For Work,Timber Oak Fieldstone Reach Righthatch,timber_oak_reach_brick_righthatch,"Doku, WesterosBlocks",,solid,,,,
FALSE,westeros_timber_frame_tab,FALSE,Wood Update,Ready For Work,Timber Oak Fieldstone Reach Righthatch Large,timber_oak_reach_brick_righthatch_large,"Doku, WesterosBlocks",,solid,,,,
FALSE,westeros_timber_frame_tab,FALSE,Wood Update,Ready For Work,Timber Oak Fieldstone Reach Righthatch Studded,timber_oak_reach_brick_righthatch_studded,"Doku, WesterosBlocks",,solid,,,,
FALSE,westeros_timber_frame_tab,FALSE,Wood Update,Ready For Work,Timber Oak Fieldstone Reach Vertical,timber_oak_reach_brick_vertical,"Doku, WesterosBlocks",,solid,,,,
FALSE,westeros_timber_frame_tab,FALSE,Wood Update,Ready For Work,Timber Oak White Bressummer,timber_oak_white_bressummer,,,solid,,,,
FALSE,westeros_timber_frame_tab,FALSE,Wood Update,Ready For Work,Timber Oak White Close Studding,timber_oak_white_close_studding,,,solid,,,,
FALSE,westeros_timber_frame_tab,FALSE,Wood Update,Ready For Work,Timber Oak White Crosshatch,timber_oak_white_crosshatch,,,solid,,,,
FALSE,westeros_timber_frame_tab,FALSE,Wood Update,Ready For Work,Timber Oak White Frame,timber_oak_white_frame,,,solid,,,,
FALSE,westeros_timber_frame_tab,FALSE,Wood Update,Ready For Work,Timber Oak White Righthatch,timber_oak_white_lefthatch,,,solid,,,,
FALSE,westeros_timber_frame_tab,FALSE,Wood Update,Ready For Work,Timber Oak White Lefthatch Large,timber_oak_white_lefthatch_large,,,solid,,,,
FALSE,westeros_timber_frame_tab,FALSE,Wood Update,Ready For Work,Timber Oak White Lefthatch Studded,timber_oak_white_lefthatch_studded,,,solid,,,,
FALSE,westeros_timber_frame_tab,FALSE,Wood Update,Ready For Work,Timber Oak White Lefthatch,timber_oak_white_righthatch,,,solid,,,,
FALSE,westeros_timber_frame_tab,FALSE,Wood Update,Ready For Work,Timber Oak White Righthatch Large,timber_oak_white_righthatch_large,,,solid,,,,
FALSE,westeros_timber_frame_tab,FALSE,Wood Update,Ready For Work,Timber Oak White Righthatch Studded,timber_oak_white_righthatch_studded,,,solid,,,,
FALSE,westeros_timber_frame_tab,FALSE,Wood Update,Ready For Work,Timber Oak White Vertical,timber_oak_white_vertical,,,solid,,,,
FALSE,westeros_timber_frame_tab,FALSE,Wood Update,Ready For Work,Timber Oak Yellow Bressummer,timber_oak_yellow_bressummer,,,solid,,,,
FALSE,westeros_timber_frame_tab,FALSE,Wood Update,Ready For Work,Timber Oak Yellow Close Studding,timber_oak_yellow_close_studding,,,solid,,,,
FALSE,westeros_timber_frame_tab,FALSE,Wood Update,Ready For Work,Timber Oak Yellow Crosshatch,timber_oak_yellow_crosshatch,,,solid,,,,
FALSE,westeros_timber_frame_tab,FALSE,Wood Update,Ready For Work,Timber Oak Yellow Frame,timber_oak_yellow_frame,,,solid,,,,
FALSE,westeros_timber_frame_tab,FALSE,Wood Update,Ready For Work,Timber Oak Yellow Lefthatch,timber_oak_yellow_lefthatch,,,solid,,,,
FALSE,westeros_timber_frame_tab,FALSE,Wood Update,Ready For Work,Timber Oak Yellow Lefthatch Large,timber_oak_yellow_lefthatch_large,,,solid,,,,
FALSE,westeros_timber_frame_tab,FALSE,Wood Update,Ready For Work,Timber Oak Yellow Lefthatch Studded,timber_oak_yellow_lefthatch_studded,,,solid,,,,
FALSE,westeros_timber_frame_tab,FALSE,Wood Update,Ready For Work,Timber Oak Yellow Righthatch,timber_oak_yellow_righthatch,,,solid,,,,
FALSE,westeros_timber_frame_tab,FALSE,Wood Update,Ready For Work,Timber Oak Yellow Righthatch Large,timber_oak_yellow_righthatch_large,,,solid,,,,
FALSE,westeros_timber_frame_tab,FALSE,Wood Update,Ready For Work,Timber Oak Yellow Righthatch Studded,timber_oak_yellow_righthatch_studded,,,solid,,,,
FALSE,westeros_timber_frame_tab,FALSE,Wood Update,Ready For Work,Timber Oak Yellow Vertical,timber_oak_yellow_vertical,,,solid,,,,
FALSE,westeros_timber_frame_tab,FALSE,Wood Update,Ready For Work,Timber Red White Bressummer,timber_red_white_bressummer,,,solid,,,,
FALSE,westeros_timber_frame_tab,FALSE,Wood Update,Ready For Work,Timber Red White Close Studding,timber_red_white_close_studding,,,solid,,,,
FALSE,westeros_timber_frame_tab,FALSE,Wood Update,Ready For Work,Timber Red White Crosshatch,timber_red_white_crosshatch,,,solid,,,,
FALSE,westeros_timber_frame_tab,FALSE,Wood Update,Ready For Work,Timber Red White Frame,timber_red_white_frame,,,solid,,,,
FALSE,westeros_timber_frame_tab,FALSE,Wood Update,Ready For Work,Timber Red White Lefthatch,timber_red_white_lefthatch,,,solid,,,,
FALSE,westeros_timber_frame_tab,FALSE,Wood Update,Ready For Work,Timber Red White Lefthatch Large,timber_red_white_lefthatch_large,,,solid,,,,
FALSE,westeros_timber_frame_tab,FALSE,Wood Update,Ready For Work,Timber Red White Lefthatch Studded,timber_red_white_lefthatch_studded,,,solid,,,,
FALSE,westeros_timber_frame_tab,FALSE,Wood Update,Ready For Work,Timber Red White Righthatch,timber_red_white_righthatch,,,solid,,,,
FALSE,westeros_timber_frame_tab,FALSE,Wood Update,Ready For Work,Timber Red White Righthatch Large,timber_red_white_righthatch_large,,,solid,,,,
FALSE,westeros_timber_frame_tab,FALSE,Wood Update,Ready For Work,Timber Red White Righthatch Studded,timber_red_white_righthatch_studded,,,solid,,,,
FALSE,westeros_timber_frame_tab,FALSE,Wood Update,Ready For Work,Timber Red White Vertical,timber_red_white_vertical,,,solid,,,,
FALSE,westeros_timber_frame_tab,FALSE,Wood Update,Ready For Work,Timber Whitewashed Bressummer,timber_whitewashed_bressummer,,,solid,,,,
FALSE,westeros_timber_frame_tab,FALSE,Wood Update,Ready For Work,Timber Whitewashed Close Studding,timber_whitewashed_close_studding,,,solid,,,,
FALSE,westeros_timber_frame_tab,FALSE,Wood Update,Ready For Work,Timber Whitewashed Crosshatch,timber_whitewashed_crosshatch,,,solid,,,,
FALSE,westeros_timber_frame_tab,FALSE,Wood Update,Ready For Work,Timber Whitewashed Frame,timber_whitewashed_frame,,,solid,,,,
FALSE,westeros_timber_frame_tab,FALSE,Wood Update,Ready For Work,Timber Whitewashed Lefthatch,timber_whitewashed_lefthatch,,,solid,,,,
FALSE,westeros_timber_frame_tab,FALSE,Wood Update,Ready For Work,Timber Whitewashed Lefthatch Large,timber_whitewashed_lefthatch_large,,,solid,,,,
FALSE,westeros_timber_frame_tab,FALSE,Wood Update,Ready For Work,Timber Whitewashed Lefthatch Studded,timber_whitewashed_lefthatch_studded,,,solid,,,,
FALSE,westeros_timber_frame_tab,FALSE,Wood Update,Ready For Work,Timber Whitewashed Righthatch,timber_whitewashed_righthatch,,,solid,,,,
FALSE,westeros_timber_frame_tab,FALSE,Wood Update,Ready For Work,Timber Whitewashed Righthatch Large,timber_whitewashed_righthatch_large,,,solid,,,,
FALSE,westeros_timber_frame_tab,FALSE,Wood Update,Ready For Work,Timber Whitewashed Righthatch Studded,timber_whitewashed_righthatch_studded,,,solid,,,,
FALSE,westeros_timber_frame_tab,FALSE,Wood Update,Ready For Work,Timber Whitewashed Vertical,timber_whitewashed_vertical,,,solid,,,,
TRUE,westeros_terrain_sets_tab,FALSE,,,Tin Ore,tin_ore,,,solid,tin_ore,,,
TRUE,westeros_terrain_sets_tab,FALSE,,,Tin Ore Slab,tin_ore_slab,,,slab,tin_ore,,,
TRUE,westeros_terrain_sets_tab,FALSE,,,Tin Ore Stairs,tin_ore_stairs,,,stair,tin_ore,,,
TRUE,westeros_terrain_sets_tab,FALSE,,,Tin Ore Wall,tin_ore_wall,,,wall,tin_ore,,,
FALSE,westeros_banners_tab,FALSE,,,Toland Banner,toland_banner,WesterosBlocks,,cuboid-nsew-stack,,,,
FALSE,westeros_lighting_tab,FALSE,,,Torch,torch,,,torch,,,,
FALSE,westeros_lighting_tab,FALSE,,,Unlit Torch,torch_unlit,,,torch,,,,
FALSE,westeros_sounds_tab,FALSE,,,Training Yard Large,training_yard_large,,,sound,,,,
FALSE,westeros_sounds_tab,FALSE,,,Training Yard Small,training_yard_small,,,sound,,,,
FALSE,westeros_banners_tab,FALSE,,,Trant Banner,trant_banner,WesterosBlocks,,cuboid-nsew-stack,,,,
FALSE,westeros_banners_tab,FALSE,,,Tully Banner,tully_banner,WesterosBlocks,,cuboid-nsew-stack,,,,
FALSE,westeros_banners_tab,FALSE,,,Tully Damaged Banner,tully_damaged_banner,WesterosBlocks,,cuboid-nsew-stack,,,,
FALSE,westeros_food_blocks_tab,FALSE,,,Turnip Basket,turnip_basket,,,solid,,,,
FALSE,westeros_food_blocks_tab,FALSE,,,Turnip Basket Slab,turnip_basket_slab,,,slab,,,,
FALSE,westeros_food_blocks_tab,FALSE,Wood Update,Ready For Work,Turnip Crate,turnip_crate,,,solid,,,,
FALSE,westeros_banners_tab,FALSE,,,Tyrell Banner,tyrell_banner,WesterosBlocks,,cuboid-nsew-stack,,,,
FALSE,westeros_banners_tab,FALSE,,,Uller Banner,uller_banner,WesterosBlocks,,cuboid-nsew-stack,,,,
FALSE,westeros_banners_tab,FALSE,,,Umber Banner,umber_banner,WesterosBlocks,,cuboid-nsew-stack,,,,
TRUE,westeros_marble_plaster_tab,FALSE,,,Umber Plaster Smooth,umber_plaster,,,solid,umber_plaster,,,
TRUE,westeros_marble_plaster_tab,FALSE,,,Umber Plaster Smooth Fence,umber_plaster_fence,,,fence,umber_plaster,,,
TRUE,westeros_marble_plaster_tab,FALSE,,,Umber Plaster Smooth Hopper,umber_plaster_hopper,,,cuboid,umber_plaster,,,
TRUE,westeros_marble_plaster_tab,FALSE,,,Umber Plaster Rough,umber_plaster_rough,,,solid,umber_plaster_rough,,,
TRUE,westeros_marble_plaster_tab,FALSE,,,Umber Plaster Rough Fence,umber_plaster_rough_fence,,,fence,umber_plaster_rough,,,
TRUE,westeros_marble_plaster_tab,FALSE,,,Umber Plaster Rough Hopper,umber_plaster_rough_hopper,,,cuboid,umber_plaster_rough,,,
TRUE,westeros_marble_plaster_tab,FALSE,,,Umber Plaster Rough Slab,umber_plaster_rough_slab,,,slab,umber_plaster_rough,,,
TRUE,westeros_marble_plaster_tab,FALSE,,,Umber Plaster Rough Stairs,umber_plaster_rough_stairs,,,stair,umber_plaster_rough,,,
TRUE,westeros_marble_plaster_tab,FALSE,,,Umber Plaster Rough Tip,umber_plaster_rough_tip,,,cuboid,umber_plaster_rough,,,
TRUE,westeros_marble_plaster_tab,FALSE,,,Umber Plaster Rough Wall,umber_plaster_rough_wall,,,wall,umber_plaster_rough,,,
TRUE,westeros_marble_plaster_tab,FALSE,,,Umber Plaster Smooth Slab,umber_plaster_slab,,,slab,umber_plaster,,,
TRUE,westeros_marble_plaster_tab,FALSE,,,Umber Plaster Smooth Stairs,umber_plaster_stairs,,,stair,umber_plaster,,,
TRUE,westeros_marble_plaster_tab,FALSE,,,Umber Plaster Smooth Tip,umber_plaster_tip,,,cuboid,umber_plaster,,,
TRUE,westeros_marble_plaster_tab,FALSE,,,Umber Plaster Smooth Wall,umber_plaster_wall,,,wall,umber_plaster,,,
FALSE,westeros_lighting_tab,FALSE,,,Unlit Candle Solid,unlit_candle,,,cuboid,,,,
FALSE,westeros_grasses_shrubs_tab,FALSE,,,Unshaded Grass,unshaded_grass,,,plant,,,,
TRUE,westeros_quarter_ashlar_tab,FALSE,,,Quarter Rounded Ashlar Light Brown,unused_brown_brick,,,solid,unused_brown_brick,,,
TRUE,westeros_quarter_ashlar_tab,FALSE,,,Quarter Rounded Ashlar Light Brown Arrow_slit,unused_brown_brick_arrow_slit,,,solid,unused_brown_brick,,,
TRUE,westeros_quarter_ashlar_tab,FALSE,,,Quarter Rounded Ashlar Light Brown Arrow_slit_ornate,unused_brown_brick_arrow_slit_ornate,,,solid,unused_brown_brick,,,
TRUE,westeros_quarter_ashlar_tab,FALSE,,,Quarter Rounded Ashlar Light Brown Arrow_slit_window,unused_brown_brick_arrow_slit_window,,,solid,unused_brown_brick,,,
TRUE,westeros_quarter_ashlar_tab,FALSE,,,Quarter Rounded Ashlar Light Brown Fence,unused_brown_brick_fence,,,fence,unused_brown_brick,,,
TRUE,westeros_quarter_ashlar_tab,FALSE,,,Quarter Rounded Ashlar Light Brown Hopper,unused_brown_brick_hopper,,,cuboid,unused_brown_brick,,,
TRUE,westeros_quarter_ashlar_tab,FALSE,,,Quarter Rounded Ashlar Light Brown Slab,unused_brown_brick_slab,,,slab,unused_brown_brick,,,
TRUE,westeros_quarter_ashlar_tab,FALSE,,,Quarter Rounded Ashlar Light Brown Stairs,unused_brown_brick_stairs,,,stair,unused_brown_brick,,,
TRUE,westeros_quarter_ashlar_tab,FALSE,,,Quarter Rounded Ashlar Light Brown Tip,unused_brown_brick_tip,,,cuboid,unused_brown_brick,,,
TRUE,westeros_quarter_ashlar_tab,FALSE,,,Quarter Rounded Ashlar Light Brown Wall,unused_brown_brick_wall,,,wall,unused_brown_brick,,,
FALSE,westeros_marble_plaster_tab,FALSE,,,Smooth Brown Brick Keystone Brownish White Plaster,unused_brown_plaster,,,solid,,,,
TRUE,westeros_quarter_ashlar_tab,FALSE,,,Quarter Rounded Ashlar Dark Red,unused_purple_brick,,,solid,unused_purple_brick,,,
TRUE,westeros_quarter_ashlar_tab,FALSE,,,Quarter Rounded Ashlar Dark Red Arrow_slit,unused_purple_brick_arrow_slit,,,solid,unused_purple_brick,,,
TRUE,westeros_quarter_ashlar_tab,FALSE,,,Quarter Rounded Ashlar Dark Red Arrow_slit_ornate,unused_purple_brick_arrow_slit_ornate,,,solid,unused_purple_brick,,,
TRUE,westeros_quarter_ashlar_tab,FALSE,,,Quarter Rounded Ashlar Dark Red Arrow_slit_window,unused_purple_brick_arrow_slit_window,,,solid,unused_purple_brick,,,
TRUE,westeros_quarter_ashlar_tab,FALSE,,,Quarter Rounded Ashlar Dark Red Fence,unused_purple_brick_fence,,,fence,unused_purple_brick,,,
TRUE,westeros_quarter_ashlar_tab,FALSE,,,Quarter Rounded Ashlar Dark Red Hopper,unused_purple_brick_hopper,,,cuboid,unused_purple_brick,,,
TRUE,westeros_quarter_ashlar_tab,FALSE,,,Quarter Rounded Ashlar Dark Red Slab,unused_purple_brick_slab,,,slab,unused_purple_brick,,,
TRUE,westeros_quarter_ashlar_tab,FALSE,,,Quarter Rounded Ashlar Dark Red Stairs,unused_purple_brick_stairs,,,stair,unused_purple_brick,,,
TRUE,westeros_quarter_ashlar_tab,FALSE,,,Quarter Rounded Ashlar Dark Red Tip,unused_purple_brick_tip,,,cuboid,unused_purple_brick,,,
TRUE,westeros_quarter_ashlar_tab,FALSE,,,Quarter Rounded Ashlar Dark Red Wall,unused_purple_brick_wall,,,wall,unused_purple_brick,,,
FALSE,westeros_marble_plaster_tab,FALSE,,,Smooth Purple Brick Keystone Brownish White Plaster,unused_purple_plaster,,,solid,,,,
TRUE,westeros_cobblestone_tab,FALSE,Cobblestone Update,Ready For Work,Valyrian Stone,valyrian_stone,,,solid,valyrian_stone,,,
TRUE,westeros_cobblestone_tab,FALSE,Cobblestone Update,Ready For Work,Valyrian Stone Fence,valyrian_stone_fence,,,fence,valyrian_stone,,,
TRUE,westeros_cobblestone_tab,FALSE,Cobblestone Update,Ready For Work,Valyrian Stone Hopper,valyrian_stone_hopper,,,cuboid,valyrian_stone,,,
TRUE,westeros_cobblestone_tab,FALSE,Cobblestone Update,Ready For Work,Valyrian Stone Slab,valyrian_stone_slab,,,slab,valyrian_stone,,,
TRUE,westeros_cobblestone_tab,FALSE,Cobblestone Update,Ready For Work,Valyrian Stone Stairs,valyrian_stone_stairs,,,stair,valyrian_stone,,,
TRUE,westeros_cobblestone_tab,FALSE,Cobblestone Update,Ready For Work,Valyrian Stone Tip,valyrian_stone_tip,,,cuboid,valyrian_stone,,,
TRUE,westeros_cobblestone_tab,FALSE,Cobblestone Update,Ready For Work,Valyrian Stone Wall,valyrian_stone_wall,,,wall,valyrian_stone,,,
FALSE,westeros_banners_tab,FALSE,,,Vance Atranta Banner,vance_atranta_banner,WesterosBlocks,,cuboid-nsew-stack,,,,
FALSE,westeros_banners_tab,FALSE,,,Vance Wayfarers Banner,vance_wayfarers_banner,WesterosBlocks,,cuboid-nsew-stack,,,,
FALSE,westeros_banners_tab,FALSE,,,Velaryon Banner,velaryon_banner,WesterosBlocks,,cuboid-nsew-stack,,,,
FALSE,westeros_metal_tab,FALSE,,,Vertical Chain,vertical_chain,,,web,,,,
FALSE,westeros_cloth_fibers_tab,FALSE,,,Vertical Net,vertical_net,,,pane,,,,
FALSE,westeros_cloth_fibers_tab,FALSE,,,Vertical Rope,vertical_rope,,,web,,,,
FALSE,westeros_foliage_tab,FALSE,,,Vine Jasmine (Do Not Use),vine_jasmine,,,ladder,,,,
FALSE,westeros_foliage_tab,FALSE,,,Vines,vines,,,vines,,,,
TRUE,westeros_medium_ashlar_tab,FALSE,,,Medium Ashlar Dark Tan,vivid_dark_sandstone,,,solid,vivid_dark_sandstone,,,
TRUE,westeros_medium_ashlar_tab,FALSE,,,Medium Ashlar Dark Tan Arrow_slit,vivid_dark_sandstone_arrow_slit,,,solid,vivid_dark_sandstone,,,
TRUE,westeros_medium_ashlar_tab,FALSE,,,Medium Ashlar Dark Tan Arrow_slit_ornate,vivid_dark_sandstone_arrow_slit_ornate,,,solid,vivid_dark_sandstone,,,
TRUE,westeros_medium_ashlar_tab,FALSE,,,Medium Ashlar Dark Tan Arrow_slit_window,vivid_dark_sandstone_arrow_slit_window,,,solid,vivid_dark_sandstone,,,
FALSE,westeros_panelling_carvings_tab,FALSE,,,Ashlar Engraved Dark Tan,vivid_dark_sandstone_engraved,,,solid,,,,
FALSE,westeros_panelling_carvings_tab,FALSE,,,Ashlar Engraved Dark Tan Wall,vivid_dark_sandstone_engraved_wall,,,wall,,,,
TRUE,westeros_medium_ashlar_tab,FALSE,,,Medium Ashlar Dark Tan Fence,vivid_dark_sandstone_fence,,,fence,vivid_dark_sandstone,,,
TRUE,westeros_medium_ashlar_tab,FALSE,,,Medium Ashlar Dark Tan Hopper,vivid_dark_sandstone_hopper,,,cuboid,vivid_dark_sandstone,,,
TRUE,westeros_polished_stone_tab,FALSE,,,Polished Stone Dark Tan,vivid_dark_sandstone_polished,Doku,,solid,vivid_dark_sandstone_polished,,,
TRUE,westeros_polished_stone_tab,FALSE,,,Polished Stone Dark Tan Slab,vivid_dark_sandstone_polished_slab,Doku,,slab,vivid_dark_sandstone_polished,,,
TRUE,westeros_polished_stone_tab,FALSE,,,Polished Stone Dark Tan Stairs,vivid_dark_sandstone_polished_stairs,Doku,,stair,vivid_dark_sandstone_polished,,,
TRUE,westeros_polished_stone_tab,FALSE,,,Polished Stone Dark Tan Wall,vivid_dark_sandstone_polished_wall,Doku,,wall,vivid_dark_sandstone_polished,,,
TRUE,westeros_medium_ashlar_tab,FALSE,,,Medium Ashlar Dark Tan Slab,vivid_dark_sandstone_slab,,,slab,vivid_dark_sandstone,,,
TRUE,westeros_medium_ashlar_tab,FALSE,,,Medium Ashlar Dark Tan Stairs,vivid_dark_sandstone_stairs,,,stair,vivid_dark_sandstone,,,
TRUE,westeros_medium_ashlar_tab,FALSE,,,Medium Ashlar Dark Tan Tip,vivid_dark_sandstone_tip,,,cuboid,vivid_dark_sandstone,,,
TRUE,westeros_medium_ashlar_tab,FALSE,,,Medium Ashlar Dark Tan Wall,vivid_dark_sandstone_wall,,,wall,vivid_dark_sandstone,,,
TRUE,westeros_medium_ashlar_tab,FALSE,,,Medium Ashlar Tan Mossy,vivid_mossy_sandstone,,,solid,vivid_mossy_sandstone,,,
TRUE,westeros_medium_ashlar_tab,FALSE,,,Medium Ashlar Tan Mossy Fence,vivid_mossy_sandstone_fence,,,fence,vivid_mossy_sandstone,,,
TRUE,westeros_medium_ashlar_tab,FALSE,,,Medium Ashlar Tan Mossy Hopper,vivid_mossy_sandstone_hopper,,,cuboid,vivid_mossy_sandstone,,,
TRUE,westeros_medium_ashlar_tab,FALSE,,,Medium Ashlar Tan Mossy Slab,vivid_mossy_sandstone_slab,,,slab,vivid_mossy_sandstone,,,
TRUE,westeros_medium_ashlar_tab,FALSE,,,Medium Ashlar Tan Mossy Stairs,vivid_mossy_sandstone_stairs,,,stair,vivid_mossy_sandstone,,,
TRUE,westeros_medium_ashlar_tab,FALSE,,,Medium Ashlar Tan Mossy Tip,vivid_mossy_sandstone_tip,,,cuboid,vivid_mossy_sandstone,,,
TRUE,westeros_medium_ashlar_tab,FALSE,,,Medium Ashlar Tan Mossy Wall,vivid_mossy_sandstone_wall,,,wall,vivid_mossy_sandstone,,,
TRUE,westeros_medium_ashlar_tab,FALSE,,,Medium Ashlar Tan,vivid_sandstone,,,solid,vivid_sandstone,,,
TRUE,westeros_medium_ashlar_tab,FALSE,,,Medium Ashlar Tan Arrow_slit,vivid_sandstone_arrow_slit,,,solid,vivid_sandstone,,,
TRUE,westeros_medium_ashlar_tab,FALSE,,,Medium Ashlar Tan Arrow_slit_ornate,vivid_sandstone_arrow_slit_ornate,,,solid,vivid_sandstone,,,
TRUE,westeros_medium_ashlar_tab,FALSE,,,Medium Ashlar Tan Arrow_slit_window,vivid_sandstone_arrow_slit_window,,,solid,vivid_sandstone,,,
FALSE,westeros_panelling_carvings_tab,FALSE,,,Ashlar Engraved Tan,vivid_sandstone_engraved,,,solid,,,,
FALSE,westeros_panelling_carvings_tab,FALSE,,,Ashlar Engraved Tan Wall,vivid_sandstone_engraved_wall,,,wall,,,,
TRUE,westeros_medium_ashlar_tab,FALSE,,,Medium Ashlar Tan Fence,vivid_sandstone_fence,,,fence,vivid_sandstone,,,
TRUE,westeros_medium_ashlar_tab,FALSE,,,Medium Ashlar Tan Hopper,vivid_sandstone_hopper,,,cuboid,vivid_sandstone,,,
TRUE,westeros_polished_stone_tab,FALSE,,,Polished Stone Tan,vivid_sandstone_polished,Doku,,solid,vivid_sandstone_polished,,,
TRUE,westeros_polished_stone_tab,FALSE,,,Polished Stone Tan Slab,vivid_sandstone_polished_slab,Doku,,slab,vivid_sandstone_polished,,,
TRUE,westeros_polished_stone_tab,FALSE,,,Polished Stone Tan Stairs,vivid_sandstone_polished_stairs,Doku,,stair,vivid_sandstone_polished,,,
TRUE,westeros_polished_stone_tab,FALSE,,,Polished Stone Tan Wall,vivid_sandstone_polished_wall,Doku,,wall,vivid_sandstone_polished,,,
TRUE,westeros_medium_ashlar_tab,FALSE,,,Medium Ashlar Tan Slab,vivid_sandstone_slab,,,slab,vivid_sandstone,,,
TRUE,westeros_medium_ashlar_tab,FALSE,,,Medium Ashlar Tan Stairs,vivid_sandstone_stairs,,,stair,vivid_sandstone,,,
TRUE,westeros_medium_ashlar_tab,FALSE,,,Medium Ashlar Tan Tip,vivid_sandstone_tip,,,cuboid,vivid_sandstone,,,
TRUE,westeros_medium_ashlar_tab,FALSE,,,Medium Ashlar Tan Wall,vivid_sandstone_wall,,,wall,vivid_sandstone,,,
TRUE,westeros_terrain_sets_tab,FALSE,,,TerrainSet Volcanic Rock,volcanic_rock,WesterosBlocks,,solid,volcanic_rock,,,
TRUE,westeros_terrain_sets_tab,FALSE,,,TerrainSet Volcanic Rock Fence,volcanic_rock_fence,WesterosBlocks,,fence,volcanic_rock,,,
TRUE,westeros_terrain_sets_tab,FALSE,,,TerrainSet Volcanic Rock Fence_gate,volcanic_rock_fence_gate,WesterosBlocks,,fencegate,volcanic_rock,,,
TRUE,westeros_terrain_sets_tab,FALSE,,,TerrainSet Volcanic Rock Hopper,volcanic_rock_hopper,WesterosBlocks,,cuboid,volcanic_rock,,,
TRUE,westeros_terrain_sets_tab,FALSE,,,TerrainSet Volcanic Rock Slab,volcanic_rock_slab,WesterosBlocks,,slab,volcanic_rock,,,
TRUE,westeros_terrain_sets_tab,FALSE,,,TerrainSet Volcanic Rock Stairs,volcanic_rock_stairs,WesterosBlocks,,stair,volcanic_rock,,,
TRUE,westeros_terrain_sets_tab,FALSE,,,TerrainSet Volcanic Rock Tip,volcanic_rock_tip,WesterosBlocks,,cuboid,volcanic_rock,,,
TRUE,westeros_terrain_sets_tab,FALSE,,,TerrainSet Volcanic Rock Wall,volcanic_rock_wall,WesterosBlocks,,wall,volcanic_rock,,,
TRUE,westeros_sand_gravel_tab,FALSE,,,Volcanic Sand,volcanic_sand,,,solid,volcanic_sand,,,
TRUE,westeros_sand_gravel_tab,FALSE,,,Volcanic Sand Layer,volcanic_sand_layer,,,layer,volcanic_sand,,,
TRUE,westeros_sand_gravel_tab,FALSE,,,Volcanic Sand Stones,volcanic_sand_stones,,,solid,volcanic_sand_stones,,,
TRUE,westeros_sand_gravel_tab,FALSE,,,Volcanic Sand Stones Layer,volcanic_sand_stones_layer,,,layer,volcanic_sand_stones,,,
TRUE,westeros_terrain_sets_tab,FALSE,,,Magma Stone,volcanic_stone,,,solid,volcanic_stone,,,
TRUE,westeros_terrain_sets_tab,FALSE,,,Magma Stone Fence,volcanic_stone_fence,,,fence,volcanic_stone,,,
TRUE,westeros_terrain_sets_tab,FALSE,,,Magma Stone Fence_gate,volcanic_stone_fence_gate,,,fencegate,volcanic_stone,,,
TRUE,westeros_terrain_sets_tab,FALSE,,,Magma Stone Hopper,volcanic_stone_hopper,,,cuboid,volcanic_stone,,,
TRUE,westeros_terrain_sets_tab,FALSE,,,Magma Stone Slab,volcanic_stone_slab,,,slab,volcanic_stone,,,
TRUE,westeros_terrain_sets_tab,FALSE,,,Magma Stone Stairs,volcanic_stone_stairs,,,stair,volcanic_stone,,,
TRUE,westeros_terrain_sets_tab,FALSE,,,Magma Stone Tip,volcanic_stone_tip,,,cuboid,volcanic_stone,,,
TRUE,westeros_terrain_sets_tab,FALSE,,,Magma Stone Wall,volcanic_stone_wall,,,wall,volcanic_stone,,,
FALSE,westeros_banners_tab,FALSE,,,Vyrwel Banner,vyrwel_banner,WesterosBlocks,,cuboid-nsew-stack,,,,
FALSE,westeros_misc_tab,FALSE,,,Wagon Wheel & Axle,wagon_wheel__axle,,,cuboid-nsewud,,,,
FALSE,westeros_sounds_tab,FALSE,,,Walkers Hornblast,walkers_hornblast,,,sound,,,,
TRUE,westeros_marble_plaster_tab,FALSE,,,Warm Pink Plaster Smooth,warm_pink_plaster,,,solid,warm_pink_plaster,,,
TRUE,westeros_marble_plaster_tab,FALSE,,,Warm Pink Plaster Smooth Fence,warm_pink_plaster_fence,,,fence,warm_pink_plaster,,,
TRUE,westeros_marble_plaster_tab,FALSE,,,Warm Pink Plaster Smooth Hopper,warm_pink_plaster_hopper,,,cuboid,warm_pink_plaster,,,
TRUE,westeros_marble_plaster_tab,FALSE,,,Warm Pink Plaster Rough,warm_pink_plaster_rough,,,solid,warm_pink_plaster_rough,,,
TRUE,westeros_marble_plaster_tab,FALSE,,,Warm Pink Plaster Rough Fence,warm_pink_plaster_rough_fence,,,fence,warm_pink_plaster_rough,,,
TRUE,westeros_marble_plaster_tab,FALSE,,,Warm Pink Plaster Rough Hopper,warm_pink_plaster_rough_hopper,,,cuboid,warm_pink_plaster_rough,,,
TRUE,westeros_marble_plaster_tab,FALSE,,,Warm Pink Plaster Rough Slab,warm_pink_plaster_rough_slab,,,slab,warm_pink_plaster_rough,,,
TRUE,westeros_marble_plaster_tab,FALSE,,,Warm Pink Plaster Rough Stairs,warm_pink_plaster_rough_stairs,,,stair,warm_pink_plaster_rough,,,
TRUE,westeros_marble_plaster_tab,FALSE,,,Warm Pink Plaster Rough Tip,warm_pink_plaster_rough_tip,,,cuboid,warm_pink_plaster_rough,,,
TRUE,westeros_marble_plaster_tab,FALSE,,,Warm Pink Plaster Rough Wall,warm_pink_plaster_rough_wall,,,wall,warm_pink_plaster_rough,,,
TRUE,westeros_marble_plaster_tab,FALSE,,,Warm Pink Plaster Smooth Slab,warm_pink_plaster_slab,,,slab,warm_pink_plaster,,,
TRUE,westeros_marble_plaster_tab,FALSE,,,Warm Pink Plaster Smooth Stairs,warm_pink_plaster_stairs,,,stair,warm_pink_plaster,,,
TRUE,westeros_marble_plaster_tab,FALSE,,,Warm Pink Plaster Smooth Tip,warm_pink_plaster_tip,,,cuboid,warm_pink_plaster,,,
TRUE,westeros_marble_plaster_tab,FALSE,,,Warm Pink Plaster Smooth Wall,warm_pink_plaster_wall,,,wall,warm_pink_plaster,,,
FALSE,westeros_sounds_tab,FALSE,,,Warning Bells Large,warning_bells_large,,,sound,,,,
FALSE,westeros_sounds_tab,FALSE,,,Warning Bells Small,warning_bells_small,,,sound,,,,
FALSE,westeros_decor_tab,FALSE,Wood Update,Ready For Work,Water Barrel,water_barrel,,,solid,,,,
FALSE,westeros_banners_tab,FALSE,,,Waterman Banner,waterman_banner,WesterosBlocks,,cuboid-nsew-stack,,,,
FALSE,westeros_wood_planks_tab,FALSE,,,Wattle Fence,wattle_fence,,,cuboid-nsew,,,,
FALSE,westeros_wood_planks_tab,FALSE,,,Wattle Fence Short,wattle_fence_short,,,cuboid-nsew,,,,
FALSE,westeros_banners_tab,FALSE,,,Waxley Banner,waxley_banner,WesterosBlocks,,cuboid-nsew-stack,,,,
FALSE,westeros_banners_tab,FALSE,,,Waynwood Banner,waynwood_banner,WesterosBlocks,,cuboid-nsew-stack,,,,
FALSE,westeros_logs_tab,FALSE,Wood Update,In Progress,Weirwood Face 0,weirwood_face_0,,,log,,,,
FALSE,westeros_logs_tab,FALSE,Wood Update,In Progress,Weirwood Face 1,weirwood_face_1,,,log,,,,
FALSE,westeros_logs_tab,FALSE,Wood Update,In Progress,Weirwood Face 2,weirwood_face_2,,,log,,,,
FALSE,westeros_logs_tab,FALSE,Wood Update,In Progress,Weirwood Face 3,weirwood_face_3,,,log,,,,
FALSE,westeros_logs_tab,FALSE,Wood Update,In Progress,Weirwood Face 4,weirwood_face_4,,,log,,,,
FALSE,westeros_logs_tab,FALSE,Wood Update,In Progress,Weirwood Face 5,weirwood_face_5,,,log,,,,
FALSE,westeros_logs_tab,FALSE,Wood Update,In Progress,Weirwood Face 6,weirwood_face_6,,,log,,,,
FALSE,westeros_logs_tab,FALSE,Wood Update,In Progress,Weirwood Face 7,weirwood_face_7,,,log,,,,
FALSE,westeros_logs_tab,FALSE,Wood Update,In Progress,Weirwood Face 8,weirwood_face_8,,,log,,,,
FALSE,westeros_foliage_tab,FALSE,,,Weirwood Leaves,weirwood_leaves,,,leaves,,,,
FALSE,westeros_logs_tab,FALSE,Wood Update,In Progress,Weirwood Scars,weirwood_scars,,,log,,,,
FALSE,westeros_banners_tab,FALSE,,,Westerling Banner,westerling_banner,WesterosBlocks,,cuboid-nsew-stack,,,,
FALSE,westeros_test_tab,FALSE,,,Westeros Horizontal CTM,westeros_horizontal,,,solid,,,,
FALSE,westeros_banners_tab,FALSE,,,Westeroscraft Banner,westeroscraft_banner,WesterosBlocks,,cuboid-nsew-stack,,,,
FALSE,westeros_decor_tab,FALSE,,,Coins,westerosi_coins,,,cuboid-ne,,,,
TRUE,westeros_sand_gravel_tab,FALSE,,,Wet Sand,wet_sand,,,solid,wet_sand,,,
TRUE,westeros_sand_gravel_tab,FALSE,,,Wet Sand Layer,wet_sand_layer,,,layer,wet_sand,,,
TRUE,westeros_sand_gravel_tab,FALSE,,,Wet Sand Stones,wet_sand_stones,,,solid,wet_sand_stones,,,
TRUE,westeros_sand_gravel_tab,FALSE,,,Wet Sand Stones Layer,wet_sand_stones_layer,,,layer,wet_sand_stones,,,
FALSE,westeros_banners_tab,FALSE,,,Whent Banner,whent_banner,WesterosBlocks,,cuboid-nsew-stack,,,,
FALSE,westeros_panelling_carvings_tab,FALSE,,,Ashlar Engraved White,white_brick_engraved,,,solid,,,,
FALSE,westeros_panelling_carvings_tab,FALSE,,,Ashlar Engraved White Wall,white_brick_engraved_wall,,,wall,,,,
FALSE,westeros_flowers_tab,FALSE,,,White Chamomile,white_chamomile,,,plant,,,,
TRUE,westeros_cobblestone_tab,FALSE,Cobblestone Update,Ready For Work,Cobblestone White,white_cobblestone,,,solid,white_cobblestone,,,
TRUE,westeros_cobblestone_tab,FALSE,Cobblestone Update,Ready For Work,Cobblestone White Fence,white_cobblestone_fence,,,fence,white_cobblestone,,,
TRUE,westeros_cobblestone_tab,FALSE,Cobblestone Update,Ready For Work,Cobblestone White Hopper,white_cobblestone_hopper,,,cuboid,white_cobblestone,,,
TRUE,westeros_cobblestone_tab,FALSE,Cobblestone Update,Ready For Work,Cobblestone White Slab,white_cobblestone_slab,,,slab,white_cobblestone,,,
TRUE,westeros_cobblestone_tab,FALSE,Cobblestone Update,Ready For Work,Cobblestone White Stairs,white_cobblestone_stairs,,,stair,white_cobblestone,,,
TRUE,westeros_cobblestone_tab,FALSE,Cobblestone Update,Ready For Work,Cobblestone White Tip,white_cobblestone_tip,,,cuboid,white_cobblestone,,,
TRUE,westeros_cobblestone_tab,FALSE,Cobblestone Update,Ready For Work,Cobblestone White Wall,white_cobblestone_wall,,,wall,white_cobblestone,,,
FALSE,westeros_flowers_tab,FALSE,,,White Daisies,white_daisies,,,plant,,,,
TRUE,westeros_cobblestone_tab,FALSE,Cobblestone Update,Ready For Work,Dark Cobblestone White,white_dark_cobblestone,,,solid,white_dark_cobblestone,,,
TRUE,westeros_cobblestone_tab,FALSE,Cobblestone Update,Ready For Work,Dark Cobblestone White Fence,white_dark_cobblestone_fence,,,fence,white_dark_cobblestone,,,
TRUE,westeros_cobblestone_tab,FALSE,Cobblestone Update,Ready For Work,Dark Cobblestone White Hopper,white_dark_cobblestone_hopper,,,cuboid,white_dark_cobblestone,,,
TRUE,westeros_cobblestone_tab,FALSE,Cobblestone Update,Ready For Work,Dark Cobblestone White Slab,white_dark_cobblestone_slab,,,slab,white_dark_cobblestone,,,
TRUE,westeros_cobblestone_tab,FALSE,Cobblestone Update,Ready For Work,Dark Cobblestone White Stairs,white_dark_cobblestone_stairs,,,stair,white_dark_cobblestone,,,
TRUE,westeros_cobblestone_tab,FALSE,Cobblestone Update,Ready For Work,Dark Cobblestone White Tip,white_dark_cobblestone_tip,,,cuboid,white_dark_cobblestone,,,
TRUE,westeros_cobblestone_tab,FALSE,Cobblestone Update,Ready For Work,Dark Cobblestone White Wall,white_dark_cobblestone_wall,,,wall,white_dark_cobblestone,,,
TRUE,westeros_medium_ashlar_tab,FALSE,,,Medium Ashlar White,white_granite,,,solid,white_granite,,,
TRUE,westeros_medium_ashlar_tab,FALSE,,,Medium Ashlar White Arrow_slit,white_granite_arrow_slit,,,solid,white_granite,,,
TRUE,westeros_medium_ashlar_tab,FALSE,,,Medium Ashlar White Arrow_slit_ornate,white_granite_arrow_slit_ornate,,,solid,white_granite,,,
TRUE,westeros_medium_ashlar_tab,FALSE,,,Medium Ashlar White Arrow_slit_window,white_granite_arrow_slit_window,,,solid,white_granite,,,
TRUE,westeros_medium_ashlar_tab,FALSE,,,Medium Ashlar White Fence,white_granite_fence,,,fence,white_granite,,,
TRUE,westeros_medium_ashlar_tab,FALSE,,,Medium Ashlar White Hopper,white_granite_hopper,,,cuboid,white_granite,,,
TRUE,westeros_polished_stone_tab,FALSE,,,Polished Stone White,white_granite_polished,Doku,,solid,white_granite_polished,,,
TRUE,westeros_polished_stone_tab,FALSE,,,Polished Stone White Slab,white_granite_polished_slab,Doku,,slab,white_granite_polished,,,
TRUE,westeros_polished_stone_tab,FALSE,,,Polished Stone White Stairs,white_granite_polished_stairs,Doku,,stair,white_granite_polished,,,
TRUE,westeros_polished_stone_tab,FALSE,,,Polished Stone White Wall,white_granite_polished_wall,Doku,,wall,white_granite_polished,,,
TRUE,westeros_medium_ashlar_tab,FALSE,,,Medium Ashlar White Slab,white_granite_slab,,,slab,white_granite,,,
TRUE,westeros_medium_ashlar_tab,FALSE,,,Medium Ashlar White Stairs,white_granite_stairs,,,stair,white_granite,,,
TRUE,westeros_medium_ashlar_tab,FALSE,,,Medium Ashlar White Tip,white_granite_tip,,,cuboid,white_granite,,,
TRUE,westeros_medium_ashlar_tab,FALSE,,,Medium Ashlar White Wall,white_granite_wall,,,wall,white_granite,,,
FALSE,westeros_food_blocks_tab,FALSE,,,White Grape Basket,white_grape_basket,,,solid,,,,
FALSE,westeros_food_blocks_tab,FALSE,,,White Grape Basket Slab,white_grape_basket_slab,,,slab,,,,
FALSE,westeros_food_blocks_tab,FALSE,Wood Update,Ready For Work,White Grape Crate,white_grape_crate,,,solid,,,,
FALSE,westeros_foliage_tab,FALSE,,,White Grape Fruit Leaves,white_grape_fruit_leaves,,,leaves,,,,
FALSE,westeros_decor_tab,FALSE,,,White Harbor Sewer Manhole,white_harbor_sewer_manhole,,,trapdoor,,,,
TRUE,westeros_fieldstone_tab,FALSE,,,Fieldstone White,white_light_brick,Doku,,solid,white_light_brick,,,
TRUE,westeros_fieldstone_tab,FALSE,,,Fieldstone White Arrow_slit,white_light_brick_arrow_slit,Doku,,solid,white_light_brick,,,
TRUE,westeros_fieldstone_tab,FALSE,,,Fieldstone White Arrow_slit_ornate,white_light_brick_arrow_slit_ornate,Doku,,solid,white_light_brick,,,
TRUE,westeros_fieldstone_tab,FALSE,,,Fieldstone White Arrow_slit_window,white_light_brick_arrow_slit_window,Doku,,solid,white_light_brick,,,
TRUE,westeros_fieldstone_tab,FALSE,,,Fieldstone White Fence,white_light_brick_fence,Doku,,fence,white_light_brick,,,
TRUE,westeros_fieldstone_tab,FALSE,,,Fieldstone White Hopper,white_light_brick_hopper,Doku,,cuboid,white_light_brick,,,
TRUE,westeros_fieldstone_tab,FALSE,,,Fieldstone White Slab,white_light_brick_slab,Doku,,slab,white_light_brick,,,
TRUE,westeros_fieldstone_tab,FALSE,,,Fieldstone White Stairs,white_light_brick_stairs,Doku,,stair,white_light_brick,,,
TRUE,westeros_fieldstone_tab,FALSE,,,Fieldstone White Tip,white_light_brick_tip,Doku,,cuboid,white_light_brick,,,
TRUE,westeros_fieldstone_tab,FALSE,,,Fieldstone White Wall,white_light_brick_wall,Doku,,wall,white_light_brick,,,
TRUE,westeros_smooth_ashlar_tab,FALSE,,,Smooth Ashlar White,white_light_stone,,,solid,white_light_stone,,,
TRUE,westeros_smooth_ashlar_tab,FALSE,,,Smooth Ashlar White Arrow_slit,white_light_stone_arrow_slit,,,solid,white_light_stone,,,
TRUE,westeros_smooth_ashlar_tab,FALSE,,,Smooth Ashlar White Arrow_slit_ornate,white_light_stone_arrow_slit_ornate,,,solid,white_light_stone,,,
TRUE,westeros_smooth_ashlar_tab,FALSE,,,Smooth Ashlar White Arrow_slit_window,white_light_stone_arrow_slit_window,,,solid,white_light_stone,,,
TRUE,westeros_smooth_ashlar_tab,FALSE,,,Smooth Ashlar White Fence,white_light_stone_fence,,,fence,white_light_stone,,,
TRUE,westeros_smooth_ashlar_tab,FALSE,,,Smooth Ashlar White Hopper,white_light_stone_hopper,,,cuboid,white_light_stone,,,
TRUE,westeros_smooth_ashlar_tab,FALSE,,,Smooth Ashlar White Slab,white_light_stone_slab,,,slab,white_light_stone,,,
TRUE,westeros_smooth_ashlar_tab,FALSE,,,Smooth Ashlar White Stairs,white_light_stone_stairs,,,stair,white_light_stone,,,
TRUE,westeros_smooth_ashlar_tab,FALSE,,,Smooth Ashlar White Tip,white_light_stone_tip,,,cuboid,white_light_stone,,,
TRUE,westeros_smooth_ashlar_tab,FALSE,,,Smooth Ashlar White Wall,white_light_stone_wall,,,wall,white_light_stone,,,
FALSE,westeros_flowers_tab,FALSE,,,White Lily-of-the-valley,white_lilyofthevalley,,,plant,,,,
FALSE,westeros_flowers_tab,FALSE,,,White Peony,white_peony,,,plant,,,,
TRUE,westeros_marble_plaster_tab,FALSE,,,White Plaster Smooth,white_plaster,,,solid,white_plaster,,,
TRUE,westeros_marble_plaster_tab,FALSE,,,White Plaster Smooth Fence,white_plaster_fence,,,fence,white_plaster,,,
TRUE,westeros_marble_plaster_tab,FALSE,,,White Plaster Smooth Hopper,white_plaster_hopper,,,cuboid,white_plaster,,,
TRUE,westeros_marble_plaster_tab,FALSE,,,White Plaster Rough,white_plaster_rough,,,solid,white_plaster_rough,,,
TRUE,westeros_marble_plaster_tab,FALSE,,,White Plaster Rough Fence,white_plaster_rough_fence,,,fence,white_plaster_rough,,,
TRUE,westeros_marble_plaster_tab,FALSE,,,White Plaster Rough Hopper,white_plaster_rough_hopper,,,cuboid,white_plaster_rough,,,
TRUE,westeros_marble_plaster_tab,FALSE,,,White Plaster Rough Slab,white_plaster_rough_slab,,,slab,white_plaster_rough,,,
TRUE,westeros_marble_plaster_tab,FALSE,,,White Plaster Rough Stairs,white_plaster_rough_stairs,,,stair,white_plaster_rough,,,
TRUE,westeros_marble_plaster_tab,FALSE,,,White Plaster Rough Tip,white_plaster_rough_tip,,,cuboid,white_plaster_rough,,,
TRUE,westeros_marble_plaster_tab,FALSE,,,White Plaster Rough Wall,white_plaster_rough_wall,,,wall,white_plaster_rough,,,
TRUE,westeros_marble_plaster_tab,FALSE,,,White Plaster Smooth Slab,white_plaster_slab,,,slab,white_plaster,,,
TRUE,westeros_marble_plaster_tab,FALSE,,,White Plaster Smooth Stairs,white_plaster_stairs,,,stair,white_plaster,,,
TRUE,westeros_marble_plaster_tab,FALSE,,,White Plaster Smooth Tip,white_plaster_tip,,,cuboid,white_plaster,,,
TRUE,westeros_marble_plaster_tab,FALSE,,,White Plaster Smooth Wall,white_plaster_wall,,,wall,white_plaster,,,
FALSE,westeros_foliage_tab,FALSE,,,White Rose Bush,white_rose_bush,,,leaves,,,,
FALSE,westeros_flowers_tab,FALSE,,,White Roses,white_roses,,,plant,,,,
TRUE,westeros_marble_plaster_tab,FALSE,,,White Marble,white_stained_clay,,,solid,white_stained_clay,,,
TRUE,westeros_marble_plaster_tab,FALSE,,,White Marble Fence,white_stained_clay_fence,,,fence,white_stained_clay,,,
TRUE,westeros_marble_plaster_tab,FALSE,,,White Marble Hopper,white_stained_clay_hopper,,,cuboid,white_stained_clay,,,
TRUE,westeros_marble_plaster_tab,FALSE,,,White Marble Slab,white_stained_clay_slab,,,slab,white_stained_clay,,,
TRUE,westeros_marble_plaster_tab,FALSE,,,White Marble Stairs,white_stained_clay_stairs,,,stair,white_stained_clay,,,
TRUE,westeros_marble_plaster_tab,FALSE,,,White Marble Tip,white_stained_clay_tip,,,cuboid,white_stained_clay,,,
TRUE,westeros_marble_plaster_tab,FALSE,,,White Marble Wall,white_stained_clay_wall,,,wall,white_stained_clay,,,
TRUE,westeros_wood_planks_tab,FALSE,Wood Update,Complete,White Wood,white_wood,Doku,,solid,white_wood,,,
TRUE,westeros_wood_planks_tab,FALSE,Wood Update,Complete,White Wood Carpet,white_wood_carpet,Doku,,cuboid,white_wood,,,
FALSE,westeros_wood_planks_tab,FALSE,Wood Update,Complete,White Wood Door,white_wood_door,Doku,,door,,,,
TRUE,westeros_wood_planks_tab,FALSE,Wood Update,Complete,White Wood Fence,white_wood_fence,Doku,,fence,white_wood,,,
TRUE,westeros_wood_planks_tab,FALSE,Wood Update,Complete,White Wood Vertical Planks Half_door,white_wood_half_door,Doku,,cuboid-nsew,white_wood_vertical_planks,,,
TRUE,westeros_wood_planks_tab,FALSE,Wood Update,Complete,White Wood Hopper,white_wood_hopper,Doku,,cuboid,white_wood,,,
TRUE,westeros_wood_planks_tab,FALSE,Wood Update,Complete,White Wood Slab,white_wood_slab,Doku,,slab,white_wood,,,
TRUE,westeros_wood_planks_tab,FALSE,Wood Update,Complete,White Wood Stairs,white_wood_stairs,Doku,,stair,white_wood,,,
TRUE,westeros_wood_planks_tab,FALSE,Wood Update,Complete,White Wood Tip,white_wood_tip,Doku,,cuboid,white_wood,,,
TRUE,westeros_wood_planks_tab,FALSE,Wood Update,Complete,White Wood Vertical Planks,white_wood_vertical_planks,Doku,,solid,white_wood_vertical_planks,,,
TRUE,westeros_wood_planks_tab,FALSE,Wood Update,Complete,White Wood Vertical Planks Carpet,white_wood_vertical_planks_carpet,Doku,,cuboid,white_wood_vertical_planks,,,
TRUE,westeros_wood_planks_tab,FALSE,Wood Update,Complete,White Wood Vertical Planks Fence,white_wood_vertical_planks_fence,Doku,,fence,white_wood_vertical_planks,,,
TRUE,westeros_wood_planks_tab,FALSE,Wood Update,Complete,White Wood Vertical Planks Hopper,white_wood_vertical_planks_hopper,Doku,,cuboid,white_wood_vertical_planks,,,
TRUE,westeros_wood_planks_tab,FALSE,Wood Update,Complete,White Wood Vertical Planks Slab,white_wood_vertical_planks_slab,Doku,,slab,white_wood_vertical_planks,,,
TRUE,westeros_wood_planks_tab,FALSE,Wood Update,Complete,White Wood Vertical Planks Stairs,white_wood_vertical_planks_stairs,Doku,,stair,white_wood_vertical_planks,,,
TRUE,westeros_wood_planks_tab,FALSE,Wood Update,Complete,White Wood Vertical Planks Tip,white_wood_vertical_planks_tip,Doku,,cuboid,white_wood_vertical_planks,,,
TRUE,westeros_wood_planks_tab,FALSE,Wood Update,Complete,White Wood Vertical Planks Wall,white_wood_vertical_planks_wall,Doku,,wall,white_wood_vertical_planks,,,
TRUE,westeros_wood_planks_tab,FALSE,Wood Update,Complete,White Wood Wall,white_wood_wall,Doku,,wall,white_wood,,,
FALSE,westeros_windows_glass_tab,FALSE,Wood Update,Complete,White Wood Window Shutters,white_wood_window_shutters,Doku,,halfdoor,,,,
TRUE,westeros_cloth_fibers_tab,FALSE,,,White Wool,white_wool,Doku,,solid,white_wool,,,
FALSE,westeros_banners_tab,FALSE,,,White Wool Banner,white_wool_banner,WesterosBlocks,,cuboid-nsew-stack,,,,
TRUE,westeros_cloth_fibers_tab,FALSE,,,White Wool Carpet,white_wool_carpet,Doku,,cuboid,white_wool,,,
TRUE,westeros_cloth_fibers_tab,FALSE,,,White Wool Fence,white_wool_fence,Doku,,fence,white_wool,,,
TRUE,westeros_cloth_fibers_tab,FALSE,,,White Wool Slab,white_wool_slab,Doku,,slab,white_wool,,,
TRUE,westeros_cloth_fibers_tab,FALSE,,,White Wool Stairs,white_wool_stairs,Doku,,stair,white_wool,,,
TRUE,westeros_cloth_fibers_tab,FALSE,,,White Wool Tip,white_wool_tip,Doku,,cuboid,white_wool,,,
TRUE,westeros_cloth_fibers_tab,FALSE,,,White Wool Wall,white_wool_wall,Doku,,wall,white_wool,,,
TRUE,westeros_wood_planks_tab,FALSE,Wood Update,Complete,White Wood Window_frame,whitewashed_timber_window_frame,Doku,,solid,white_wood,,,
TRUE,westeros_wood_planks_tab,FALSE,Wood Update,Complete,White Wood Window_frame_mullion,whitewashed_timber_window_frame_mullion,Doku,,solid,white_wood,,,
FALSE,westeros_decor_tab,FALSE,,,Wight Head,wight_head,,,cuboid-16way,,,,
FALSE,westeros_lighting_tab,FALSE,,,Wildfire,wildfire,,,fire,,,,
FALSE,westeros_sounds_tab,FALSE,,,Wildlings Hornblast,wildlings_hornblast,,,sound,,,,
FALSE,westeros_sounds_tab,FALSE,,,Windmill Large,windmill_large,,,sound,,,,
FALSE,westeros_sounds_tab,FALSE,,,Windmill Small,windmill_small,,,sound,,,,
FALSE,westeros_panelling_carvings_tab,FALSE,Wood Update,Ready For Work,Winterfell Carving,winterfell_carving,,,solid,,,,
TRUE,westeros_medium_ashlar_tab,FALSE,,,Medium Ashlar Dark Grey,winterfell_granite,,,solid,winterfell_granite,,,
TRUE,westeros_medium_ashlar_tab,FALSE,,,Medium Ashlar Dark Grey Arrow_slit,winterfell_granite_arrow_slit,,,solid,winterfell_granite,,,
TRUE,westeros_medium_ashlar_tab,FALSE,,,Medium Ashlar Dark Grey Arrow_slit_ornate,winterfell_granite_arrow_slit_ornate,,,solid,winterfell_granite,,,
TRUE,westeros_medium_ashlar_tab,FALSE,,,Medium Ashlar Dark Grey Arrow_slit_window,winterfell_granite_arrow_slit_window,,,solid,winterfell_granite,,,
TRUE,westeros_medium_ashlar_tab,FALSE,,,Medium Ashlar Dark Grey Fence,winterfell_granite_fence,,,fence,winterfell_granite,,,
TRUE,westeros_medium_ashlar_tab,FALSE,,,Medium Ashlar Dark Grey Hopper,winterfell_granite_hopper,,,cuboid,winterfell_granite,,,
TRUE,westeros_polished_stone_tab,FALSE,,,Polished Stone Dark Grey,winterfell_granite_polished,Doku,,solid,winterfell_granite_polished,,,
TRUE,westeros_polished_stone_tab,FALSE,,,Polished Stone Dark Grey Slab,winterfell_granite_polished_slab,Doku,,slab,winterfell_granite_polished,,,
TRUE,westeros_polished_stone_tab,FALSE,,,Polished Stone Dark Grey Stairs,winterfell_granite_polished_stairs,Doku,,stair,winterfell_granite_polished,,,
TRUE,westeros_polished_stone_tab,FALSE,,,Polished Stone Dark Grey Wall,winterfell_granite_polished_wall,Doku,,wall,winterfell_granite_polished,,,
TRUE,westeros_medium_ashlar_tab,FALSE,,,Medium Ashlar Dark Grey Slab,winterfell_granite_slab,,,slab,winterfell_granite,,,
TRUE,westeros_medium_ashlar_tab,FALSE,,,Medium Ashlar Dark Grey Stairs,winterfell_granite_stairs,,,stair,winterfell_granite,,,
TRUE,westeros_medium_ashlar_tab,FALSE,,,Medium Ashlar Dark Grey Tip,winterfell_granite_tip,,,cuboid,winterfell_granite,,,
TRUE,westeros_medium_ashlar_tab,FALSE,,,Medium Ashlar Dark Grey Wall,winterfell_granite_wall,,,wall,winterfell_granite,,,
FALSE,westeros_misc_tab,FALSE,,,Winterfell Stone Ladder,winterfell_stone_ladder,,,ladder,,,,
FALSE,westeros_utility_tab,FALSE,,,WIP' Utility Block,wip_utility_block,,,solid,,,,
FALSE,westeros_wood_planks_tab,FALSE,Wood Update,Ready For Work,Wood Ladder,wood_ladder,Doku,,ladder,,,,
FALSE,westeros_decor_tab,FALSE,Wood Update,Ready For Work,Wooden Plate,wooden_plate,Doku,,cuboid,,,,
FALSE,westeros_banners_tab,FALSE,,,Woodwright Banner,woodwright_banner,WesterosBlocks,,cuboid-nsew-stack,,,,
FALSE,westeros_utility_tab,FALSE,,,Workshop' Utility Block,workshop_utility_block,,,solid,,,,
FALSE,westeros_banners_tab,FALSE,,,Wull Banner,wull_banner,WesterosBlocks,,cuboid-nsew-stack,,,,
FALSE,westeros_banners_tab,FALSE,,,Wyl Banner,wyl_banner,WesterosBlocks,,cuboid-nsew-stack,,,,
FALSE,westeros_banners_tab,FALSE,,,Wylde Banner,wylde_banner,WesterosBlocks,,cuboid-nsew-stack,,,,
FALSE,westeros_banners_tab,FALSE,,,Wynch Banner,wynch_banner,WesterosBlocks,,cuboid-nsew-stack,,,,
FALSE,westeros_utility_tab,FALSE,,,Yard' Utility Block,yard_utility_block,,,solid,,,,
FALSE,westeros_banners_tab,FALSE,,,Embroidered Yellow Banner,yellow_banner,WesterosBlocks,,cuboid-nsew-stack,,,,
FALSE,westeros_flowers_tab,FALSE,,,Yellow Bedstraw,yellow_bedstraw,,,plant,,,,
FALSE,westeros_flowers_tab,FALSE,,,Yellow Bells,yellow_bells,,,plant,,,,
FALSE,westeros_flowers_tab,FALSE,,,Yellow Buttercups,yellow_buttercups,,,plant,,,,
FALSE,westeros_flowers_tab,FALSE,,,Yellow Daffodils,yellow_daffodils,,,plant,,,,
FALSE,westeros_flowers_tab,FALSE,,,Yellow Daisies,yellow_daisies,,,plant,,,,
FALSE,westeros_flowers_tab,FALSE,,,Yellow Dandelions,yellow_dandelions,,,plant,,,,
FALSE,westeros_flowers_tab,FALSE,,,Yellow Hellebore,yellow_hellebore,,,plant,,,,
FALSE,westeros_flowers_tab,FALSE,,,Yellow Lupine,yellow_lupine,,,plant,,,,
FALSE,westeros_foliage_tab,FALSE,,,Yellow Rose Bush,yellow_rose_bush,,,leaves,,,,
FALSE,westeros_flowers_tab,FALSE,,,Yellow Roses,yellow_roses,,,plant,,,,
FALSE,westeros_flowers_tab,FALSE,,,Yellow Rudbeckia,yellow_rudbeckia,,,plant,,,,
FALSE,westeros_sand_gravel_tab,FALSE,,,Yellow Stained Clay,yellow_stained_clay,,,solid,,,,
FALSE,westeros_flowers_tab,FALSE,,,Yellow Sunflower,yellow_sunflower,,,plant,,,,
FALSE,westeros_flowers_tab,FALSE,,,Yellow Tansy,yellow_tansy,,,plant,,,,
TRUE,westeros_wood_planks_tab,FALSE,Wood Update,Complete,Yellow Wood Window_frame,yellow_timber_window_frame,Doku,,solid,yellow_wood,,,
TRUE,westeros_wood_planks_tab,FALSE,Wood Update,Complete,Yellow Wood Window_frame_mullion,yellow_timber_window_frame_mullion,Doku,,solid,yellow_wood,,,
FALSE,westeros_flowers_tab,FALSE,,,Yellow Wildflowers,yellow_wildflowers,,,plant,,,,
TRUE,westeros_wood_planks_tab,FALSE,Wood Update,Complete,Yellow Wood,yellow_wood,Doku,,solid,yellow_wood,,,
TRUE,westeros_wood_planks_tab,FALSE,Wood Update,Complete,Yellow Wood Carpet,yellow_wood_carpet,Doku,,cuboid,yellow_wood,,,
TRUE,westeros_wood_planks_tab,FALSE,Wood Update,Complete,Yellow Wood Fence,yellow_wood_fence,Doku,,fence,yellow_wood,,,
TRUE,westeros_wood_planks_tab,FALSE,Wood Update,Complete,Yellow Wood Vertical Planks Half_door,yellow_wood_half_door,Doku,,cuboid-nsew,yellow_wood_vertical_planks,,,
TRUE,westeros_wood_planks_tab,FALSE,Wood Update,Complete,Yellow Wood Hopper,yellow_wood_hopper,Doku,,cuboid,yellow_wood,,,
TRUE,westeros_wood_planks_tab,FALSE,Wood Update,Complete,Yellow Wood Slab,yellow_wood_slab,Doku,,slab,yellow_wood,,,
TRUE,westeros_wood_planks_tab,FALSE,Wood Update,Complete,Yellow Wood Stairs,yellow_wood_stairs,Doku,,stair,yellow_wood,,,
TRUE,westeros_wood_planks_tab,FALSE,Wood Update,Complete,Yellow Wood Tip,yellow_wood_tip,Doku,,cuboid,yellow_wood,,,
TRUE,westeros_wood_planks_tab,FALSE,Wood Update,Complete,Yellow Wood Vertical Planks,yellow_wood_vertical_planks,Doku,,solid,yellow_wood_vertical_planks,,,
TRUE,westeros_wood_planks_tab,FALSE,Wood Update,Complete,Yellow Wood Vertical Planks Carpet,yellow_wood_vertical_planks_carpet,Doku,,cuboid,yellow_wood_vertical_planks,,,
TRUE,westeros_wood_planks_tab,FALSE,Wood Update,Complete,Yellow Wood Vertical Planks Fence,yellow_wood_vertical_planks_fence,Doku,,fence,yellow_wood_vertical_planks,,,
TRUE,westeros_wood_planks_tab,FALSE,Wood Update,Complete,Yellow Wood Vertical Planks Hopper,yellow_wood_vertical_planks_hopper,Doku,,cuboid,yellow_wood_vertical_planks,,,
TRUE,westeros_wood_planks_tab,FALSE,Wood Update,Complete,Yellow Wood Vertical Planks Slab,yellow_wood_vertical_planks_slab,Doku,,slab,yellow_wood_vertical_planks,,,
TRUE,westeros_wood_planks_tab,FALSE,Wood Update,Complete,Yellow Wood Vertical Planks Stairs,yellow_wood_vertical_planks_stairs,Doku,,stair,yellow_wood_vertical_planks,,,
TRUE,westeros_wood_planks_tab,FALSE,Wood Update,Complete,Yellow Wood Vertical Planks Tip,yellow_wood_vertical_planks_tip,Doku,,cuboid,yellow_wood_vertical_planks,,,
TRUE,westeros_wood_planks_tab,FALSE,Wood Update,Complete,Yellow Wood Vertical Planks Wall,yellow_wood_vertical_planks_wall,Doku,,wall,yellow_wood_vertical_planks,,,
TRUE,westeros_wood_planks_tab,FALSE,Wood Update,Complete,Yellow Wood Wall,yellow_wood_wall,Doku,,wall,yellow_wood,,,
TRUE,westeros_cloth_fibers_tab,FALSE,,,Yellow Wool,yellow_wool,Doku,,solid,yellow_wool,,,
FALSE,westeros_banners_tab,FALSE,,,Yellow Wool Banner,yellow_wool_banner,WesterosBlocks,,cuboid-nsew-stack,,,,
TRUE,westeros_cloth_fibers_tab,FALSE,,,Yellow Wool Carpet,yellow_wool_carpet,Doku,,cuboid,yellow_wool,,,
TRUE,westeros_cloth_fibers_tab,FALSE,,,Yellow Wool Fence,yellow_wool_fence,Doku,,fence,yellow_wool,,,
TRUE,westeros_cloth_fibers_tab,FALSE,,,Yellow Wool Slab,yellow_wool_slab,Doku,,slab,yellow_wool,,,
TRUE,westeros_cloth_fibers_tab,FALSE,,,Yellow Wool Stairs,yellow_wool_stairs,Doku,,stair,yellow_wool,,,
TRUE,westeros_cloth_fibers_tab,FALSE,,,Yellow Wool Tip,yellow_wool_tip,Doku,,cuboid,yellow_wool,,,
TRUE,westeros_cloth_fibers_tab,FALSE,,,Yellow Wool Wall,yellow_wool_wall,Doku,,wall,yellow_wool,,,
TRUE,westeros_marble_plaster_tab,FALSE,,,Yellowish White Plaster Smooth,yellowish_white_plaster,,,solid,yellowish_white_plaster,,,
TRUE,westeros_marble_plaster_tab,FALSE,,,Yellowish White Plaster Smooth Fence,yellowish_white_plaster_fence,,,fence,yellowish_white_plaster,,,
TRUE,westeros_marble_plaster_tab,FALSE,,,Yellowish White Plaster Smooth Hopper,yellowish_white_plaster_hopper,,,cuboid,yellowish_white_plaster,,,
TRUE,westeros_marble_plaster_tab,FALSE,,,Yellowish White Plaster Rough,yellowish_white_plaster_rough,,,solid,yellowish_white_plaster_rough,,,
TRUE,westeros_marble_plaster_tab,FALSE,,,Yellowish White Plaster Rough Fence,yellowish_white_plaster_rough_fence,,,fence,yellowish_white_plaster_rough,,,
TRUE,westeros_marble_plaster_tab,FALSE,,,Yellowish White Plaster Rough Hopper,yellowish_white_plaster_rough_hopper,,,cuboid,yellowish_white_plaster_rough,,,
TRUE,westeros_marble_plaster_tab,FALSE,,,Yellowish White Plaster Rough Slab,yellowish_white_plaster_rough_slab,,,slab,yellowish_white_plaster_rough,,,
TRUE,westeros_marble_plaster_tab,FALSE,,,Yellowish White Plaster Rough Stairs,yellowish_white_plaster_rough_stairs,,,stair,yellowish_white_plaster_rough,,,
TRUE,westeros_marble_plaster_tab,FALSE,,,Yellowish White Plaster Rough Tip,yellowish_white_plaster_rough_tip,,,cuboid,yellowish_white_plaster_rough,,,
TRUE,westeros_marble_plaster_tab,FALSE,,,Yellowish White Plaster Rough Wall,yellowish_white_plaster_rough_wall,,,wall,yellowish_white_plaster_rough,,,
TRUE,westeros_marble_plaster_tab,FALSE,,,Yellowish White Plaster Smooth Slab,yellowish_white_plaster_slab,,,slab,yellowish_white_plaster,,,
TRUE,westeros_marble_plaster_tab,FALSE,,,Yellowish White Plaster Smooth Stairs,yellowish_white_plaster_stairs,,,stair,yellowish_white_plaster,,,
TRUE,westeros_marble_plaster_tab,FALSE,,,Yellowish White Plaster Smooth Tip,yellowish_white_plaster_tip,,,cuboid,yellowish_white_plaster,,,
TRUE,westeros_marble_plaster_tab,FALSE,,,Yellowish White Plaster Smooth Wall,yellowish_white_plaster_wall,,,wall,yellowish_white_plaster,,,
FALSE,westeros_banners_tab,FALSE,,,Yronwood Banner,yronwood_banner,WesterosBlocks,,cuboid-nsew-stack,,,,
FALSE,westeros_logs_tab,TRUE,Wood Update,In Progress,Large Oak Branch,large_oak_branch,WesterosBlocks,geeberry,branch,,,,
FALSE,westeros_logs_tab,TRUE,Wood Update,In Progress,Oak Branch,oak_branch,WesterosBlocks,geeberry,branch,,,,
FALSE,westeros_furniture_tab,TRUE,Wood Update,In Progress,Oak Table,oak_table,WesterosBlocks,geeberry,table,,,,
FALSE,westeros_furniture_tab,TRUE,Wood Update,In Progress,Oak Chair,oak_chair,,,,,,,
FALSE,westeros_logs_tab,TRUE,Wood Update,Ready For Work,Weirwood,weirwood,WesterosBlocks,,,,,,
FALSE,westeros_logs_tab,TRUE,Wood Update,Ready For Work,Weirwood Wall,weirwood_wall,WesterosBlocks,,,,,,
FALSE,westeros_logs_tab,TRUE,Wood Update,Ready For Work,Weirwood Fence,weirwood_fence,WesterosBlocks,,,,,,
FALSE,westeros_logs_tab,TRUE,Wood Update,Ready For Work,Weirwood Slab,weirwood_slab,WesterosBlocks,,,,,,
FALSE,westeros_logs_tab,TRUE,Wood Update,Ready For Work,Weirwood Stairs,weirwood_stairs,WesterosBlocks,,,,,,
FALSE,,TRUE,Weapon/Shield Update,In Progress,Longclaw,longclaw,WesterosBlocks,"SamM, Tobi",,,,,
FALSE,,TRUE,Weapon/Shield Update,Complete,Stark Kite Shield,stark_kite_shield,WesterosBlocks,"SamM, Tobi",,,,,
FALSE,,TRUE,Weapon/Shield Update,Complete,Tully Heater Shield,tully_heater_shield,WesterosBlocks,"SamM, Tobi",,,,,
FALSE,,TRUE,Weapon/Shield Update,Complete,Greyjoy Round Shield,greyjoy_round_shield,WesterosBlocks,"SamM, Tobi",,,,,
FALSE,,TRUE,Weapon/Shield Update,Complete,Tagaryen Heater Shield,targaryen_heater_shield,WesterosBlocks,"SamM, Tobi",,,,,
FALSE,,TRUE,Weapon/Shield Update,Complete,Blackfyre Heater Shield,blackfyre_heater_shield,WesterosBlocks,"SamM, Tobi",,,,,
FALSE,,TRUE,Weapon/Shield Update,Complete,Blackwood Heater Shield,blackwood_heater_shield,WesterosBlocks,"SamM, Tobi",,,,,
FALSE,,TRUE,Weapon/Shield Update,Complete,Bracken Heater Shield,bracken_heater_shield,WesterosBlocks,"SamM, Tobi",,,,,
FALSE,,TRUE,Weapon/Shield Update,Complete,Hedge Knight Heater Shield,hedge_knight_heater_shield,WesterosBlocks,"SamM, Tobi",,,,,
FALSE,,TRUE,Weapon/Shield Update,Complete,Laughing Tree Heater Shield,laughing_tree_heater_shield,WesterosBlocks,"SamM, Tobi",,,,,
FALSE,westeros_grasses_shrubs_tab,TRUE,1.21.1 Update,In Progress,Clover,clover,,,,,,,
FALSE,westeros_decor_tab,TRUE,1.21.1 Update,In Progress,Cascade Particle Block,cascade_particle_emitter,,,,,,,
FALSE,westeros_decor_tab,TRUE,1.21.1 Update,In Progress,Cosy Smoke Particle Emitter,cosy_smoke_particle_emitter,,,,,,,
FALSE,westeros_decor_tab,TRUE,1.21.1 Update,In Progress,Signal Smoke Particle Emitter,signal_smoke_particle_emitter,,,,,,,
FALSE,westeros_water_air_tab,TRUE,Ice & Snow Update,Ready For Work,Packed Ice,packed_ice,,,,,,,
FALSE,westeros_water_air_tab,TRUE,Ice & Snow Update,Ready For Work,Packed Blue Ice,packed_blue_ice,,,,,,,
FALSE,westeros_water_air_tab,TRUE,Ice & Snow Update,Complete,Light Ice,ice_light,,,,,,,
FALSE,westeros_water_air_tab,TRUE,Ice & Snow Update,Complete,Medium Light Ice,ice_medium_light,,,,,,,
FALSE,westeros_water_air_tab,TRUE,Ice & Snow Update,Complete,Blue Ice,ice_blue,,,,,,,
FALSE,westeros_water_air_tab,TRUE,Ice & Snow Update,Complete,Light Blue Ice,ice_blue_light,,,,,,,
FALSE,westeros_water_air_tab,TRUE,Ice & Snow Update,Complete,Dark Blue Ice,ice_blue_dark,,,,,,,
FALSE,westeros_water_air_tab,TRUE,Ice & Snow Update,Complete,Dark Blue Medium Ice,ice_blue_medium_dark,,,,,,,
FALSE,,FALSE,,,,,,,,,,,
FALSE,westeros_windows_glass_tab,TRUE,Wood Update,Complete,Simple Birch Window Shutters,birch_simple_window_shutters,,,halfdoor,,,,
FALSE,,FALSE,,,,,,,,,,,
FALSE,,FALSE,,,,,,,,,,,
FALSE,,FALSE,,,,,,,,,,,
FALSE,,FALSE,,,,,,,,,,,